ISO-10303-21;
HEADER;
FILE_DESCRIPTION(('Open CASCADE Model'),'2;1');
FILE_NAME('Open CASCADE Shape Model','2026-03-20T17:05:35',('Author'),(
    'Open CASCADE'),'Open CASCADE STEP processor 7.7','Open CASCADE 7.7'
  ,'Unknown');
FILE_SCHEMA(('AUTOMOTIVE_DESIGN { 1 0 10303 214 1 1 1 1 }'));
ENDSEC;
DATA;
#1 = APPLICATION_PROTOCOL_DEFINITION('international standard',
  'automotive_design',2000,#2);
#2 = APPLICATION_CONTEXT(
  'core data for automotive mechanical design processes');
#3 = SHAPE_DEFINITION_REPRESENTATION(#4,#10);
#4 = PRODUCT_DEFINITION_SHAPE('','',#5);
#5 = PRODUCT_DEFINITION('design','',#6,#9);
#6 = PRODUCT_DEFINITION_FORMATION('','',#7);
#7 = PRODUCT('L193-100-M12','L193-100-M12','',(#8));
#8 = PRODUCT_CONTEXT('',#2,'mechanical');
#9 = PRODUCT_DEFINITION_CONTEXT('part definition',#2,'design');
#10 = SHAPE_REPRESENTATION('',(#11,#15,#193,#12482),#12976);
#11 = AXIS2_PLACEMENT_3D('',#12,#13,#14);
#12 = CARTESIAN_POINT('',(0.,0.,0.));
#13 = DIRECTION('',(0.,0.,1.));
#14 = DIRECTION('',(1.,0.,-0.));
#15 = MANIFOLD_SOLID_BREP('',#16);
#16 = CLOSED_SHELL('',(#17,#134,#183,#188));
#17 = ADVANCED_FACE('',(#18),#33,.T.);
#18 = FACE_BOUND('',#19,.T.);
#19 = EDGE_LOOP('',(#20,#56,#84,#113));
#20 = ORIENTED_EDGE('',*,*,#21,.F.);
#21 = EDGE_CURVE('',#22,#24,#26,.T.);
#22 = VERTEX_POINT('',#23);
#23 = CARTESIAN_POINT('',(-36.5,-5.175009430385,6.337558734479E-16));
#24 = VERTEX_POINT('',#25);
#25 = CARTESIAN_POINT('',(-36.5,5.175009430385,0.));
#26 = SURFACE_CURVE('',#27,(#32,#44),.PCURVE_S1.);
#27 = CIRCLE('',#28,5.175009430385);
#28 = AXIS2_PLACEMENT_3D('',#29,#30,#31);
#29 = CARTESIAN_POINT('',(-36.5,1.215694211965E-14,0.));
#30 = DIRECTION('',(-1.,3.330669073875E-16,0.));
#31 = DIRECTION('',(-3.330669073875E-16,-1.,0.));
#32 = PCURVE('',#33,#38);
#33 = CYLINDRICAL_SURFACE('',#34,5.175009430385);
#34 = AXIS2_PLACEMENT_3D('',#35,#36,#37);
#35 = CARTESIAN_POINT('',(-36.5,1.215694211965E-14,0.));
#36 = DIRECTION('',(1.,-3.330669073875E-16,0.));
#37 = DIRECTION('',(3.330669073875E-16,1.,0.));
#38 = DEFINITIONAL_REPRESENTATION('',(#39),#43);
#39 = LINE('',#40,#41);
#40 = CARTESIAN_POINT('',(3.14159265359,0.));
#41 = VECTOR('',#42,1.);
#42 = DIRECTION('',(-1.,0.));
#43 = ( GEOMETRIC_REPRESENTATION_CONTEXT(2) 
PARAMETRIC_REPRESENTATION_CONTEXT() REPRESENTATION_CONTEXT('2D SPACE',''
  ) );
#44 = PCURVE('',#45,#50);
#45 = PLANE('',#46);
#46 = AXIS2_PLACEMENT_3D('',#47,#48,#49);
#47 = CARTESIAN_POINT('',(-36.5,1.215694211965E-14,0.));
#48 = DIRECTION('',(-1.,3.330669073875E-16,0.));
#49 = DIRECTION('',(-3.330669073875E-16,-1.,0.));
#50 = DEFINITIONAL_REPRESENTATION('',(#51),#55);
#51 = CIRCLE('',#52,5.175009430385);
#52 = AXIS2_PLACEMENT_2D('',#53,#54);
#53 = CARTESIAN_POINT('',(0.,0.));
#54 = DIRECTION('',(1.,0.));
#55 = ( GEOMETRIC_REPRESENTATION_CONTEXT(2) 
PARAMETRIC_REPRESENTATION_CONTEXT() REPRESENTATION_CONTEXT('2D SPACE',''
  ) );
#56 = ORIENTED_EDGE('',*,*,#57,.T.);
#57 = EDGE_CURVE('',#22,#58,#60,.T.);
#58 = VERTEX_POINT('',#59);
#59 = CARTESIAN_POINT('',(-36.2,-5.175009430385,6.337558734479E-16));
#60 = SURFACE_CURVE('',#61,(#65,#72),.PCURVE_S1.);
#61 = LINE('',#62,#63);
#62 = CARTESIAN_POINT('',(-36.5,-5.175009430385,6.337558734479E-16));
#63 = VECTOR('',#64,1.);
#64 = DIRECTION('',(1.,-3.330669073875E-16,0.));
#65 = PCURVE('',#33,#66);
#66 = DEFINITIONAL_REPRESENTATION('',(#67),#71);
#67 = LINE('',#68,#69);
#68 = CARTESIAN_POINT('',(3.14159265359,1.094764425254E-47));
#69 = VECTOR('',#70,1.);
#70 = DIRECTION('',(0.,1.));
#71 = ( GEOMETRIC_REPRESENTATION_CONTEXT(2) 
PARAMETRIC_REPRESENTATION_CONTEXT() REPRESENTATION_CONTEXT('2D SPACE',''
  ) );
#72 = PCURVE('',#73,#78);
#73 = CYLINDRICAL_SURFACE('',#74,5.175009430385);
#74 = AXIS2_PLACEMENT_3D('',#75,#76,#77);
#75 = CARTESIAN_POINT('',(-36.5,1.215694211965E-14,0.));
#76 = DIRECTION('',(1.,-3.330669073875E-16,0.));
#77 = DIRECTION('',(3.330669073875E-16,1.,0.));
#78 = DEFINITIONAL_REPRESENTATION('',(#79),#83);
#79 = LINE('',#80,#81);
#80 = CARTESIAN_POINT('',(3.14159265359,1.094764425254E-47));
#81 = VECTOR('',#82,1.);
#82 = DIRECTION('',(0.,1.));
#83 = ( GEOMETRIC_REPRESENTATION_CONTEXT(2) 
PARAMETRIC_REPRESENTATION_CONTEXT() REPRESENTATION_CONTEXT('2D SPACE',''
  ) );
#84 = ORIENTED_EDGE('',*,*,#85,.T.);
#85 = EDGE_CURVE('',#58,#86,#88,.T.);
#86 = VERTEX_POINT('',#87);
#87 = CARTESIAN_POINT('',(-36.2,5.175009430385,0.));
#88 = SURFACE_CURVE('',#89,(#94,#101),.PCURVE_S1.);
#89 = CIRCLE('',#90,5.175009430385);
#90 = AXIS2_PLACEMENT_3D('',#91,#92,#93);
#91 = CARTESIAN_POINT('',(-36.2,1.205702204743E-14,0.));
#92 = DIRECTION('',(-1.,3.330669073875E-16,0.));
#93 = DIRECTION('',(-3.330669073875E-16,-1.,0.));
#94 = PCURVE('',#33,#95);
#95 = DEFINITIONAL_REPRESENTATION('',(#96),#100);
#96 = LINE('',#97,#98);
#97 = CARTESIAN_POINT('',(3.14159265359,0.3));
#98 = VECTOR('',#99,1.);
#99 = DIRECTION('',(-1.,0.));
#100 = ( GEOMETRIC_REPRESENTATION_CONTEXT(2) 
PARAMETRIC_REPRESENTATION_CONTEXT() REPRESENTATION_CONTEXT('2D SPACE',''
  ) );
#101 = PCURVE('',#102,#107);
#102 = PLANE('',#103);
#103 = AXIS2_PLACEMENT_3D('',#104,#105,#106);
#104 = CARTESIAN_POINT('',(-36.2,1.205702204743E-14,0.));
#105 = DIRECTION('',(-1.,3.330669073875E-16,0.));
#106 = DIRECTION('',(-3.330669073875E-16,-1.,0.));
#107 = DEFINITIONAL_REPRESENTATION('',(#108),#112);
#108 = CIRCLE('',#109,5.175009430385);
#109 = AXIS2_PLACEMENT_2D('',#110,#111);
#110 = CARTESIAN_POINT('',(0.,0.));
#111 = DIRECTION('',(1.,0.));
#112 = ( GEOMETRIC_REPRESENTATION_CONTEXT(2) 
PARAMETRIC_REPRESENTATION_CONTEXT() REPRESENTATION_CONTEXT('2D SPACE',''
  ) );
#113 = ORIENTED_EDGE('',*,*,#114,.F.);
#114 = EDGE_CURVE('',#24,#86,#115,.T.);
#115 = SURFACE_CURVE('',#116,(#120,#127),.PCURVE_S1.);
#116 = LINE('',#117,#118);
#117 = CARTESIAN_POINT('',(-36.5,5.175009430385,0.));
#118 = VECTOR('',#119,1.);
#119 = DIRECTION('',(1.,-3.330669073875E-16,0.));
#120 = PCURVE('',#33,#121);
#121 = DEFINITIONAL_REPRESENTATION('',(#122),#126);
#122 = LINE('',#123,#124);
#123 = CARTESIAN_POINT('',(0.,-1.094764425254E-47));
#124 = VECTOR('',#125,1.);
#125 = DIRECTION('',(0.,1.));
#126 = ( GEOMETRIC_REPRESENTATION_CONTEXT(2) 
PARAMETRIC_REPRESENTATION_CONTEXT() REPRESENTATION_CONTEXT('2D SPACE',''
  ) );
#127 = PCURVE('',#73,#128);
#128 = DEFINITIONAL_REPRESENTATION('',(#129),#133);
#129 = LINE('',#130,#131);
#130 = CARTESIAN_POINT('',(6.28318530718,-1.094764425254E-47));
#131 = VECTOR('',#132,1.);
#132 = DIRECTION('',(0.,1.));
#133 = ( GEOMETRIC_REPRESENTATION_CONTEXT(2) 
PARAMETRIC_REPRESENTATION_CONTEXT() REPRESENTATION_CONTEXT('2D SPACE',''
  ) );
#134 = ADVANCED_FACE('',(#135),#73,.T.);
#135 = FACE_BOUND('',#136,.T.);
#136 = EDGE_LOOP('',(#137,#138,#160,#161));
#137 = ORIENTED_EDGE('',*,*,#57,.F.);
#138 = ORIENTED_EDGE('',*,*,#139,.F.);
#139 = EDGE_CURVE('',#24,#22,#140,.T.);
#140 = SURFACE_CURVE('',#141,(#146,#153),.PCURVE_S1.);
#141 = CIRCLE('',#142,5.175009430385);
#142 = AXIS2_PLACEMENT_3D('',#143,#144,#145);
#143 = CARTESIAN_POINT('',(-36.5,1.215694211965E-14,0.));
#144 = DIRECTION('',(-1.,3.330669073875E-16,0.));
#145 = DIRECTION('',(-3.330669073875E-16,-1.,0.));
#146 = PCURVE('',#73,#147);
#147 = DEFINITIONAL_REPRESENTATION('',(#148),#152);
#148 = LINE('',#149,#150);
#149 = CARTESIAN_POINT('',(9.424777960769,0.));
#150 = VECTOR('',#151,1.);
#151 = DIRECTION('',(-1.,0.));
#152 = ( GEOMETRIC_REPRESENTATION_CONTEXT(2) 
PARAMETRIC_REPRESENTATION_CONTEXT() REPRESENTATION_CONTEXT('2D SPACE',''
  ) );
#153 = PCURVE('',#45,#154);
#154 = DEFINITIONAL_REPRESENTATION('',(#155),#159);
#155 = CIRCLE('',#156,5.175009430385);
#156 = AXIS2_PLACEMENT_2D('',#157,#158);
#157 = CARTESIAN_POINT('',(0.,0.));
#158 = DIRECTION('',(1.,0.));
#159 = ( GEOMETRIC_REPRESENTATION_CONTEXT(2) 
PARAMETRIC_REPRESENTATION_CONTEXT() REPRESENTATION_CONTEXT('2D SPACE',''
  ) );
#160 = ORIENTED_EDGE('',*,*,#114,.T.);
#161 = ORIENTED_EDGE('',*,*,#162,.T.);
#162 = EDGE_CURVE('',#86,#58,#163,.T.);
#163 = SURFACE_CURVE('',#164,(#169,#176),.PCURVE_S1.);
#164 = CIRCLE('',#165,5.175009430385);
#165 = AXIS2_PLACEMENT_3D('',#166,#167,#168);
#166 = CARTESIAN_POINT('',(-36.2,1.205702204743E-14,0.));
#167 = DIRECTION('',(-1.,3.330669073875E-16,0.));
#168 = DIRECTION('',(-3.330669073875E-16,-1.,0.));
#169 = PCURVE('',#73,#170);
#170 = DEFINITIONAL_REPRESENTATION('',(#171),#175);
#171 = LINE('',#172,#173);
#172 = CARTESIAN_POINT('',(9.424777960769,0.3));
#173 = VECTOR('',#174,1.);
#174 = DIRECTION('',(-1.,0.));
#175 = ( GEOMETRIC_REPRESENTATION_CONTEXT(2) 
PARAMETRIC_REPRESENTATION_CONTEXT() REPRESENTATION_CONTEXT('2D SPACE',''
  ) );
#176 = PCURVE('',#102,#177);
#177 = DEFINITIONAL_REPRESENTATION('',(#178),#182);
#178 = CIRCLE('',#179,5.175009430385);
#179 = AXIS2_PLACEMENT_2D('',#180,#181);
#180 = CARTESIAN_POINT('',(0.,0.));
#181 = DIRECTION('',(1.,0.));
#182 = ( GEOMETRIC_REPRESENTATION_CONTEXT(2) 
PARAMETRIC_REPRESENTATION_CONTEXT() REPRESENTATION_CONTEXT('2D SPACE',''
  ) );
#183 = ADVANCED_FACE('',(#184),#45,.T.);
#184 = FACE_BOUND('',#185,.T.);
#185 = EDGE_LOOP('',(#186,#187));
#186 = ORIENTED_EDGE('',*,*,#139,.T.);
#187 = ORIENTED_EDGE('',*,*,#21,.T.);
#188 = ADVANCED_FACE('',(#189),#102,.F.);
#189 = FACE_BOUND('',#190,.T.);
#190 = EDGE_LOOP('',(#191,#192));
#191 = ORIENTED_EDGE('',*,*,#162,.F.);
#192 = ORIENTED_EDGE('',*,*,#85,.F.);
#193 = MANIFOLD_SOLID_BREP('',#194);
#194 = CLOSED_SHELL('',(#195,#341,#453,#565,#651,#763,#845,#927,#1039,
    #1121,#1257,#1369,#2955,#3159,#3321,#3431,#3588,#3745,#3902,#4059,
    #4216,#4373,#4530,#4687,#4844,#5001,#5158,#5315,#5472,#5629,#5786,
    #5943,#6100,#6257,#6414,#6566,#6665,#6764,#6863,#6962,#7061,#7160,
    #7259,#7358,#7457,#7556,#7655,#7754,#7853,#7952,#8051,#8150,#8249,
    #8348,#8447,#8546,#8645,#9708,#9820,#9932,#10014,#10126,#10203,
    #10298,#10349,#10378,#10408,#10436,#10466,#10494,#10526,#10556,
    #10584,#10612,#10640,#10670,#10698,#10726,#10756,#10785,#10815,
    #10843,#11049,#11149,#11536,#11901,#12233,#12240,#12273,#12303,
    #12331,#12361,#12389,#12417,#12447,#12475));
#195 = ADVANCED_FACE('',(#196),#211,.F.);
#196 = FACE_BOUND('',#197,.F.);
#197 = EDGE_LOOP('',(#198,#234,#262,#291,#314));
#198 = ORIENTED_EDGE('',*,*,#199,.T.);
#199 = EDGE_CURVE('',#200,#202,#204,.T.);
#200 = VERTEX_POINT('',#201);
#201 = CARTESIAN_POINT('',(27.822108177691,-1.097500581256E-14,-13.95));
#202 = VERTEX_POINT('',#203);
#203 = CARTESIAN_POINT('',(27.822108177691,13.95,0.));
#204 = SURFACE_CURVE('',#205,(#210,#222),.PCURVE_S1.);
#205 = CIRCLE('',#206,13.95);
#206 = AXIS2_PLACEMENT_3D('',#207,#208,#209);
#207 = CARTESIAN_POINT('',(27.822108177691,-9.266623527745E-15,0.));
#208 = DIRECTION('',(1.,-3.330669073875E-16,0.));
#209 = DIRECTION('',(0.,0.,1.));
#210 = PCURVE('',#211,#216);
#211 = CYLINDRICAL_SURFACE('',#212,13.95);
#212 = AXIS2_PLACEMENT_3D('',#213,#214,#215);
#213 = CARTESIAN_POINT('',(33.5,-1.115774139748E-14,0.));
#214 = DIRECTION('',(1.,-3.330669073875E-16,0.));
#215 = DIRECTION('',(3.330669073875E-16,1.,0.));
#216 = DEFINITIONAL_REPRESENTATION('',(#217),#221);
#217 = LINE('',#218,#219);
#218 = CARTESIAN_POINT('',(1.570796326795,-5.677891822309));
#219 = VECTOR('',#220,1.);
#220 = DIRECTION('',(1.,0.));
#221 = ( GEOMETRIC_REPRESENTATION_CONTEXT(2) 
PARAMETRIC_REPRESENTATION_CONTEXT() REPRESENTATION_CONTEXT('2D SPACE',''
  ) );
#222 = PCURVE('',#223,#228);
#223 = CONICAL_SURFACE('',#224,13.95,0.319138078504);
#224 = AXIS2_PLACEMENT_3D('',#225,#226,#227);
#225 = CARTESIAN_POINT('',(27.822108177691,-9.266623527745E-15,0.));
#226 = DIRECTION('',(1.,-3.330669073875E-16,0.));
#227 = DIRECTION('',(0.,0.,1.));
#228 = DEFINITIONAL_REPRESENTATION('',(#229),#233);
#229 = LINE('',#230,#231);
#230 = CARTESIAN_POINT('',(0.,0.));
#231 = VECTOR('',#232,1.);
#232 = DIRECTION('',(1.,0.));
#233 = ( GEOMETRIC_REPRESENTATION_CONTEXT(2) 
PARAMETRIC_REPRESENTATION_CONTEXT() REPRESENTATION_CONTEXT('2D SPACE',''
  ) );
#234 = ORIENTED_EDGE('',*,*,#235,.T.);
#235 = EDGE_CURVE('',#202,#236,#238,.T.);
#236 = VERTEX_POINT('',#237);
#237 = CARTESIAN_POINT('',(34.5,13.95,0.));
#238 = SURFACE_CURVE('',#239,(#243,#250),.PCURVE_S1.);
#239 = LINE('',#240,#241);
#240 = CARTESIAN_POINT('',(33.5,13.95,0.));
#241 = VECTOR('',#242,1.);
#242 = DIRECTION('',(1.,-3.330669073875E-16,0.));
#243 = PCURVE('',#211,#244);
#244 = DEFINITIONAL_REPRESENTATION('',(#245),#249);
#245 = LINE('',#246,#247);
#246 = CARTESIAN_POINT('',(6.28318530718,0.));
#247 = VECTOR('',#248,1.);
#248 = DIRECTION('',(0.,1.));
#249 = ( GEOMETRIC_REPRESENTATION_CONTEXT(2) 
PARAMETRIC_REPRESENTATION_CONTEXT() REPRESENTATION_CONTEXT('2D SPACE',''
  ) );
#250 = PCURVE('',#251,#256);
#251 = CYLINDRICAL_SURFACE('',#252,13.95);
#252 = AXIS2_PLACEMENT_3D('',#253,#254,#255);
#253 = CARTESIAN_POINT('',(33.5,-1.115774139748E-14,0.));
#254 = DIRECTION('',(1.,-3.330669073875E-16,0.));
#255 = DIRECTION('',(3.330669073875E-16,1.,0.));
#256 = DEFINITIONAL_REPRESENTATION('',(#257),#261);
#257 = LINE('',#258,#259);
#258 = CARTESIAN_POINT('',(0.,0.));
#259 = VECTOR('',#260,1.);
#260 = DIRECTION('',(0.,1.));
#261 = ( GEOMETRIC_REPRESENTATION_CONTEXT(2) 
PARAMETRIC_REPRESENTATION_CONTEXT() REPRESENTATION_CONTEXT('2D SPACE',''
  ) );
#262 = ORIENTED_EDGE('',*,*,#263,.F.);
#263 = EDGE_CURVE('',#264,#236,#266,.T.);
#264 = VERTEX_POINT('',#265);
#265 = CARTESIAN_POINT('',(34.5,-13.95,1.708382284811E-15));
#266 = SURFACE_CURVE('',#267,(#272,#279),.PCURVE_S1.);
#267 = CIRCLE('',#268,13.95);
#268 = AXIS2_PLACEMENT_3D('',#269,#270,#271);
#269 = CARTESIAN_POINT('',(34.5,-1.149080830487E-14,0.));
#270 = DIRECTION('',(1.,-3.330669073875E-16,0.));
#271 = DIRECTION('',(3.330669073875E-16,1.,0.));
#272 = PCURVE('',#211,#273);
#273 = DEFINITIONAL_REPRESENTATION('',(#274),#278);
#274 = LINE('',#275,#276);
#275 = CARTESIAN_POINT('',(0.,1.));
#276 = VECTOR('',#277,1.);
#277 = DIRECTION('',(1.,0.));
#278 = ( GEOMETRIC_REPRESENTATION_CONTEXT(2) 
PARAMETRIC_REPRESENTATION_CONTEXT() REPRESENTATION_CONTEXT('2D SPACE',''
  ) );
#279 = PCURVE('',#280,#285);
#280 = PLANE('',#281);
#281 = AXIS2_PLACEMENT_3D('',#282,#283,#284);
#282 = CARTESIAN_POINT('',(34.5,-1.149080830487E-14,0.));
#283 = DIRECTION('',(1.,-3.330669073875E-16,0.));
#284 = DIRECTION('',(3.330669073875E-16,1.,0.));
#285 = DEFINITIONAL_REPRESENTATION('',(#286),#290);
#286 = CIRCLE('',#287,13.95);
#287 = AXIS2_PLACEMENT_2D('',#288,#289);
#288 = CARTESIAN_POINT('',(0.,0.));
#289 = DIRECTION('',(1.,0.));
#290 = ( GEOMETRIC_REPRESENTATION_CONTEXT(2) 
PARAMETRIC_REPRESENTATION_CONTEXT() REPRESENTATION_CONTEXT('2D SPACE',''
  ) );
#291 = ORIENTED_EDGE('',*,*,#292,.F.);
#292 = EDGE_CURVE('',#293,#264,#295,.T.);
#293 = VERTEX_POINT('',#294);
#294 = CARTESIAN_POINT('',(27.822108177691,-13.95,1.708382284811E-15));
#295 = SURFACE_CURVE('',#296,(#300,#307),.PCURVE_S1.);
#296 = LINE('',#297,#298);
#297 = CARTESIAN_POINT('',(33.5,-13.95,1.708382284811E-15));
#298 = VECTOR('',#299,1.);
#299 = DIRECTION('',(1.,-3.330669073875E-16,0.));
#300 = PCURVE('',#211,#301);
#301 = DEFINITIONAL_REPRESENTATION('',(#302),#306);
#302 = LINE('',#303,#304);
#303 = CARTESIAN_POINT('',(3.14159265359,0.));
#304 = VECTOR('',#305,1.);
#305 = DIRECTION('',(0.,1.));
#306 = ( GEOMETRIC_REPRESENTATION_CONTEXT(2) 
PARAMETRIC_REPRESENTATION_CONTEXT() REPRESENTATION_CONTEXT('2D SPACE',''
  ) );
#307 = PCURVE('',#251,#308);
#308 = DEFINITIONAL_REPRESENTATION('',(#309),#313);
#309 = LINE('',#310,#311);
#310 = CARTESIAN_POINT('',(3.14159265359,0.));
#311 = VECTOR('',#312,1.);
#312 = DIRECTION('',(0.,1.));
#313 = ( GEOMETRIC_REPRESENTATION_CONTEXT(2) 
PARAMETRIC_REPRESENTATION_CONTEXT() REPRESENTATION_CONTEXT('2D SPACE',''
  ) );
#314 = ORIENTED_EDGE('',*,*,#315,.T.);
#315 = EDGE_CURVE('',#293,#200,#316,.T.);
#316 = SURFACE_CURVE('',#317,(#322,#329),.PCURVE_S1.);
#317 = CIRCLE('',#318,13.95);
#318 = AXIS2_PLACEMENT_3D('',#319,#320,#321);
#319 = CARTESIAN_POINT('',(27.822108177691,-9.266623527745E-15,0.));
#320 = DIRECTION('',(1.,-3.330669073875E-16,0.));
#321 = DIRECTION('',(0.,0.,1.));
#322 = PCURVE('',#211,#323);
#323 = DEFINITIONAL_REPRESENTATION('',(#324),#328);
#324 = LINE('',#325,#326);
#325 = CARTESIAN_POINT('',(1.570796326795,-5.677891822309));
#326 = VECTOR('',#327,1.);
#327 = DIRECTION('',(1.,0.));
#328 = ( GEOMETRIC_REPRESENTATION_CONTEXT(2) 
PARAMETRIC_REPRESENTATION_CONTEXT() REPRESENTATION_CONTEXT('2D SPACE',''
  ) );
#329 = PCURVE('',#330,#335);
#330 = CONICAL_SURFACE('',#331,13.95,0.319138078504);
#331 = AXIS2_PLACEMENT_3D('',#332,#333,#334);
#332 = CARTESIAN_POINT('',(27.822108177691,-9.266623527745E-15,0.));
#333 = DIRECTION('',(1.,-3.330669073875E-16,0.));
#334 = DIRECTION('',(0.,0.,1.));
#335 = DEFINITIONAL_REPRESENTATION('',(#336),#340);
#336 = LINE('',#337,#338);
#337 = CARTESIAN_POINT('',(0.,0.));
#338 = VECTOR('',#339,1.);
#339 = DIRECTION('',(1.,0.));
#340 = ( GEOMETRIC_REPRESENTATION_CONTEXT(2) 
PARAMETRIC_REPRESENTATION_CONTEXT() REPRESENTATION_CONTEXT('2D SPACE',''
  ) );
#341 = ADVANCED_FACE('',(#342),#356,.F.);
#342 = FACE_BOUND('',#343,.F.);
#343 = EDGE_LOOP('',(#344,#379,#408,#431));
#344 = ORIENTED_EDGE('',*,*,#345,.T.);
#345 = EDGE_CURVE('',#346,#348,#350,.T.);
#346 = VERTEX_POINT('',#347);
#347 = CARTESIAN_POINT('',(34.5,14.55,0.));
#348 = VERTEX_POINT('',#349);
#349 = CARTESIAN_POINT('',(35.5,14.55,0.));
#350 = SURFACE_CURVE('',#351,(#355,#367),.PCURVE_S1.);
#351 = LINE('',#352,#353);
#352 = CARTESIAN_POINT('',(34.5,14.55,0.));
#353 = VECTOR('',#354,1.);
#354 = DIRECTION('',(1.,-3.330669073875E-16,0.));
#355 = PCURVE('',#356,#361);
#356 = CYLINDRICAL_SURFACE('',#357,14.55);
#357 = AXIS2_PLACEMENT_3D('',#358,#359,#360);
#358 = CARTESIAN_POINT('',(34.5,-1.149080830487E-14,0.));
#359 = DIRECTION('',(1.,-3.330669073875E-16,0.));
#360 = DIRECTION('',(3.330669073875E-16,1.,0.));
#361 = DEFINITIONAL_REPRESENTATION('',(#362),#366);
#362 = LINE('',#363,#364);
#363 = CARTESIAN_POINT('',(6.28318530718,0.));
#364 = VECTOR('',#365,1.);
#365 = DIRECTION('',(0.,1.));
#366 = ( GEOMETRIC_REPRESENTATION_CONTEXT(2) 
PARAMETRIC_REPRESENTATION_CONTEXT() REPRESENTATION_CONTEXT('2D SPACE',''
  ) );
#367 = PCURVE('',#368,#373);
#368 = CYLINDRICAL_SURFACE('',#369,14.55);
#369 = AXIS2_PLACEMENT_3D('',#370,#371,#372);
#370 = CARTESIAN_POINT('',(34.5,-1.149080830487E-14,0.));
#371 = DIRECTION('',(1.,-3.330669073875E-16,0.));
#372 = DIRECTION('',(3.330669073875E-16,1.,0.));
#373 = DEFINITIONAL_REPRESENTATION('',(#374),#378);
#374 = LINE('',#375,#376);
#375 = CARTESIAN_POINT('',(0.,0.));
#376 = VECTOR('',#377,1.);
#377 = DIRECTION('',(0.,1.));
#378 = ( GEOMETRIC_REPRESENTATION_CONTEXT(2) 
PARAMETRIC_REPRESENTATION_CONTEXT() REPRESENTATION_CONTEXT('2D SPACE',''
  ) );
#379 = ORIENTED_EDGE('',*,*,#380,.F.);
#380 = EDGE_CURVE('',#381,#348,#383,.T.);
#381 = VERTEX_POINT('',#382);
#382 = CARTESIAN_POINT('',(35.5,-14.55,1.781861092759E-15));
#383 = SURFACE_CURVE('',#384,(#389,#396),.PCURVE_S1.);
#384 = CIRCLE('',#385,14.55);
#385 = AXIS2_PLACEMENT_3D('',#386,#387,#388);
#386 = CARTESIAN_POINT('',(35.5,-1.182387521226E-14,0.));
#387 = DIRECTION('',(1.,-3.330669073875E-16,0.));
#388 = DIRECTION('',(3.330669073875E-16,1.,0.));
#389 = PCURVE('',#356,#390);
#390 = DEFINITIONAL_REPRESENTATION('',(#391),#395);
#391 = LINE('',#392,#393);
#392 = CARTESIAN_POINT('',(0.,1.));
#393 = VECTOR('',#394,1.);
#394 = DIRECTION('',(1.,0.));
#395 = ( GEOMETRIC_REPRESENTATION_CONTEXT(2) 
PARAMETRIC_REPRESENTATION_CONTEXT() REPRESENTATION_CONTEXT('2D SPACE',''
  ) );
#396 = PCURVE('',#397,#402);
#397 = PLANE('',#398);
#398 = AXIS2_PLACEMENT_3D('',#399,#400,#401);
#399 = CARTESIAN_POINT('',(35.5,-1.182387521226E-14,0.));
#400 = DIRECTION('',(1.,-3.330669073875E-16,0.));
#401 = DIRECTION('',(3.330669073875E-16,1.,0.));
#402 = DEFINITIONAL_REPRESENTATION('',(#403),#407);
#403 = CIRCLE('',#404,14.55);
#404 = AXIS2_PLACEMENT_2D('',#405,#406);
#405 = CARTESIAN_POINT('',(0.,0.));
#406 = DIRECTION('',(1.,0.));
#407 = ( GEOMETRIC_REPRESENTATION_CONTEXT(2) 
PARAMETRIC_REPRESENTATION_CONTEXT() REPRESENTATION_CONTEXT('2D SPACE',''
  ) );
#408 = ORIENTED_EDGE('',*,*,#409,.F.);
#409 = EDGE_CURVE('',#410,#381,#412,.T.);
#410 = VERTEX_POINT('',#411);
#411 = CARTESIAN_POINT('',(34.5,-14.55,1.781861092759E-15));
#412 = SURFACE_CURVE('',#413,(#417,#424),.PCURVE_S1.);
#413 = LINE('',#414,#415);
#414 = CARTESIAN_POINT('',(34.5,-14.55,1.781861092759E-15));
#415 = VECTOR('',#416,1.);
#416 = DIRECTION('',(1.,-3.330669073875E-16,0.));
#417 = PCURVE('',#356,#418);
#418 = DEFINITIONAL_REPRESENTATION('',(#419),#423);
#419 = LINE('',#420,#421);
#420 = CARTESIAN_POINT('',(3.14159265359,0.));
#421 = VECTOR('',#422,1.);
#422 = DIRECTION('',(0.,1.));
#423 = ( GEOMETRIC_REPRESENTATION_CONTEXT(2) 
PARAMETRIC_REPRESENTATION_CONTEXT() REPRESENTATION_CONTEXT('2D SPACE',''
  ) );
#424 = PCURVE('',#368,#425);
#425 = DEFINITIONAL_REPRESENTATION('',(#426),#430);
#426 = LINE('',#427,#428);
#427 = CARTESIAN_POINT('',(3.14159265359,0.));
#428 = VECTOR('',#429,1.);
#429 = DIRECTION('',(0.,1.));
#430 = ( GEOMETRIC_REPRESENTATION_CONTEXT(2) 
PARAMETRIC_REPRESENTATION_CONTEXT() REPRESENTATION_CONTEXT('2D SPACE',''
  ) );
#431 = ORIENTED_EDGE('',*,*,#432,.T.);
#432 = EDGE_CURVE('',#410,#346,#433,.T.);
#433 = SURFACE_CURVE('',#434,(#439,#446),.PCURVE_S1.);
#434 = CIRCLE('',#435,14.55);
#435 = AXIS2_PLACEMENT_3D('',#436,#437,#438);
#436 = CARTESIAN_POINT('',(34.5,-1.149080830487E-14,0.));
#437 = DIRECTION('',(1.,-3.330669073875E-16,0.));
#438 = DIRECTION('',(3.330669073875E-16,1.,0.));
#439 = PCURVE('',#356,#440);
#440 = DEFINITIONAL_REPRESENTATION('',(#441),#445);
#441 = LINE('',#442,#443);
#442 = CARTESIAN_POINT('',(0.,0.));
#443 = VECTOR('',#444,1.);
#444 = DIRECTION('',(1.,0.));
#445 = ( GEOMETRIC_REPRESENTATION_CONTEXT(2) 
PARAMETRIC_REPRESENTATION_CONTEXT() REPRESENTATION_CONTEXT('2D SPACE',''
  ) );
#446 = PCURVE('',#280,#447);
#447 = DEFINITIONAL_REPRESENTATION('',(#448),#452);
#448 = CIRCLE('',#449,14.55);
#449 = AXIS2_PLACEMENT_2D('',#450,#451);
#450 = CARTESIAN_POINT('',(0.,0.));
#451 = DIRECTION('',(1.,0.));
#452 = ( GEOMETRIC_REPRESENTATION_CONTEXT(2) 
PARAMETRIC_REPRESENTATION_CONTEXT() REPRESENTATION_CONTEXT('2D SPACE',''
  ) );
#453 = ADVANCED_FACE('',(#454),#468,.F.);
#454 = FACE_BOUND('',#455,.F.);
#455 = EDGE_LOOP('',(#456,#491,#520,#543));
#456 = ORIENTED_EDGE('',*,*,#457,.T.);
#457 = EDGE_CURVE('',#458,#460,#462,.T.);
#458 = VERTEX_POINT('',#459);
#459 = CARTESIAN_POINT('',(35.5,15.15,0.));
#460 = VERTEX_POINT('',#461);
#461 = CARTESIAN_POINT('',(36.25,15.15,0.));
#462 = SURFACE_CURVE('',#463,(#467,#479),.PCURVE_S1.);
#463 = LINE('',#464,#465);
#464 = CARTESIAN_POINT('',(35.5,15.15,0.));
#465 = VECTOR('',#466,1.);
#466 = DIRECTION('',(1.,-3.330669073875E-16,0.));
#467 = PCURVE('',#468,#473);
#468 = CYLINDRICAL_SURFACE('',#469,15.15);
#469 = AXIS2_PLACEMENT_3D('',#470,#471,#472);
#470 = CARTESIAN_POINT('',(35.5,-1.182387521226E-14,0.));
#471 = DIRECTION('',(1.,-3.330669073875E-16,0.));
#472 = DIRECTION('',(3.330669073875E-16,1.,0.));
#473 = DEFINITIONAL_REPRESENTATION('',(#474),#478);
#474 = LINE('',#475,#476);
#475 = CARTESIAN_POINT('',(6.28318530718,0.));
#476 = VECTOR('',#477,1.);
#477 = DIRECTION('',(0.,1.));
#478 = ( GEOMETRIC_REPRESENTATION_CONTEXT(2) 
PARAMETRIC_REPRESENTATION_CONTEXT() REPRESENTATION_CONTEXT('2D SPACE',''
  ) );
#479 = PCURVE('',#480,#485);
#480 = CYLINDRICAL_SURFACE('',#481,15.15);
#481 = AXIS2_PLACEMENT_3D('',#482,#483,#484);
#482 = CARTESIAN_POINT('',(35.5,-1.182387521226E-14,0.));
#483 = DIRECTION('',(1.,-3.330669073875E-16,0.));
#484 = DIRECTION('',(3.330669073875E-16,1.,0.));
#485 = DEFINITIONAL_REPRESENTATION('',(#486),#490);
#486 = LINE('',#487,#488);
#487 = CARTESIAN_POINT('',(0.,0.));
#488 = VECTOR('',#489,1.);
#489 = DIRECTION('',(0.,1.));
#490 = ( GEOMETRIC_REPRESENTATION_CONTEXT(2) 
PARAMETRIC_REPRESENTATION_CONTEXT() REPRESENTATION_CONTEXT('2D SPACE',''
  ) );
#491 = ORIENTED_EDGE('',*,*,#492,.F.);
#492 = EDGE_CURVE('',#493,#460,#495,.T.);
#493 = VERTEX_POINT('',#494);
#494 = CARTESIAN_POINT('',(36.25,-15.15,1.870647985698E-15));
#495 = SURFACE_CURVE('',#496,(#501,#508),.PCURVE_S1.);
#496 = CIRCLE('',#497,15.15);
#497 = AXIS2_PLACEMENT_3D('',#498,#499,#500);
#498 = CARTESIAN_POINT('',(36.25,-1.20736753928E-14,0.));
#499 = DIRECTION('',(1.,-3.330669073875E-16,0.));
#500 = DIRECTION('',(3.330669073875E-16,1.,0.));
#501 = PCURVE('',#468,#502);
#502 = DEFINITIONAL_REPRESENTATION('',(#503),#507);
#503 = LINE('',#504,#505);
#504 = CARTESIAN_POINT('',(0.,0.75));
#505 = VECTOR('',#506,1.);
#506 = DIRECTION('',(1.,0.));
#507 = ( GEOMETRIC_REPRESENTATION_CONTEXT(2) 
PARAMETRIC_REPRESENTATION_CONTEXT() REPRESENTATION_CONTEXT('2D SPACE',''
  ) );
#508 = PCURVE('',#509,#514);
#509 = CONICAL_SURFACE('',#510,15.15,0.785398163397);
#510 = AXIS2_PLACEMENT_3D('',#511,#512,#513);
#511 = CARTESIAN_POINT('',(36.25,-1.20736753928E-14,0.));
#512 = DIRECTION('',(1.,-3.330669073875E-16,0.));
#513 = DIRECTION('',(3.330669073875E-16,1.,0.));
#514 = DEFINITIONAL_REPRESENTATION('',(#515),#519);
#515 = LINE('',#516,#517);
#516 = CARTESIAN_POINT('',(0.,0.));
#517 = VECTOR('',#518,1.);
#518 = DIRECTION('',(1.,0.));
#519 = ( GEOMETRIC_REPRESENTATION_CONTEXT(2) 
PARAMETRIC_REPRESENTATION_CONTEXT() REPRESENTATION_CONTEXT('2D SPACE',''
  ) );
#520 = ORIENTED_EDGE('',*,*,#521,.F.);
#521 = EDGE_CURVE('',#522,#493,#524,.T.);
#522 = VERTEX_POINT('',#523);
#523 = CARTESIAN_POINT('',(35.5,-15.15,1.855339900708E-15));
#524 = SURFACE_CURVE('',#525,(#529,#536),.PCURVE_S1.);
#525 = LINE('',#526,#527);
#526 = CARTESIAN_POINT('',(35.5,-15.15,1.855339900708E-15));
#527 = VECTOR('',#528,1.);
#528 = DIRECTION('',(1.,-3.330669073875E-16,0.));
#529 = PCURVE('',#468,#530);
#530 = DEFINITIONAL_REPRESENTATION('',(#531),#535);
#531 = LINE('',#532,#533);
#532 = CARTESIAN_POINT('',(3.14159265359,0.));
#533 = VECTOR('',#534,1.);
#534 = DIRECTION('',(0.,1.));
#535 = ( GEOMETRIC_REPRESENTATION_CONTEXT(2) 
PARAMETRIC_REPRESENTATION_CONTEXT() REPRESENTATION_CONTEXT('2D SPACE',''
  ) );
#536 = PCURVE('',#480,#537);
#537 = DEFINITIONAL_REPRESENTATION('',(#538),#542);
#538 = LINE('',#539,#540);
#539 = CARTESIAN_POINT('',(3.14159265359,0.));
#540 = VECTOR('',#541,1.);
#541 = DIRECTION('',(0.,1.));
#542 = ( GEOMETRIC_REPRESENTATION_CONTEXT(2) 
PARAMETRIC_REPRESENTATION_CONTEXT() REPRESENTATION_CONTEXT('2D SPACE',''
  ) );
#543 = ORIENTED_EDGE('',*,*,#544,.T.);
#544 = EDGE_CURVE('',#522,#458,#545,.T.);
#545 = SURFACE_CURVE('',#546,(#551,#558),.PCURVE_S1.);
#546 = CIRCLE('',#547,15.15);
#547 = AXIS2_PLACEMENT_3D('',#548,#549,#550);
#548 = CARTESIAN_POINT('',(35.5,-1.182387521226E-14,0.));
#549 = DIRECTION('',(1.,-3.330669073875E-16,0.));
#550 = DIRECTION('',(3.330669073875E-16,1.,0.));
#551 = PCURVE('',#468,#552);
#552 = DEFINITIONAL_REPRESENTATION('',(#553),#557);
#553 = LINE('',#554,#555);
#554 = CARTESIAN_POINT('',(0.,0.));
#555 = VECTOR('',#556,1.);
#556 = DIRECTION('',(1.,0.));
#557 = ( GEOMETRIC_REPRESENTATION_CONTEXT(2) 
PARAMETRIC_REPRESENTATION_CONTEXT() REPRESENTATION_CONTEXT('2D SPACE',''
  ) );
#558 = PCURVE('',#397,#559);
#559 = DEFINITIONAL_REPRESENTATION('',(#560),#564);
#560 = CIRCLE('',#561,15.15);
#561 = AXIS2_PLACEMENT_2D('',#562,#563);
#562 = CARTESIAN_POINT('',(0.,0.));
#563 = DIRECTION('',(1.,0.));
#564 = ( GEOMETRIC_REPRESENTATION_CONTEXT(2) 
PARAMETRIC_REPRESENTATION_CONTEXT() REPRESENTATION_CONTEXT('2D SPACE',''
  ) );
#565 = ADVANCED_FACE('',(#566),#509,.F.);
#566 = FACE_BOUND('',#567,.F.);
#567 = EDGE_LOOP('',(#568,#596,#629,#650));
#568 = ORIENTED_EDGE('',*,*,#569,.T.);
#569 = EDGE_CURVE('',#460,#570,#572,.T.);
#570 = VERTEX_POINT('',#571);
#571 = CARTESIAN_POINT('',(36.5,15.4,0.));
#572 = SURFACE_CURVE('',#573,(#577,#584),.PCURVE_S1.);
#573 = LINE('',#574,#575);
#574 = CARTESIAN_POINT('',(36.25,15.15,0.));
#575 = VECTOR('',#576,1.);
#576 = DIRECTION('',(0.707106781187,0.707106781187,0.));
#577 = PCURVE('',#509,#578);
#578 = DEFINITIONAL_REPRESENTATION('',(#579),#583);
#579 = LINE('',#580,#581);
#580 = CARTESIAN_POINT('',(6.28318530718,0.));
#581 = VECTOR('',#582,1.);
#582 = DIRECTION('',(0.,1.));
#583 = ( GEOMETRIC_REPRESENTATION_CONTEXT(2) 
PARAMETRIC_REPRESENTATION_CONTEXT() REPRESENTATION_CONTEXT('2D SPACE',''
  ) );
#584 = PCURVE('',#585,#590);
#585 = CONICAL_SURFACE('',#586,15.15,0.785398163397);
#586 = AXIS2_PLACEMENT_3D('',#587,#588,#589);
#587 = CARTESIAN_POINT('',(36.25,-1.20736753928E-14,0.));
#588 = DIRECTION('',(1.,-3.330669073875E-16,0.));
#589 = DIRECTION('',(3.330669073875E-16,1.,0.));
#590 = DEFINITIONAL_REPRESENTATION('',(#591),#595);
#591 = LINE('',#592,#593);
#592 = CARTESIAN_POINT('',(0.,0.));
#593 = VECTOR('',#594,1.);
#594 = DIRECTION('',(0.,1.));
#595 = ( GEOMETRIC_REPRESENTATION_CONTEXT(2) 
PARAMETRIC_REPRESENTATION_CONTEXT() REPRESENTATION_CONTEXT('2D SPACE',''
  ) );
#596 = ORIENTED_EDGE('',*,*,#597,.T.);
#597 = EDGE_CURVE('',#570,#598,#600,.T.);
#598 = VERTEX_POINT('',#599);
#599 = CARTESIAN_POINT('',(36.5,-15.4,1.885956070687E-15));
#600 = SURFACE_CURVE('',#601,(#606,#613),.PCURVE_S1.);
#601 = CIRCLE('',#602,15.4);
#602 = AXIS2_PLACEMENT_3D('',#603,#604,#605);
#603 = CARTESIAN_POINT('',(36.5,-1.215694211965E-14,0.));
#604 = DIRECTION('',(-1.,3.330669073875E-16,-0.));
#605 = DIRECTION('',(3.330669073875E-16,1.,0.));
#606 = PCURVE('',#509,#607);
#607 = DEFINITIONAL_REPRESENTATION('',(#608),#612);
#608 = LINE('',#609,#610);
#609 = CARTESIAN_POINT('',(6.28318530718,0.25));
#610 = VECTOR('',#611,1.);
#611 = DIRECTION('',(-1.,0.));
#612 = ( GEOMETRIC_REPRESENTATION_CONTEXT(2) 
PARAMETRIC_REPRESENTATION_CONTEXT() REPRESENTATION_CONTEXT('2D SPACE',''
  ) );
#613 = PCURVE('',#614,#619);
#614 = PLANE('',#615);
#615 = AXIS2_PLACEMENT_3D('',#616,#617,#618);
#616 = CARTESIAN_POINT('',(36.5,-16.5,0.));
#617 = DIRECTION('',(1.,-3.330669073875E-16,0.));
#618 = DIRECTION('',(3.330669073875E-16,1.,0.));
#619 = DEFINITIONAL_REPRESENTATION('',(#620),#628);
#620 = ( BOUNDED_CURVE() B_SPLINE_CURVE(2,(#621,#622,#623,#624,#625,#626
,#627),.UNSPECIFIED.,.T.,.F.) B_SPLINE_CURVE_WITH_KNOTS((1,2,2,2,2,1),(
    -2.094395102393,0.,2.094395102393,4.188790204786,6.28318530718,
8.377580409573),.UNSPECIFIED.) CURVE() GEOMETRIC_REPRESENTATION_ITEM() 
RATIONAL_B_SPLINE_CURVE((1.,0.5,1.,0.5,1.,0.5,1.)) REPRESENTATION_ITEM(
  '') );
#621 = CARTESIAN_POINT('',(31.9,0.));
#622 = CARTESIAN_POINT('',(31.9,-26.67358243656));
#623 = CARTESIAN_POINT('',(8.8,-13.33679121828));
#624 = CARTESIAN_POINT('',(-14.3,-3.771912141374E-15));
#625 = CARTESIAN_POINT('',(8.8,13.33679121828));
#626 = CARTESIAN_POINT('',(31.9,26.673582436561));
#627 = CARTESIAN_POINT('',(31.9,0.));
#628 = ( GEOMETRIC_REPRESENTATION_CONTEXT(2) 
PARAMETRIC_REPRESENTATION_CONTEXT() REPRESENTATION_CONTEXT('2D SPACE',''
  ) );
#629 = ORIENTED_EDGE('',*,*,#630,.F.);
#630 = EDGE_CURVE('',#493,#598,#631,.T.);
#631 = SURFACE_CURVE('',#632,(#636,#643),.PCURVE_S1.);
#632 = LINE('',#633,#634);
#633 = CARTESIAN_POINT('',(36.25,-15.15,1.855339900708E-15));
#634 = VECTOR('',#635,1.);
#635 = DIRECTION('',(0.707106781187,-0.707106781187,8.659560562355E-17)
  );
#636 = PCURVE('',#509,#637);
#637 = DEFINITIONAL_REPRESENTATION('',(#638),#642);
#638 = LINE('',#639,#640);
#639 = CARTESIAN_POINT('',(3.14159265359,-9.373498641636E-34));
#640 = VECTOR('',#641,1.);
#641 = DIRECTION('',(0.,1.));
#642 = ( GEOMETRIC_REPRESENTATION_CONTEXT(2) 
PARAMETRIC_REPRESENTATION_CONTEXT() REPRESENTATION_CONTEXT('2D SPACE',''
  ) );
#643 = PCURVE('',#585,#644);
#644 = DEFINITIONAL_REPRESENTATION('',(#645),#649);
#645 = LINE('',#646,#647);
#646 = CARTESIAN_POINT('',(3.14159265359,-9.373498641636E-34));
#647 = VECTOR('',#648,1.);
#648 = DIRECTION('',(0.,1.));
#649 = ( GEOMETRIC_REPRESENTATION_CONTEXT(2) 
PARAMETRIC_REPRESENTATION_CONTEXT() REPRESENTATION_CONTEXT('2D SPACE',''
  ) );
#650 = ORIENTED_EDGE('',*,*,#492,.T.);
#651 = ADVANCED_FACE('',(#652),#667,.T.);
#652 = FACE_BOUND('',#653,.T.);
#653 = EDGE_LOOP('',(#654,#685,#713,#742));
#654 = ORIENTED_EDGE('',*,*,#655,.F.);
#655 = EDGE_CURVE('',#656,#658,#660,.T.);
#656 = VERTEX_POINT('',#657);
#657 = CARTESIAN_POINT('',(36.5,16.25,2.005359133604E-15));
#658 = VERTEX_POINT('',#659);
#659 = CARTESIAN_POINT('',(36.5,-16.25,0.));
#660 = SURFACE_CURVE('',#661,(#666,#678),.PCURVE_S1.);
#661 = CIRCLE('',#662,16.25);
#662 = AXIS2_PLACEMENT_3D('',#663,#664,#665);
#663 = CARTESIAN_POINT('',(36.5,-1.215694211965E-14,0.));
#664 = DIRECTION('',(1.,-3.330669073875E-16,0.));
#665 = DIRECTION('',(3.330669073875E-16,1.,0.));
#666 = PCURVE('',#667,#672);
#667 = CONICAL_SURFACE('',#668,16.5,0.785398163397);
#668 = AXIS2_PLACEMENT_3D('',#669,#670,#671);
#669 = CARTESIAN_POINT('',(36.25,-1.20736753928E-14,0.));
#670 = DIRECTION('',(-1.,3.330669073875E-16,-0.));
#671 = DIRECTION('',(-3.330669073875E-16,-1.,0.));
#672 = DEFINITIONAL_REPRESENTATION('',(#673),#677);
#673 = LINE('',#674,#675);
#674 = CARTESIAN_POINT('',(3.14159265359,-0.25));
#675 = VECTOR('',#676,1.);
#676 = DIRECTION('',(-1.,0.));
#677 = ( GEOMETRIC_REPRESENTATION_CONTEXT(2) 
PARAMETRIC_REPRESENTATION_CONTEXT() REPRESENTATION_CONTEXT('2D SPACE',''
  ) );
#678 = PCURVE('',#614,#679);
#679 = DEFINITIONAL_REPRESENTATION('',(#680),#684);
#680 = CIRCLE('',#681,16.25);
#681 = AXIS2_PLACEMENT_2D('',#682,#683);
#682 = CARTESIAN_POINT('',(16.5,0.));
#683 = DIRECTION('',(1.,0.));
#684 = ( GEOMETRIC_REPRESENTATION_CONTEXT(2) 
PARAMETRIC_REPRESENTATION_CONTEXT() REPRESENTATION_CONTEXT('2D SPACE',''
  ) );
#685 = ORIENTED_EDGE('',*,*,#686,.T.);
#686 = EDGE_CURVE('',#656,#687,#689,.T.);
#687 = VERTEX_POINT('',#688);
#688 = CARTESIAN_POINT('',(36.25,16.5,2.020667218593E-15));
#689 = SURFACE_CURVE('',#690,(#694,#701),.PCURVE_S1.);
#690 = LINE('',#691,#692);
#691 = CARTESIAN_POINT('',(36.25,16.5,2.020667218593E-15));
#692 = VECTOR('',#693,1.);
#693 = DIRECTION('',(-0.707106781187,0.707106781187,8.659560562355E-17)
  );
#694 = PCURVE('',#667,#695);
#695 = DEFINITIONAL_REPRESENTATION('',(#696),#700);
#696 = LINE('',#697,#698);
#697 = CARTESIAN_POINT('',(3.14159265359,0.));
#698 = VECTOR('',#699,1.);
#699 = DIRECTION('',(0.,1.));
#700 = ( GEOMETRIC_REPRESENTATION_CONTEXT(2) 
PARAMETRIC_REPRESENTATION_CONTEXT() REPRESENTATION_CONTEXT('2D SPACE',''
  ) );
#701 = PCURVE('',#702,#707);
#702 = CONICAL_SURFACE('',#703,16.5,0.785398163397);
#703 = AXIS2_PLACEMENT_3D('',#704,#705,#706);
#704 = CARTESIAN_POINT('',(36.25,-1.20736753928E-14,0.));
#705 = DIRECTION('',(-1.,3.330669073875E-16,-0.));
#706 = DIRECTION('',(-3.330669073875E-16,-1.,0.));
#707 = DEFINITIONAL_REPRESENTATION('',(#708),#712);
#708 = LINE('',#709,#710);
#709 = CARTESIAN_POINT('',(3.14159265359,0.));
#710 = VECTOR('',#711,1.);
#711 = DIRECTION('',(0.,1.));
#712 = ( GEOMETRIC_REPRESENTATION_CONTEXT(2) 
PARAMETRIC_REPRESENTATION_CONTEXT() REPRESENTATION_CONTEXT('2D SPACE',''
  ) );
#713 = ORIENTED_EDGE('',*,*,#714,.F.);
#714 = EDGE_CURVE('',#715,#687,#717,.T.);
#715 = VERTEX_POINT('',#716);
#716 = CARTESIAN_POINT('',(36.25,-16.5,0.));
#717 = SURFACE_CURVE('',#718,(#723,#730),.PCURVE_S1.);
#718 = CIRCLE('',#719,16.5);
#719 = AXIS2_PLACEMENT_3D('',#720,#721,#722);
#720 = CARTESIAN_POINT('',(36.25,-1.20736753928E-14,0.));
#721 = DIRECTION('',(-1.,3.330669073875E-16,-0.));
#722 = DIRECTION('',(3.330669073875E-16,1.,0.));
#723 = PCURVE('',#667,#724);
#724 = DEFINITIONAL_REPRESENTATION('',(#725),#729);
#725 = LINE('',#726,#727);
#726 = CARTESIAN_POINT('',(-3.14159265359,0.));
#727 = VECTOR('',#728,1.);
#728 = DIRECTION('',(1.,0.));
#729 = ( GEOMETRIC_REPRESENTATION_CONTEXT(2) 
PARAMETRIC_REPRESENTATION_CONTEXT() REPRESENTATION_CONTEXT('2D SPACE',''
  ) );
#730 = PCURVE('',#731,#736);
#731 = CYLINDRICAL_SURFACE('',#732,16.5);
#732 = AXIS2_PLACEMENT_3D('',#733,#734,#735);
#733 = CARTESIAN_POINT('',(-36.5,1.215694211965E-14,0.));
#734 = DIRECTION('',(-1.,3.330669073875E-16,-0.));
#735 = DIRECTION('',(-3.330669073875E-16,-1.,0.));
#736 = DEFINITIONAL_REPRESENTATION('',(#737),#741);
#737 = LINE('',#738,#739);
#738 = CARTESIAN_POINT('',(-3.14159265359,-72.75));
#739 = VECTOR('',#740,1.);
#740 = DIRECTION('',(1.,0.));
#741 = ( GEOMETRIC_REPRESENTATION_CONTEXT(2) 
PARAMETRIC_REPRESENTATION_CONTEXT() REPRESENTATION_CONTEXT('2D SPACE',''
  ) );
#742 = ORIENTED_EDGE('',*,*,#743,.F.);
#743 = EDGE_CURVE('',#658,#715,#744,.T.);
#744 = SURFACE_CURVE('',#745,(#749,#756),.PCURVE_S1.);
#745 = LINE('',#746,#747);
#746 = CARTESIAN_POINT('',(36.25,-16.5,0.));
#747 = VECTOR('',#748,1.);
#748 = DIRECTION('',(-0.707106781187,-0.707106781187,0.));
#749 = PCURVE('',#667,#750);
#750 = DEFINITIONAL_REPRESENTATION('',(#751),#755);
#751 = LINE('',#752,#753);
#752 = CARTESIAN_POINT('',(0.,0.));
#753 = VECTOR('',#754,1.);
#754 = DIRECTION('',(0.,1.));
#755 = ( GEOMETRIC_REPRESENTATION_CONTEXT(2) 
PARAMETRIC_REPRESENTATION_CONTEXT() REPRESENTATION_CONTEXT('2D SPACE',''
  ) );
#756 = PCURVE('',#702,#757);
#757 = DEFINITIONAL_REPRESENTATION('',(#758),#762);
#758 = LINE('',#759,#760);
#759 = CARTESIAN_POINT('',(6.28318530718,0.));
#760 = VECTOR('',#761,1.);
#761 = DIRECTION('',(0.,1.));
#762 = ( GEOMETRIC_REPRESENTATION_CONTEXT(2) 
PARAMETRIC_REPRESENTATION_CONTEXT() REPRESENTATION_CONTEXT('2D SPACE',''
  ) );
#763 = ADVANCED_FACE('',(#764),#731,.T.);
#764 = FACE_BOUND('',#765,.T.);
#765 = EDGE_LOOP('',(#766,#767,#795,#824));
#766 = ORIENTED_EDGE('',*,*,#714,.T.);
#767 = ORIENTED_EDGE('',*,*,#768,.T.);
#768 = EDGE_CURVE('',#687,#769,#771,.T.);
#769 = VERTEX_POINT('',#770);
#770 = CARTESIAN_POINT('',(25.25,16.5,0.));
#771 = SURFACE_CURVE('',#772,(#776,#783),.PCURVE_S1.);
#772 = LINE('',#773,#774);
#773 = CARTESIAN_POINT('',(-36.5,16.5,2.020667218593E-15));
#774 = VECTOR('',#775,1.);
#775 = DIRECTION('',(-1.,3.330669073875E-16,-0.));
#776 = PCURVE('',#731,#777);
#777 = DEFINITIONAL_REPRESENTATION('',(#778),#782);
#778 = LINE('',#779,#780);
#779 = CARTESIAN_POINT('',(3.14159265359,0.));
#780 = VECTOR('',#781,1.);
#781 = DIRECTION('',(0.,1.));
#782 = ( GEOMETRIC_REPRESENTATION_CONTEXT(2) 
PARAMETRIC_REPRESENTATION_CONTEXT() REPRESENTATION_CONTEXT('2D SPACE',''
  ) );
#783 = PCURVE('',#784,#789);
#784 = CYLINDRICAL_SURFACE('',#785,16.5);
#785 = AXIS2_PLACEMENT_3D('',#786,#787,#788);
#786 = CARTESIAN_POINT('',(-36.5,1.215694211965E-14,0.));
#787 = DIRECTION('',(-1.,3.330669073875E-16,-0.));
#788 = DIRECTION('',(-3.330669073875E-16,-1.,0.));
#789 = DEFINITIONAL_REPRESENTATION('',(#790),#794);
#790 = LINE('',#791,#792);
#791 = CARTESIAN_POINT('',(3.14159265359,0.));
#792 = VECTOR('',#793,1.);
#793 = DIRECTION('',(0.,1.));
#794 = ( GEOMETRIC_REPRESENTATION_CONTEXT(2) 
PARAMETRIC_REPRESENTATION_CONTEXT() REPRESENTATION_CONTEXT('2D SPACE',''
  ) );
#795 = ORIENTED_EDGE('',*,*,#796,.T.);
#796 = EDGE_CURVE('',#769,#797,#799,.T.);
#797 = VERTEX_POINT('',#798);
#798 = CARTESIAN_POINT('',(25.25,-16.5,2.020667218593E-15));
#799 = SURFACE_CURVE('',#800,(#805,#812),.PCURVE_S1.);
#800 = CIRCLE('',#801,16.5);
#801 = AXIS2_PLACEMENT_3D('',#802,#803,#804);
#802 = CARTESIAN_POINT('',(25.25,-8.409939411536E-15,0.));
#803 = DIRECTION('',(1.,-3.330669073875E-16,0.));
#804 = DIRECTION('',(-3.330669073875E-16,-1.,0.));
#805 = PCURVE('',#731,#806);
#806 = DEFINITIONAL_REPRESENTATION('',(#807),#811);
#807 = LINE('',#808,#809);
#808 = CARTESIAN_POINT('',(6.28318530718,-61.75));
#809 = VECTOR('',#810,1.);
#810 = DIRECTION('',(-1.,0.));
#811 = ( GEOMETRIC_REPRESENTATION_CONTEXT(2) 
PARAMETRIC_REPRESENTATION_CONTEXT() REPRESENTATION_CONTEXT('2D SPACE',''
  ) );
#812 = PCURVE('',#813,#818);
#813 = CONICAL_SURFACE('',#814,16.25,0.785398163397);
#814 = AXIS2_PLACEMENT_3D('',#815,#816,#817);
#815 = CARTESIAN_POINT('',(25.,-8.326672684689E-15,0.));
#816 = DIRECTION('',(1.,-3.330669073875E-16,0.));
#817 = DIRECTION('',(3.330669073875E-16,1.,0.));
#818 = DEFINITIONAL_REPRESENTATION('',(#819),#823);
#819 = LINE('',#820,#821);
#820 = CARTESIAN_POINT('',(-3.14159265359,0.25));
#821 = VECTOR('',#822,1.);
#822 = DIRECTION('',(1.,0.));
#823 = ( GEOMETRIC_REPRESENTATION_CONTEXT(2) 
PARAMETRIC_REPRESENTATION_CONTEXT() REPRESENTATION_CONTEXT('2D SPACE',''
  ) );
#824 = ORIENTED_EDGE('',*,*,#825,.F.);
#825 = EDGE_CURVE('',#715,#797,#826,.T.);
#826 = SURFACE_CURVE('',#827,(#831,#838),.PCURVE_S1.);
#827 = LINE('',#828,#829);
#828 = CARTESIAN_POINT('',(-36.5,-16.5,0.));
#829 = VECTOR('',#830,1.);
#830 = DIRECTION('',(-1.,3.330669073875E-16,-0.));
#831 = PCURVE('',#731,#832);
#832 = DEFINITIONAL_REPRESENTATION('',(#833),#837);
#833 = LINE('',#834,#835);
#834 = CARTESIAN_POINT('',(0.,0.));
#835 = VECTOR('',#836,1.);
#836 = DIRECTION('',(0.,1.));
#837 = ( GEOMETRIC_REPRESENTATION_CONTEXT(2) 
PARAMETRIC_REPRESENTATION_CONTEXT() REPRESENTATION_CONTEXT('2D SPACE',''
  ) );
#838 = PCURVE('',#784,#839);
#839 = DEFINITIONAL_REPRESENTATION('',(#840),#844);
#840 = LINE('',#841,#842);
#841 = CARTESIAN_POINT('',(6.28318530718,0.));
#842 = VECTOR('',#843,1.);
#843 = DIRECTION('',(0.,1.));
#844 = ( GEOMETRIC_REPRESENTATION_CONTEXT(2) 
PARAMETRIC_REPRESENTATION_CONTEXT() REPRESENTATION_CONTEXT('2D SPACE',''
  ) );
#845 = ADVANCED_FACE('',(#846),#813,.T.);
#846 = FACE_BOUND('',#847,.T.);
#847 = EDGE_LOOP('',(#848,#879,#905,#906));
#848 = ORIENTED_EDGE('',*,*,#849,.F.);
#849 = EDGE_CURVE('',#850,#852,#854,.T.);
#850 = VERTEX_POINT('',#851);
#851 = CARTESIAN_POINT('',(25.,-16.25,2.005359133604E-15));
#852 = VERTEX_POINT('',#853);
#853 = CARTESIAN_POINT('',(25.,16.25,0.));
#854 = SURFACE_CURVE('',#855,(#860,#867),.PCURVE_S1.);
#855 = CIRCLE('',#856,16.25);
#856 = AXIS2_PLACEMENT_3D('',#857,#858,#859);
#857 = CARTESIAN_POINT('',(25.,-8.326672684689E-15,0.));
#858 = DIRECTION('',(-1.,3.330669073875E-16,0.));
#859 = DIRECTION('',(-3.330669073875E-16,-1.,0.));
#860 = PCURVE('',#813,#861);
#861 = DEFINITIONAL_REPRESENTATION('',(#862),#866);
#862 = LINE('',#863,#864);
#863 = CARTESIAN_POINT('',(3.14159265359,0.));
#864 = VECTOR('',#865,1.);
#865 = DIRECTION('',(-1.,0.));
#866 = ( GEOMETRIC_REPRESENTATION_CONTEXT(2) 
PARAMETRIC_REPRESENTATION_CONTEXT() REPRESENTATION_CONTEXT('2D SPACE',''
  ) );
#867 = PCURVE('',#868,#873);
#868 = PLANE('',#869);
#869 = AXIS2_PLACEMENT_3D('',#870,#871,#872);
#870 = CARTESIAN_POINT('',(25.,-14.8,0.));
#871 = DIRECTION('',(-1.,3.330669073875E-16,0.));
#872 = DIRECTION('',(-3.330669073875E-16,-1.,0.));
#873 = DEFINITIONAL_REPRESENTATION('',(#874),#878);
#874 = CIRCLE('',#875,16.25);
#875 = AXIS2_PLACEMENT_2D('',#876,#877);
#876 = CARTESIAN_POINT('',(-14.8,0.));
#877 = DIRECTION('',(1.,0.));
#878 = ( GEOMETRIC_REPRESENTATION_CONTEXT(2) 
PARAMETRIC_REPRESENTATION_CONTEXT() REPRESENTATION_CONTEXT('2D SPACE',''
  ) );
#879 = ORIENTED_EDGE('',*,*,#880,.T.);
#880 = EDGE_CURVE('',#850,#797,#881,.T.);
#881 = SURFACE_CURVE('',#882,(#886,#893),.PCURVE_S1.);
#882 = LINE('',#883,#884);
#883 = CARTESIAN_POINT('',(25.,-16.25,1.990051048614E-15));
#884 = VECTOR('',#885,1.);
#885 = DIRECTION('',(0.707106781187,-0.707106781187,8.659560562355E-17)
  );
#886 = PCURVE('',#813,#887);
#887 = DEFINITIONAL_REPRESENTATION('',(#888),#892);
#888 = LINE('',#889,#890);
#889 = CARTESIAN_POINT('',(3.14159265359,-9.373498641637E-34));
#890 = VECTOR('',#891,1.);
#891 = DIRECTION('',(0.,1.));
#892 = ( GEOMETRIC_REPRESENTATION_CONTEXT(2) 
PARAMETRIC_REPRESENTATION_CONTEXT() REPRESENTATION_CONTEXT('2D SPACE',''
  ) );
#893 = PCURVE('',#894,#899);
#894 = CONICAL_SURFACE('',#895,16.25,0.785398163397);
#895 = AXIS2_PLACEMENT_3D('',#896,#897,#898);
#896 = CARTESIAN_POINT('',(25.,-8.326672684689E-15,0.));
#897 = DIRECTION('',(1.,-3.330669073875E-16,0.));
#898 = DIRECTION('',(3.330669073875E-16,1.,0.));
#899 = DEFINITIONAL_REPRESENTATION('',(#900),#904);
#900 = LINE('',#901,#902);
#901 = CARTESIAN_POINT('',(3.14159265359,-9.373498641637E-34));
#902 = VECTOR('',#903,1.);
#903 = DIRECTION('',(0.,1.));
#904 = ( GEOMETRIC_REPRESENTATION_CONTEXT(2) 
PARAMETRIC_REPRESENTATION_CONTEXT() REPRESENTATION_CONTEXT('2D SPACE',''
  ) );
#905 = ORIENTED_EDGE('',*,*,#796,.F.);
#906 = ORIENTED_EDGE('',*,*,#907,.F.);
#907 = EDGE_CURVE('',#852,#769,#908,.T.);
#908 = SURFACE_CURVE('',#909,(#913,#920),.PCURVE_S1.);
#909 = LINE('',#910,#911);
#910 = CARTESIAN_POINT('',(25.,16.25,0.));
#911 = VECTOR('',#912,1.);
#912 = DIRECTION('',(0.707106781187,0.707106781187,0.));
#913 = PCURVE('',#813,#914);
#914 = DEFINITIONAL_REPRESENTATION('',(#915),#919);
#915 = LINE('',#916,#917);
#916 = CARTESIAN_POINT('',(0.,0.));
#917 = VECTOR('',#918,1.);
#918 = DIRECTION('',(0.,1.));
#919 = ( GEOMETRIC_REPRESENTATION_CONTEXT(2) 
PARAMETRIC_REPRESENTATION_CONTEXT() REPRESENTATION_CONTEXT('2D SPACE',''
  ) );
#920 = PCURVE('',#894,#921);
#921 = DEFINITIONAL_REPRESENTATION('',(#922),#926);
#922 = LINE('',#923,#924);
#923 = CARTESIAN_POINT('',(6.28318530718,0.));
#924 = VECTOR('',#925,1.);
#925 = DIRECTION('',(0.,1.));
#926 = ( GEOMETRIC_REPRESENTATION_CONTEXT(2) 
PARAMETRIC_REPRESENTATION_CONTEXT() REPRESENTATION_CONTEXT('2D SPACE',''
  ) );
#927 = ADVANCED_FACE('',(#928),#943,.T.);
#928 = FACE_BOUND('',#929,.T.);
#929 = EDGE_LOOP('',(#930,#961,#989,#1018));
#930 = ORIENTED_EDGE('',*,*,#931,.T.);
#931 = EDGE_CURVE('',#932,#934,#936,.T.);
#932 = VERTEX_POINT('',#933);
#933 = CARTESIAN_POINT('',(25.,-14.8,0.));
#934 = VERTEX_POINT('',#935);
#935 = CARTESIAN_POINT('',(25.,14.8,1.812477262738E-15));
#936 = SURFACE_CURVE('',#937,(#942,#954),.PCURVE_S1.);
#937 = CIRCLE('',#938,14.8);
#938 = AXIS2_PLACEMENT_3D('',#939,#940,#941);
#939 = CARTESIAN_POINT('',(25.,-8.326672684689E-15,0.));
#940 = DIRECTION('',(-1.,3.330669073875E-16,0.));
#941 = DIRECTION('',(-3.330669073875E-16,-1.,0.));
#942 = PCURVE('',#943,#948);
#943 = CYLINDRICAL_SURFACE('',#944,14.8);
#944 = AXIS2_PLACEMENT_3D('',#945,#946,#947);
#945 = CARTESIAN_POINT('',(-36.5,1.215694211965E-14,0.));
#946 = DIRECTION('',(-1.,3.330669073875E-16,-0.));
#947 = DIRECTION('',(-3.330669073875E-16,-1.,0.));
#948 = DEFINITIONAL_REPRESENTATION('',(#949),#953);
#949 = LINE('',#950,#951);
#950 = CARTESIAN_POINT('',(0.,-61.5));
#951 = VECTOR('',#952,1.);
#952 = DIRECTION('',(1.,0.));
#953 = ( GEOMETRIC_REPRESENTATION_CONTEXT(2) 
PARAMETRIC_REPRESENTATION_CONTEXT() REPRESENTATION_CONTEXT('2D SPACE',''
  ) );
#954 = PCURVE('',#868,#955);
#955 = DEFINITIONAL_REPRESENTATION('',(#956),#960);
#956 = CIRCLE('',#957,14.8);
#957 = AXIS2_PLACEMENT_2D('',#958,#959);
#958 = CARTESIAN_POINT('',(-14.8,0.));
#959 = DIRECTION('',(1.,0.));
#960 = ( GEOMETRIC_REPRESENTATION_CONTEXT(2) 
PARAMETRIC_REPRESENTATION_CONTEXT() REPRESENTATION_CONTEXT('2D SPACE',''
  ) );
#961 = ORIENTED_EDGE('',*,*,#962,.T.);
#962 = EDGE_CURVE('',#934,#963,#965,.T.);
#963 = VERTEX_POINT('',#964);
#964 = CARTESIAN_POINT('',(7.25,14.8,0.));
#965 = SURFACE_CURVE('',#966,(#970,#977),.PCURVE_S1.);
#966 = LINE('',#967,#968);
#967 = CARTESIAN_POINT('',(-36.5,14.8,1.812477262738E-15));
#968 = VECTOR('',#969,1.);
#969 = DIRECTION('',(-1.,3.330669073875E-16,-0.));
#970 = PCURVE('',#943,#971);
#971 = DEFINITIONAL_REPRESENTATION('',(#972),#976);
#972 = LINE('',#973,#974);
#973 = CARTESIAN_POINT('',(3.14159265359,0.));
#974 = VECTOR('',#975,1.);
#975 = DIRECTION('',(0.,1.));
#976 = ( GEOMETRIC_REPRESENTATION_CONTEXT(2) 
PARAMETRIC_REPRESENTATION_CONTEXT() REPRESENTATION_CONTEXT('2D SPACE',''
  ) );
#977 = PCURVE('',#978,#983);
#978 = CYLINDRICAL_SURFACE('',#979,14.8);
#979 = AXIS2_PLACEMENT_3D('',#980,#981,#982);
#980 = CARTESIAN_POINT('',(-36.5,1.215694211965E-14,0.));
#981 = DIRECTION('',(-1.,3.330669073875E-16,-0.));
#982 = DIRECTION('',(-3.330669073875E-16,-1.,0.));
#983 = DEFINITIONAL_REPRESENTATION('',(#984),#988);
#984 = LINE('',#985,#986);
#985 = CARTESIAN_POINT('',(3.14159265359,0.));
#986 = VECTOR('',#987,1.);
#987 = DIRECTION('',(0.,1.));
#988 = ( GEOMETRIC_REPRESENTATION_CONTEXT(2) 
PARAMETRIC_REPRESENTATION_CONTEXT() REPRESENTATION_CONTEXT('2D SPACE',''
  ) );
#989 = ORIENTED_EDGE('',*,*,#990,.T.);
#990 = EDGE_CURVE('',#963,#991,#993,.T.);
#991 = VERTEX_POINT('',#992);
#992 = CARTESIAN_POINT('',(7.25,-14.8,1.812477262738E-15));
#993 = SURFACE_CURVE('',#994,(#999,#1006),.PCURVE_S1.);
#994 = CIRCLE('',#995,14.8);
#995 = AXIS2_PLACEMENT_3D('',#996,#997,#998);
#996 = CARTESIAN_POINT('',(7.25,-2.41473507856E-15,0.));
#997 = DIRECTION('',(1.,-3.330669073875E-16,0.));
#998 = DIRECTION('',(-3.330669073875E-16,-1.,0.));
#999 = PCURVE('',#943,#1000);
#1000 = DEFINITIONAL_REPRESENTATION('',(#1001),#1005);
#1001 = LINE('',#1002,#1003);
#1002 = CARTESIAN_POINT('',(6.28318530718,-43.75));
#1003 = VECTOR('',#1004,1.);
#1004 = DIRECTION('',(-1.,0.));
#1005 = ( GEOMETRIC_REPRESENTATION_CONTEXT(2) 
PARAMETRIC_REPRESENTATION_CONTEXT() REPRESENTATION_CONTEXT('2D SPACE',''
  ) );
#1006 = PCURVE('',#1007,#1012);
#1007 = CONICAL_SURFACE('',#1008,14.55,0.785398163397);
#1008 = AXIS2_PLACEMENT_3D('',#1009,#1010,#1011);
#1009 = CARTESIAN_POINT('',(7.,-2.331468351713E-15,0.));
#1010 = DIRECTION('',(1.,-3.330669073875E-16,0.));
#1011 = DIRECTION('',(3.330669073875E-16,1.,0.));
#1012 = DEFINITIONAL_REPRESENTATION('',(#1013),#1017);
#1013 = LINE('',#1014,#1015);
#1014 = CARTESIAN_POINT('',(-3.14159265359,0.25));
#1015 = VECTOR('',#1016,1.);
#1016 = DIRECTION('',(1.,0.));
#1017 = ( GEOMETRIC_REPRESENTATION_CONTEXT(2) 
PARAMETRIC_REPRESENTATION_CONTEXT() REPRESENTATION_CONTEXT('2D SPACE',''
  ) );
#1018 = ORIENTED_EDGE('',*,*,#1019,.F.);
#1019 = EDGE_CURVE('',#932,#991,#1020,.T.);
#1020 = SURFACE_CURVE('',#1021,(#1025,#1032),.PCURVE_S1.);
#1021 = LINE('',#1022,#1023);
#1022 = CARTESIAN_POINT('',(-36.5,-14.8,0.));
#1023 = VECTOR('',#1024,1.);
#1024 = DIRECTION('',(-1.,3.330669073875E-16,-0.));
#1025 = PCURVE('',#943,#1026);
#1026 = DEFINITIONAL_REPRESENTATION('',(#1027),#1031);
#1027 = LINE('',#1028,#1029);
#1028 = CARTESIAN_POINT('',(0.,0.));
#1029 = VECTOR('',#1030,1.);
#1030 = DIRECTION('',(0.,1.));
#1031 = ( GEOMETRIC_REPRESENTATION_CONTEXT(2) 
PARAMETRIC_REPRESENTATION_CONTEXT() REPRESENTATION_CONTEXT('2D SPACE',''
  ) );
#1032 = PCURVE('',#978,#1033);
#1033 = DEFINITIONAL_REPRESENTATION('',(#1034),#1038);
#1034 = LINE('',#1035,#1036);
#1035 = CARTESIAN_POINT('',(6.28318530718,0.));
#1036 = VECTOR('',#1037,1.);
#1037 = DIRECTION('',(0.,1.));
#1038 = ( GEOMETRIC_REPRESENTATION_CONTEXT(2) 
PARAMETRIC_REPRESENTATION_CONTEXT() REPRESENTATION_CONTEXT('2D SPACE',''
  ) );
#1039 = ADVANCED_FACE('',(#1040),#1007,.T.);
#1040 = FACE_BOUND('',#1041,.T.);
#1041 = EDGE_LOOP('',(#1042,#1073,#1099,#1100));
#1042 = ORIENTED_EDGE('',*,*,#1043,.F.);
#1043 = EDGE_CURVE('',#1044,#1046,#1048,.T.);
#1044 = VERTEX_POINT('',#1045);
#1045 = CARTESIAN_POINT('',(7.,-14.55,1.797169177749E-15));
#1046 = VERTEX_POINT('',#1047);
#1047 = CARTESIAN_POINT('',(7.,14.55,0.));
#1048 = SURFACE_CURVE('',#1049,(#1054,#1061),.PCURVE_S1.);
#1049 = CIRCLE('',#1050,14.55);
#1050 = AXIS2_PLACEMENT_3D('',#1051,#1052,#1053);
#1051 = CARTESIAN_POINT('',(7.,-2.331468351713E-15,0.));
#1052 = DIRECTION('',(-1.,3.330669073875E-16,0.));
#1053 = DIRECTION('',(-3.330669073875E-16,-1.,0.));
#1054 = PCURVE('',#1007,#1055);
#1055 = DEFINITIONAL_REPRESENTATION('',(#1056),#1060);
#1056 = LINE('',#1057,#1058);
#1057 = CARTESIAN_POINT('',(3.14159265359,0.));
#1058 = VECTOR('',#1059,1.);
#1059 = DIRECTION('',(-1.,0.));
#1060 = ( GEOMETRIC_REPRESENTATION_CONTEXT(2) 
PARAMETRIC_REPRESENTATION_CONTEXT() REPRESENTATION_CONTEXT('2D SPACE',''
  ) );
#1061 = PCURVE('',#1062,#1067);
#1062 = PLANE('',#1063);
#1063 = AXIS2_PLACEMENT_3D('',#1064,#1065,#1066);
#1064 = CARTESIAN_POINT('',(7.,-11.1,0.));
#1065 = DIRECTION('',(-1.,3.330669073875E-16,0.));
#1066 = DIRECTION('',(-3.330669073875E-16,-1.,0.));
#1067 = DEFINITIONAL_REPRESENTATION('',(#1068),#1072);
#1068 = CIRCLE('',#1069,14.55);
#1069 = AXIS2_PLACEMENT_2D('',#1070,#1071);
#1070 = CARTESIAN_POINT('',(-11.1,0.));
#1071 = DIRECTION('',(1.,0.));
#1072 = ( GEOMETRIC_REPRESENTATION_CONTEXT(2) 
PARAMETRIC_REPRESENTATION_CONTEXT() REPRESENTATION_CONTEXT('2D SPACE',''
  ) );
#1073 = ORIENTED_EDGE('',*,*,#1074,.T.);
#1074 = EDGE_CURVE('',#1044,#991,#1075,.T.);
#1075 = SURFACE_CURVE('',#1076,(#1080,#1087),.PCURVE_S1.);
#1076 = LINE('',#1077,#1078);
#1077 = CARTESIAN_POINT('',(7.,-14.55,1.781861092759E-15));
#1078 = VECTOR('',#1079,1.);
#1079 = DIRECTION('',(0.707106781187,-0.707106781187,8.659560562355E-17)
  );
#1080 = PCURVE('',#1007,#1081);
#1081 = DEFINITIONAL_REPRESENTATION('',(#1082),#1086);
#1082 = LINE('',#1083,#1084);
#1083 = CARTESIAN_POINT('',(3.14159265359,-9.373498641638E-34));
#1084 = VECTOR('',#1085,1.);
#1085 = DIRECTION('',(0.,1.));
#1086 = ( GEOMETRIC_REPRESENTATION_CONTEXT(2) 
PARAMETRIC_REPRESENTATION_CONTEXT() REPRESENTATION_CONTEXT('2D SPACE',''
  ) );
#1087 = PCURVE('',#1088,#1093);
#1088 = CONICAL_SURFACE('',#1089,14.55,0.785398163397);
#1089 = AXIS2_PLACEMENT_3D('',#1090,#1091,#1092);
#1090 = CARTESIAN_POINT('',(7.,-2.331468351713E-15,0.));
#1091 = DIRECTION('',(1.,-3.330669073875E-16,0.));
#1092 = DIRECTION('',(3.330669073875E-16,1.,0.));
#1093 = DEFINITIONAL_REPRESENTATION('',(#1094),#1098);
#1094 = LINE('',#1095,#1096);
#1095 = CARTESIAN_POINT('',(3.14159265359,-9.373498641638E-34));
#1096 = VECTOR('',#1097,1.);
#1097 = DIRECTION('',(0.,1.));
#1098 = ( GEOMETRIC_REPRESENTATION_CONTEXT(2) 
PARAMETRIC_REPRESENTATION_CONTEXT() REPRESENTATION_CONTEXT('2D SPACE',''
  ) );
#1099 = ORIENTED_EDGE('',*,*,#990,.F.);
#1100 = ORIENTED_EDGE('',*,*,#1101,.F.);
#1101 = EDGE_CURVE('',#1046,#963,#1102,.T.);
#1102 = SURFACE_CURVE('',#1103,(#1107,#1114),.PCURVE_S1.);
#1103 = LINE('',#1104,#1105);
#1104 = CARTESIAN_POINT('',(7.,14.55,0.));
#1105 = VECTOR('',#1106,1.);
#1106 = DIRECTION('',(0.707106781187,0.707106781187,0.));
#1107 = PCURVE('',#1007,#1108);
#1108 = DEFINITIONAL_REPRESENTATION('',(#1109),#1113);
#1109 = LINE('',#1110,#1111);
#1110 = CARTESIAN_POINT('',(0.,0.));
#1111 = VECTOR('',#1112,1.);
#1112 = DIRECTION('',(0.,1.));
#1113 = ( GEOMETRIC_REPRESENTATION_CONTEXT(2) 
PARAMETRIC_REPRESENTATION_CONTEXT() REPRESENTATION_CONTEXT('2D SPACE',''
  ) );
#1114 = PCURVE('',#1088,#1115);
#1115 = DEFINITIONAL_REPRESENTATION('',(#1116),#1120);
#1116 = LINE('',#1117,#1118);
#1117 = CARTESIAN_POINT('',(6.28318530718,0.));
#1118 = VECTOR('',#1119,1.);
#1119 = DIRECTION('',(0.,1.));
#1120 = ( GEOMETRIC_REPRESENTATION_CONTEXT(2) 
PARAMETRIC_REPRESENTATION_CONTEXT() REPRESENTATION_CONTEXT('2D SPACE',''
  ) );
#1121 = ADVANCED_FACE('',(#1122),#1137,.F.);
#1122 = FACE_BOUND('',#1123,.F.);
#1123 = EDGE_LOOP('',(#1124,#1155,#1183,#1212,#1235));
#1124 = ORIENTED_EDGE('',*,*,#1125,.F.);
#1125 = EDGE_CURVE('',#1126,#1128,#1130,.T.);
#1126 = VERTEX_POINT('',#1127);
#1127 = CARTESIAN_POINT('',(0.736444048631,-5.,0.));
#1128 = VERTEX_POINT('',#1129);
#1129 = CARTESIAN_POINT('',(0.736444048631,-1.405637983934E-15,-5.));
#1130 = SURFACE_CURVE('',#1131,(#1136,#1148),.PCURVE_S1.);
#1131 = CIRCLE('',#1132,5.);
#1132 = AXIS2_PLACEMENT_3D('',#1133,#1134,#1135);
#1133 = CARTESIAN_POINT('',(0.736444048631,-2.452851417414E-16,0.));
#1134 = DIRECTION('',(1.,-3.330669073875E-16,0.));
#1135 = DIRECTION('',(0.,0.,1.));
#1136 = PCURVE('',#1137,#1142);
#1137 = CYLINDRICAL_SURFACE('',#1138,5.);
#1138 = AXIS2_PLACEMENT_3D('',#1139,#1140,#1141);
#1139 = CARTESIAN_POINT('',(-25.9,8.626432901337E-15,0.));
#1140 = DIRECTION('',(-1.,3.330669073875E-16,-0.));
#1141 = DIRECTION('',(-3.330669073875E-16,-1.,0.));
#1142 = DEFINITIONAL_REPRESENTATION('',(#1143),#1147);
#1143 = LINE('',#1144,#1145);
#1144 = CARTESIAN_POINT('',(7.853981633974,-26.63644404863));
#1145 = VECTOR('',#1146,1.);
#1146 = DIRECTION('',(-1.,0.));
#1147 = ( GEOMETRIC_REPRESENTATION_CONTEXT(2) 
PARAMETRIC_REPRESENTATION_CONTEXT() REPRESENTATION_CONTEXT('2D SPACE',''
  ) );
#1148 = PCURVE('',#330,#1149);
#1149 = DEFINITIONAL_REPRESENTATION('',(#1150),#1154);
#1150 = LINE('',#1151,#1152);
#1151 = CARTESIAN_POINT('',(0.,-27.08566412906));
#1152 = VECTOR('',#1153,1.);
#1153 = DIRECTION('',(1.,0.));
#1154 = ( GEOMETRIC_REPRESENTATION_CONTEXT(2) 
PARAMETRIC_REPRESENTATION_CONTEXT() REPRESENTATION_CONTEXT('2D SPACE',''
  ) );
#1155 = ORIENTED_EDGE('',*,*,#1156,.T.);
#1156 = EDGE_CURVE('',#1126,#1157,#1159,.T.);
#1157 = VERTEX_POINT('',#1158);
#1158 = CARTESIAN_POINT('',(-36.2,-5.,0.));
#1159 = SURFACE_CURVE('',#1160,(#1164,#1171),.PCURVE_S1.);
#1160 = LINE('',#1161,#1162);
#1161 = CARTESIAN_POINT('',(-25.9,-5.,0.));
#1162 = VECTOR('',#1163,1.);
#1163 = DIRECTION('',(-1.,3.330669073875E-16,-0.));
#1164 = PCURVE('',#1137,#1165);
#1165 = DEFINITIONAL_REPRESENTATION('',(#1166),#1170);
#1166 = LINE('',#1167,#1168);
#1167 = CARTESIAN_POINT('',(6.28318530718,0.));
#1168 = VECTOR('',#1169,1.);
#1169 = DIRECTION('',(0.,1.));
#1170 = ( GEOMETRIC_REPRESENTATION_CONTEXT(2) 
PARAMETRIC_REPRESENTATION_CONTEXT() REPRESENTATION_CONTEXT('2D SPACE',''
  ) );
#1171 = PCURVE('',#1172,#1177);
#1172 = CYLINDRICAL_SURFACE('',#1173,5.);
#1173 = AXIS2_PLACEMENT_3D('',#1174,#1175,#1176);
#1174 = CARTESIAN_POINT('',(-25.9,8.626432901337E-15,0.));
#1175 = DIRECTION('',(-1.,3.330669073875E-16,-0.));
#1176 = DIRECTION('',(-3.330669073875E-16,-1.,0.));
#1177 = DEFINITIONAL_REPRESENTATION('',(#1178),#1182);
#1178 = LINE('',#1179,#1180);
#1179 = CARTESIAN_POINT('',(0.,0.));
#1180 = VECTOR('',#1181,1.);
#1181 = DIRECTION('',(0.,1.));
#1182 = ( GEOMETRIC_REPRESENTATION_CONTEXT(2) 
PARAMETRIC_REPRESENTATION_CONTEXT() REPRESENTATION_CONTEXT('2D SPACE',''
  ) );
#1183 = ORIENTED_EDGE('',*,*,#1184,.F.);
#1184 = EDGE_CURVE('',#1185,#1157,#1187,.T.);
#1185 = VERTEX_POINT('',#1186);
#1186 = CARTESIAN_POINT('',(-36.2,5.,6.123233995737E-16));
#1187 = SURFACE_CURVE('',#1188,(#1193,#1200),.PCURVE_S1.);
#1188 = CIRCLE('',#1189,5.);
#1189 = AXIS2_PLACEMENT_3D('',#1190,#1191,#1192);
#1190 = CARTESIAN_POINT('',(-36.2,1.205702204743E-14,0.));
#1191 = DIRECTION('',(-1.,3.330669073875E-16,0.));
#1192 = DIRECTION('',(-3.330669073875E-16,-1.,0.));
#1193 = PCURVE('',#1137,#1194);
#1194 = DEFINITIONAL_REPRESENTATION('',(#1195),#1199);
#1195 = LINE('',#1196,#1197);
#1196 = CARTESIAN_POINT('',(0.,10.3));
#1197 = VECTOR('',#1198,1.);
#1198 = DIRECTION('',(1.,0.));
#1199 = ( GEOMETRIC_REPRESENTATION_CONTEXT(2) 
PARAMETRIC_REPRESENTATION_CONTEXT() REPRESENTATION_CONTEXT('2D SPACE',''
  ) );
#1200 = PCURVE('',#1201,#1206);
#1201 = PLANE('',#1202);
#1202 = AXIS2_PLACEMENT_3D('',#1203,#1204,#1205);
#1203 = CARTESIAN_POINT('',(-36.2,1.205702204743E-14,0.));
#1204 = DIRECTION('',(-1.,3.330669073875E-16,0.));
#1205 = DIRECTION('',(-3.330669073875E-16,-1.,0.));
#1206 = DEFINITIONAL_REPRESENTATION('',(#1207),#1211);
#1207 = CIRCLE('',#1208,5.);
#1208 = AXIS2_PLACEMENT_2D('',#1209,#1210);
#1209 = CARTESIAN_POINT('',(0.,0.));
#1210 = DIRECTION('',(1.,0.));
#1211 = ( GEOMETRIC_REPRESENTATION_CONTEXT(2) 
PARAMETRIC_REPRESENTATION_CONTEXT() REPRESENTATION_CONTEXT('2D SPACE',''
  ) );
#1212 = ORIENTED_EDGE('',*,*,#1213,.F.);
#1213 = EDGE_CURVE('',#1214,#1185,#1216,.T.);
#1214 = VERTEX_POINT('',#1215);
#1215 = CARTESIAN_POINT('',(0.736444048631,5.,6.123233995737E-16));
#1216 = SURFACE_CURVE('',#1217,(#1221,#1228),.PCURVE_S1.);
#1217 = LINE('',#1218,#1219);
#1218 = CARTESIAN_POINT('',(-25.9,5.,6.123233995737E-16));
#1219 = VECTOR('',#1220,1.);
#1220 = DIRECTION('',(-1.,3.330669073875E-16,-0.));
#1221 = PCURVE('',#1137,#1222);
#1222 = DEFINITIONAL_REPRESENTATION('',(#1223),#1227);
#1223 = LINE('',#1224,#1225);
#1224 = CARTESIAN_POINT('',(3.14159265359,0.));
#1225 = VECTOR('',#1226,1.);
#1226 = DIRECTION('',(0.,1.));
#1227 = ( GEOMETRIC_REPRESENTATION_CONTEXT(2) 
PARAMETRIC_REPRESENTATION_CONTEXT() REPRESENTATION_CONTEXT('2D SPACE',''
  ) );
#1228 = PCURVE('',#1172,#1229);
#1229 = DEFINITIONAL_REPRESENTATION('',(#1230),#1234);
#1230 = LINE('',#1231,#1232);
#1231 = CARTESIAN_POINT('',(3.14159265359,0.));
#1232 = VECTOR('',#1233,1.);
#1233 = DIRECTION('',(0.,1.));
#1234 = ( GEOMETRIC_REPRESENTATION_CONTEXT(2) 
PARAMETRIC_REPRESENTATION_CONTEXT() REPRESENTATION_CONTEXT('2D SPACE',''
  ) );
#1235 = ORIENTED_EDGE('',*,*,#1236,.F.);
#1236 = EDGE_CURVE('',#1128,#1214,#1237,.T.);
#1237 = SURFACE_CURVE('',#1238,(#1243,#1250),.PCURVE_S1.);
#1238 = CIRCLE('',#1239,5.);
#1239 = AXIS2_PLACEMENT_3D('',#1240,#1241,#1242);
#1240 = CARTESIAN_POINT('',(0.736444048631,-2.452851417414E-16,0.));
#1241 = DIRECTION('',(1.,-3.330669073875E-16,0.));
#1242 = DIRECTION('',(0.,0.,1.));
#1243 = PCURVE('',#1137,#1244);
#1244 = DEFINITIONAL_REPRESENTATION('',(#1245),#1249);
#1245 = LINE('',#1246,#1247);
#1246 = CARTESIAN_POINT('',(7.853981633974,-26.63644404863));
#1247 = VECTOR('',#1248,1.);
#1248 = DIRECTION('',(-1.,0.));
#1249 = ( GEOMETRIC_REPRESENTATION_CONTEXT(2) 
PARAMETRIC_REPRESENTATION_CONTEXT() REPRESENTATION_CONTEXT('2D SPACE',''
  ) );
#1250 = PCURVE('',#223,#1251);
#1251 = DEFINITIONAL_REPRESENTATION('',(#1252),#1256);
#1252 = LINE('',#1253,#1254);
#1253 = CARTESIAN_POINT('',(0.,-27.08566412906));
#1254 = VECTOR('',#1255,1.);
#1255 = DIRECTION('',(1.,0.));
#1256 = ( GEOMETRIC_REPRESENTATION_CONTEXT(2) 
PARAMETRIC_REPRESENTATION_CONTEXT() REPRESENTATION_CONTEXT('2D SPACE',''
  ) );
#1257 = ADVANCED_FACE('',(#1258),#1272,.F.);
#1258 = FACE_BOUND('',#1259,.F.);
#1259 = EDGE_LOOP('',(#1260,#1295,#1324,#1347));
#1260 = ORIENTED_EDGE('',*,*,#1261,.T.);
#1261 = EDGE_CURVE('',#1262,#1264,#1266,.T.);
#1262 = VERTEX_POINT('',#1263);
#1263 = CARTESIAN_POINT('',(-36.2,-5.25,0.));
#1264 = VERTEX_POINT('',#1265);
#1265 = CARTESIAN_POINT('',(-36.5,-5.25,0.));
#1266 = SURFACE_CURVE('',#1267,(#1271,#1283),.PCURVE_S1.);
#1267 = LINE('',#1268,#1269);
#1268 = CARTESIAN_POINT('',(-36.2,-5.25,0.));
#1269 = VECTOR('',#1270,1.);
#1270 = DIRECTION('',(-1.,3.330669073875E-16,-0.));
#1271 = PCURVE('',#1272,#1277);
#1272 = CYLINDRICAL_SURFACE('',#1273,5.25);
#1273 = AXIS2_PLACEMENT_3D('',#1274,#1275,#1276);
#1274 = CARTESIAN_POINT('',(-36.2,1.205702204743E-14,0.));
#1275 = DIRECTION('',(-1.,3.330669073875E-16,-0.));
#1276 = DIRECTION('',(-3.330669073875E-16,-1.,0.));
#1277 = DEFINITIONAL_REPRESENTATION('',(#1278),#1282);
#1278 = LINE('',#1279,#1280);
#1279 = CARTESIAN_POINT('',(6.28318530718,0.));
#1280 = VECTOR('',#1281,1.);
#1281 = DIRECTION('',(0.,1.));
#1282 = ( GEOMETRIC_REPRESENTATION_CONTEXT(2) 
PARAMETRIC_REPRESENTATION_CONTEXT() REPRESENTATION_CONTEXT('2D SPACE',''
  ) );
#1283 = PCURVE('',#1284,#1289);
#1284 = CYLINDRICAL_SURFACE('',#1285,5.25);
#1285 = AXIS2_PLACEMENT_3D('',#1286,#1287,#1288);
#1286 = CARTESIAN_POINT('',(-36.2,1.205702204743E-14,0.));
#1287 = DIRECTION('',(-1.,3.330669073875E-16,-0.));
#1288 = DIRECTION('',(-3.330669073875E-16,-1.,0.));
#1289 = DEFINITIONAL_REPRESENTATION('',(#1290),#1294);
#1290 = LINE('',#1291,#1292);
#1291 = CARTESIAN_POINT('',(0.,0.));
#1292 = VECTOR('',#1293,1.);
#1293 = DIRECTION('',(0.,1.));
#1294 = ( GEOMETRIC_REPRESENTATION_CONTEXT(2) 
PARAMETRIC_REPRESENTATION_CONTEXT() REPRESENTATION_CONTEXT('2D SPACE',''
  ) );
#1295 = ORIENTED_EDGE('',*,*,#1296,.F.);
#1296 = EDGE_CURVE('',#1297,#1264,#1299,.T.);
#1297 = VERTEX_POINT('',#1298);
#1298 = CARTESIAN_POINT('',(-36.5,5.25,6.429395695524E-16));
#1299 = SURFACE_CURVE('',#1300,(#1305,#1312),.PCURVE_S1.);
#1300 = CIRCLE('',#1301,5.25);
#1301 = AXIS2_PLACEMENT_3D('',#1302,#1303,#1304);
#1302 = CARTESIAN_POINT('',(-36.5,1.215694211965E-14,0.));
#1303 = DIRECTION('',(-1.,3.330669073875E-16,0.));
#1304 = DIRECTION('',(-3.330669073875E-16,-1.,0.));
#1305 = PCURVE('',#1272,#1306);
#1306 = DEFINITIONAL_REPRESENTATION('',(#1307),#1311);
#1307 = LINE('',#1308,#1309);
#1308 = CARTESIAN_POINT('',(0.,0.3));
#1309 = VECTOR('',#1310,1.);
#1310 = DIRECTION('',(1.,0.));
#1311 = ( GEOMETRIC_REPRESENTATION_CONTEXT(2) 
PARAMETRIC_REPRESENTATION_CONTEXT() REPRESENTATION_CONTEXT('2D SPACE',''
  ) );
#1312 = PCURVE('',#1313,#1318);
#1313 = PLANE('',#1314);
#1314 = AXIS2_PLACEMENT_3D('',#1315,#1316,#1317);
#1315 = CARTESIAN_POINT('',(-36.5,1.215694211965E-14,0.));
#1316 = DIRECTION('',(-1.,3.330669073875E-16,0.));
#1317 = DIRECTION('',(-3.330669073875E-16,-1.,0.));
#1318 = DEFINITIONAL_REPRESENTATION('',(#1319),#1323);
#1319 = CIRCLE('',#1320,5.25);
#1320 = AXIS2_PLACEMENT_2D('',#1321,#1322);
#1321 = CARTESIAN_POINT('',(0.,0.));
#1322 = DIRECTION('',(1.,0.));
#1323 = ( GEOMETRIC_REPRESENTATION_CONTEXT(2) 
PARAMETRIC_REPRESENTATION_CONTEXT() REPRESENTATION_CONTEXT('2D SPACE',''
  ) );
#1324 = ORIENTED_EDGE('',*,*,#1325,.F.);
#1325 = EDGE_CURVE('',#1326,#1297,#1328,.T.);
#1326 = VERTEX_POINT('',#1327);
#1327 = CARTESIAN_POINT('',(-36.2,5.25,6.429395695524E-16));
#1328 = SURFACE_CURVE('',#1329,(#1333,#1340),.PCURVE_S1.);
#1329 = LINE('',#1330,#1331);
#1330 = CARTESIAN_POINT('',(-36.2,5.25,6.429395695524E-16));
#1331 = VECTOR('',#1332,1.);
#1332 = DIRECTION('',(-1.,3.330669073875E-16,-0.));
#1333 = PCURVE('',#1272,#1334);
#1334 = DEFINITIONAL_REPRESENTATION('',(#1335),#1339);
#1335 = LINE('',#1336,#1337);
#1336 = CARTESIAN_POINT('',(3.14159265359,0.));
#1337 = VECTOR('',#1338,1.);
#1338 = DIRECTION('',(0.,1.));
#1339 = ( GEOMETRIC_REPRESENTATION_CONTEXT(2) 
PARAMETRIC_REPRESENTATION_CONTEXT() REPRESENTATION_CONTEXT('2D SPACE',''
  ) );
#1340 = PCURVE('',#1284,#1341);
#1341 = DEFINITIONAL_REPRESENTATION('',(#1342),#1346);
#1342 = LINE('',#1343,#1344);
#1343 = CARTESIAN_POINT('',(3.14159265359,0.));
#1344 = VECTOR('',#1345,1.);
#1345 = DIRECTION('',(0.,1.));
#1346 = ( GEOMETRIC_REPRESENTATION_CONTEXT(2) 
PARAMETRIC_REPRESENTATION_CONTEXT() REPRESENTATION_CONTEXT('2D SPACE',''
  ) );
#1347 = ORIENTED_EDGE('',*,*,#1348,.T.);
#1348 = EDGE_CURVE('',#1326,#1262,#1349,.T.);
#1349 = SURFACE_CURVE('',#1350,(#1355,#1362),.PCURVE_S1.);
#1350 = CIRCLE('',#1351,5.25);
#1351 = AXIS2_PLACEMENT_3D('',#1352,#1353,#1354);
#1352 = CARTESIAN_POINT('',(-36.2,1.205702204743E-14,0.));
#1353 = DIRECTION('',(-1.,3.330669073875E-16,0.));
#1354 = DIRECTION('',(-3.330669073875E-16,-1.,0.));
#1355 = PCURVE('',#1272,#1356);
#1356 = DEFINITIONAL_REPRESENTATION('',(#1357),#1361);
#1357 = LINE('',#1358,#1359);
#1358 = CARTESIAN_POINT('',(0.,0.));
#1359 = VECTOR('',#1360,1.);
#1360 = DIRECTION('',(1.,0.));
#1361 = ( GEOMETRIC_REPRESENTATION_CONTEXT(2) 
PARAMETRIC_REPRESENTATION_CONTEXT() REPRESENTATION_CONTEXT('2D SPACE',''
  ) );
#1362 = PCURVE('',#1201,#1363);
#1363 = DEFINITIONAL_REPRESENTATION('',(#1364),#1368);
#1364 = CIRCLE('',#1365,5.25);
#1365 = AXIS2_PLACEMENT_2D('',#1366,#1367);
#1366 = CARTESIAN_POINT('',(0.,0.));
#1367 = DIRECTION('',(1.,0.));
#1368 = ( GEOMETRIC_REPRESENTATION_CONTEXT(2) 
PARAMETRIC_REPRESENTATION_CONTEXT() REPRESENTATION_CONTEXT('2D SPACE',''
  ) );
#1369 = ADVANCED_FACE('',(#1370),#1387,.T.);
#1370 = FACE_BOUND('',#1371,.T.);
#1371 = EDGE_LOOP('',(#1372,#2044,#2072,#2905,#2933));
#1372 = ORIENTED_EDGE('',*,*,#1373,.T.);
#1373 = EDGE_CURVE('',#1374,#1376,#1378,.T.);
#1374 = VERTEX_POINT('',#1375);
#1375 = CARTESIAN_POINT('',(-36.5,-4.927239972457,2.963917383097));
#1376 = VERTEX_POINT('',#1377);
#1377 = CARTESIAN_POINT('',(-36.39787659096,-5.852123409032,0.));
#1378 = SURFACE_CURVE('',#1379,(#1386,#1420),.PCURVE_S1.);
#1379 = B_SPLINE_CURVE_WITH_KNOTS('',3,(#1380,#1381,#1382,#1383,#1384,
    #1385),.UNSPECIFIED.,.F.,.F.,(4,2,4),(0.,1.573129460616E-03,
    3.146258921232E-03),.UNSPECIFIED.);
#1380 = CARTESIAN_POINT('',(-36.5,-4.927239972457,2.963917383097));
#1381 = CARTESIAN_POINT('',(-36.48200971987,-5.213136467137,
    2.523541907966));
#1382 = CARTESIAN_POINT('',(-36.46414721803,-5.437328149714,
    2.046053753726));
#1383 = CARTESIAN_POINT('',(-36.42966982971,-5.749749726278,
    1.044702030481));
#1384 = CARTESIAN_POINT('',(-36.41314068906,-5.836859310937,
    0.523137479208));
#1385 = CARTESIAN_POINT('',(-36.39787659096,-5.852123409032,0.));
#1386 = PCURVE('',#1387,#1392);
#1387 = CONICAL_SURFACE('',#1388,5.75,0.785398163397);
#1388 = AXIS2_PLACEMENT_3D('',#1389,#1390,#1391);
#1389 = CARTESIAN_POINT('',(-36.5,1.215694211965E-14,0.));
#1390 = DIRECTION('',(1.,-3.330669073875E-16,0.));
#1391 = DIRECTION('',(3.330669073875E-16,1.,0.));
#1392 = DEFINITIONAL_REPRESENTATION('',(#1393),#1419);
#1393 = B_SPLINE_CURVE_WITH_KNOTS('',3,(#1394,#1395,#1396,#1397,#1398,
    #1399,#1400,#1401,#1402,#1403,#1404,#1405,#1406,#1407,#1408,#1409,
    #1410,#1411,#1412,#1413,#1414,#1415,#1416,#1417,#1418),
  .UNSPECIFIED.,.F.,.F.,(4,1,1,1,1,1,1,1,1,1,1,1,1,1,1,1,1,1,1,1,1,1,4),
  (0.,1.430117691469E-04,2.860235382938E-04,4.290353074407E-04,
    5.720470765876E-04,7.150588457344E-04,8.580706148813E-04,
    1.001082384028E-03,1.144094153175E-03,1.287105922322E-03,
    1.430117691469E-03,1.573129460616E-03,1.716141229763E-03,
    1.85915299891E-03,2.002164768056E-03,2.145176537203E-03,
    2.28818830635E-03,2.431200075497E-03,2.574211844644E-03,
    2.717223613791E-03,2.860235382938E-03,3.003247152085E-03,
    3.146258921232E-03),.QUASI_UNIFORM_KNOTS.);
#1394 = CARTESIAN_POINT('',(2.600043738018,-1.377154680146E-16));
#1395 = CARTESIAN_POINT('',(2.608339890029,1.635472637796E-03));
#1396 = CARTESIAN_POINT('',(2.624918049519,4.903926506343E-03));
#1397 = CARTESIAN_POINT('',(2.649746466248,9.797373876174E-03));
#1398 = CARTESIAN_POINT('',(2.674539699501,1.467986774485E-02));
#1399 = CARTESIAN_POINT('',(2.699301290501,1.954955104129E-02));
#1400 = CARTESIAN_POINT('',(2.724034739943,2.440445880687E-02));
#1401 = CARTESIAN_POINT('',(2.748743506824,2.924249154604E-02));
#1402 = CARTESIAN_POINT('',(2.773431058526,3.406143138385E-02));
#1403 = CARTESIAN_POINT('',(2.798100774412,3.88588676126E-02));
#1404 = CARTESIAN_POINT('',(2.822756383809,4.36324665698E-02));
#1405 = CARTESIAN_POINT('',(2.847400412233,4.837897934111E-02));
#1406 = CARTESIAN_POINT('',(2.872040059177,5.309797821716E-02));
#1407 = CARTESIAN_POINT('',(2.896665339997,5.777796454403E-02));
#1408 = CARTESIAN_POINT('',(2.921263255572,6.241306710094E-02));
#1409 = CARTESIAN_POINT('',(2.945837894135,6.70073679095E-02));
#1410 = CARTESIAN_POINT('',(2.970388594586,7.156096683705E-02));
#1411 = CARTESIAN_POINT('',(2.994915844464,7.607368803553E-02));
#1412 = CARTESIAN_POINT('',(3.019419746299,8.054406844449E-02));
#1413 = CARTESIAN_POINT('',(3.043900475566,8.49696158733E-02));
#1414 = CARTESIAN_POINT('',(3.068358203055,8.934674621579E-02));
#1415 = CARTESIAN_POINT('',(3.092793166526,9.367077383644E-02));
#1416 = CARTESIAN_POINT('',(3.117205678801,9.793604911055E-02));
#1417 = CARTESIAN_POINT('',(3.133466051724,0.100735678216));
#1418 = CARTESIAN_POINT('',(3.14159265359,0.102123409032));
#1419 = ( GEOMETRIC_REPRESENTATION_CONTEXT(2) 
PARAMETRIC_REPRESENTATION_CONTEXT() REPRESENTATION_CONTEXT('2D SPACE',''
  ) );
#1420 = PCURVE('',#1421,#2016);
#1421 = ( BOUNDED_SURFACE() B_SPLINE_SURFACE(1,2,(
    (#1422,#1423,#1424,#1425,#1426,#1427,#1428,#1429,#1430,#1431,#1432
      ,#1433,#1434,#1435,#1436,#1437,#1438,#1439,#1440,#1441,#1442,#1443
      ,#1444,#1445,#1446,#1447,#1448,#1449,#1450,#1451,#1452,#1453,#1454
      ,#1455,#1456,#1457,#1458,#1459,#1460,#1461,#1462,#1463,#1464,#1465
      ,#1466,#1467,#1468,#1469,#1470,#1471,#1472,#1473,#1474,#1475,#1476
      ,#1477,#1478,#1479,#1480,#1481,#1482,#1483,#1484,#1485,#1486,#1487
      ,#1488,#1489,#1490,#1491,#1492,#1493,#1494,#1495,#1496,#1497,#1498
      ,#1499,#1500,#1501,#1502,#1503,#1504,#1505,#1506,#1507,#1508,#1509
      ,#1510,#1511,#1512,#1513,#1514,#1515,#1516,#1517,#1518,#1519,#1520
      ,#1521,#1522,#1523,#1524,#1525,#1526,#1527,#1528,#1529,#1530,#1531
      ,#1532,#1533,#1534,#1535,#1536,#1537,#1538,#1539,#1540,#1541,#1542
      ,#1543,#1544,#1545,#1546,#1547,#1548,#1549,#1550,#1551,#1552,#1553
      ,#1554,#1555,#1556,#1557,#1558,#1559,#1560,#1561,#1562,#1563,#1564
      ,#1565,#1566,#1567,#1568,#1569,#1570,#1571,#1572,#1573,#1574,#1575
      ,#1576,#1577,#1578,#1579,#1580,#1581,#1582,#1583,#1584,#1585,#1586
      ,#1587,#1588,#1589,#1590,#1591,#1592,#1593,#1594,#1595,#1596,#1597
      ,#1598,#1599,#1600,#1601,#1602,#1603,#1604,#1605,#1606,#1607,#1608
      ,#1609,#1610,#1611,#1612,#1613,#1614,#1615,#1616,#1617,#1618,#1619
      ,#1620,#1621,#1622,#1623,#1624,#1625,#1626,#1627,#1628,#1629,#1630
      ,#1631,#1632,#1633,#1634,#1635,#1636,#1637,#1638,#1639,#1640,#1641
      ,#1642,#1643,#1644,#1645,#1646,#1647,#1648,#1649,#1650,#1651,#1652
      ,#1653,#1654,#1655,#1656,#1657,#1658,#1659,#1660,#1661,#1662,#1663
      ,#1664,#1665,#1666,#1667,#1668,#1669,#1670,#1671,#1672,#1673,#1674
      ,#1675,#1676,#1677,#1678,#1679,#1680,#1681,#1682,#1683,#1684,#1685
      ,#1686,#1687,#1688,#1689,#1690,#1691,#1692,#1693,#1694,#1695,#1696
      ,#1697,#1698,#1699,#1700,#1701,#1702,#1703,#1704,#1705,#1706,#1707
      ,#1708,#1709,#1710,#1711,#1712,#1713,#1714,#1715,#1716,#1717,#1718
      )
    ,(#1719,#1720,#1721,#1722,#1723,#1724,#1725,#1726,#1727,#1728,#1729
      ,#1730,#1731,#1732,#1733,#1734,#1735,#1736,#1737,#1738,#1739,#1740
      ,#1741,#1742,#1743,#1744,#1745,#1746,#1747,#1748,#1749,#1750,#1751
      ,#1752,#1753,#1754,#1755,#1756,#1757,#1758,#1759,#1760,#1761,#1762
      ,#1763,#1764,#1765,#1766,#1767,#1768,#1769,#1770,#1771,#1772,#1773
      ,#1774,#1775,#1776,#1777,#1778,#1779,#1780,#1781,#1782,#1783,#1784
      ,#1785,#1786,#1787,#1788,#1789,#1790,#1791,#1792,#1793,#1794,#1795
      ,#1796,#1797,#1798,#1799,#1800,#1801,#1802,#1803,#1804,#1805,#1806
      ,#1807,#1808,#1809,#1810,#1811,#1812,#1813,#1814,#1815,#1816,#1817
      ,#1818,#1819,#1820,#1821,#1822,#1823,#1824,#1825,#1826,#1827,#1828
      ,#1829,#1830,#1831,#1832,#1833,#1834,#1835,#1836,#1837,#1838,#1839
      ,#1840,#1841,#1842,#1843,#1844,#1845,#1846,#1847,#1848,#1849,#1850
      ,#1851,#1852,#1853,#1854,#1855,#1856,#1857,#1858,#1859,#1860,#1861
      ,#1862,#1863,#1864,#1865,#1866,#1867,#1868,#1869,#1870,#1871,#1872
      ,#1873,#1874,#1875,#1876,#1877,#1878,#1879,#1880,#1881,#1882,#1883
      ,#1884,#1885,#1886,#1887,#1888,#1889,#1890,#1891,#1892,#1893,#1894
      ,#1895,#1896,#1897,#1898,#1899,#1900,#1901,#1902,#1903,#1904,#1905
      ,#1906,#1907,#1908,#1909,#1910,#1911,#1912,#1913,#1914,#1915,#1916
      ,#1917,#1918,#1919,#1920,#1921,#1922,#1923,#1924,#1925,#1926,#1927
      ,#1928,#1929,#1930,#1931,#1932,#1933,#1934,#1935,#1936,#1937,#1938
      ,#1939,#1940,#1941,#1942,#1943,#1944,#1945,#1946,#1947,#1948,#1949
      ,#1950,#1951,#1952,#1953,#1954,#1955,#1956,#1957,#1958,#1959,#1960
      ,#1961,#1962,#1963,#1964,#1965,#1966,#1967,#1968,#1969,#1970,#1971
      ,#1972,#1973,#1974,#1975,#1976,#1977,#1978,#1979,#1980,#1981,#1982
      ,#1983,#1984,#1985,#1986,#1987,#1988,#1989,#1990,#1991,#1992,#1993
      ,#1994,#1995,#1996,#1997,#1998,#1999,#2000,#2001,#2002,#2003,#2004
      ,#2005,#2006,#2007,#2008,#2009,#2010,#2011,#2012,#2013,#2014,#2015
)),.UNSPECIFIED.,.F.,.F.,.F.) B_SPLINE_SURFACE_WITH_KNOTS((2,2),(3,2,2,2
    ,2,2,2,2,2,2,2,2,2,2,2,2,2,2,2,2,2,2,2,2,2,2,2,2,2,2,2,2,2,2,2,2,2,2
    ,2,2,2,2,2,2,2,2,2,2,2,2,2,2,2,2,2,2,2,2,2,2,2,2,2,2,2,2,2,2,2,2,2,2
    ,2,2,2,2,2,2,2,2,2,2,2,2,2,2,2,2,2,2,2,2,2,2,2,2,2,2,2,2,2,2,2,2,2,2
    ,2,2,2,2,2,2,2,2,2,2,2,2,2,2,2,2,2,2,2,2,2,2,2,2,2,2,2,2,2,2,2,2,2,2
    ,2,2,2,2,2,2,2,2,3),(0.,1.),(0.,6.666666666667E-03,
    1.333333333333E-02,2.E-02,2.666666666667E-02,3.333333333333E-02,
    4.E-02,4.666666666667E-02,5.333333333333E-02,6.E-02,
    6.666666666667E-02,7.333333333333E-02,8.E-02,8.666666666667E-02,
    9.333333333333E-02,0.1,0.106666666667,0.113333333333,0.12,
    0.126666666667,0.133333333333,0.14,0.146666666667,0.153333333333,
    0.16,0.166666666667,0.173333333333,0.18,0.186666666667,
    0.193333333333,0.2,0.206666666667,0.213333333333,0.22,0.226666666667
    ,0.233333333333,0.24,0.246666666667,0.253333333333,0.26,
    0.266666666667,0.273333333333,0.28,0.286666666667,0.293333333333,0.3
    ,0.306666666667,0.313333333333,0.32,0.326666666667,0.333333333333,
    0.34,0.346666666667,0.353333333333,0.36,0.366666666667,
    0.373333333333,0.38,0.386666666667,0.393333333333,0.4,0.406666666667
    ,0.413333333333,0.42,0.426666666667,0.433333333333,0.44,
    0.446666666667,0.453333333333,0.46,0.466666666667,0.473333333333,
    0.48,0.486666666667,0.493333333333,0.5,0.506666666667,0.513333333333
    ,0.52,0.526666666667,0.533333333333,0.54,0.546666666667,
    0.553333333333,0.56,0.566666666667,0.573333333333,0.58,
    0.586666666667,0.593333333333,0.6,0.606666666667,0.613333333333,0.62
    ,0.626666666667,0.633333333333,0.64,0.646666666667,0.653333333333,
    0.66,0.666666666667,0.673333333333,0.68,0.686666666667,
    0.693333333333,0.7,0.706666666667,0.713333333333,0.72,0.726666666667
    ,0.733333333333,0.74,0.746666666667,0.753333333333,0.76,
    0.766666666667,0.773333333333,0.78,0.786666666667,0.793333333333,0.8
    ,0.806666666667,0.813333333333,0.82,0.826666666667,0.833333333333,
    0.84,0.846666666667,0.853333333333,0.86,0.866666666667,
    0.873333333333,0.88,0.886666666667,0.893333333333,0.9,0.906666666667
    ,0.913333333333,0.92,0.926666666667,0.933333333333,0.94,
    0.946666666667,0.953333333333,0.96,0.966666666667,0.973333333333,
0.98,0.98398529092),.UNSPECIFIED.) GEOMETRIC_REPRESENTATION_ITEM() 
RATIONAL_B_SPLINE_SURFACE((
    (1.,0.866025403784,1.,0.866025403784,1.,0.866025403784,1.
      ,0.866025403784,1.,0.866025403784,1.,0.866025403784,1.
      ,0.866025403784,1.,0.866025403784,1.,0.866025403784,1.
      ,0.866025403784,1.,0.866025403784,1.,0.866025403784,1.
      ,0.866025403784,1.,0.866025403784,1.,0.866025403784,1.
      ,0.866025403784,1.,0.866025403784,1.,0.866025403784,1.
      ,0.866025403784,1.,0.866025403784,1.,0.866025403784,1.
      ,0.866025403784,1.,0.866025403784,1.,0.866025403784,1.
      ,0.866025403784,1.,0.866025403784,1.,0.866025403784,1.
      ,0.866025403784,1.,0.866025403784,1.,0.866025403784,1.
      ,0.866025403784,1.,0.866025403784,1.,0.866025403784,1.
      ,0.866025403784,1.,0.866025403784,1.,0.866025403784,1.
      ,0.866025403784,1.,0.866025403784,1.,0.866025403784,1.
      ,0.866025403784,1.,0.866025403784,1.,0.866025403784,1.
      ,0.866025403784,1.,0.866025403784,1.,0.866025403784,1.
      ,0.866025403784,1.,0.866025403784,1.,0.866025403784,1.
      ,0.866025403784,1.,0.866025403784,1.,0.866025403784,1.
      ,0.866025403784,1.,0.866025403784,1.,0.866025403784,1.
      ,0.866025403784,1.,0.866025403784,1.,0.866025403784,1.
      ,0.866025403784,1.,0.866025403784,1.,0.866025403784,1.
      ,0.866025403784,1.,0.866025403784,1.,0.866025403784,1.
      ,0.866025403784,1.,0.866025403784,1.,0.866025403784,1.
      ,0.866025403784,1.,0.866025403784,1.,0.866025403784,1.
      ,0.866025403784,1.,0.866025403784,1.,0.866025403784,1.
      ,0.866025403784,1.,0.866025403784,1.,0.866025403784,1.
      ,0.866025403784,1.,0.866025403784,1.,0.866025403784,1.
      ,0.866025403784,1.,0.866025403784,1.,0.866025403784,1.
      ,0.866025403784,1.,0.866025403784,1.,0.866025403784,1.
      ,0.866025403784,1.,0.866025403784,1.,0.866025403784,1.
      ,0.866025403784,1.,0.866025403784,1.,0.866025403784,1.
      ,0.866025403784,1.,0.866025403784,1.,0.866025403784,1.
      ,0.866025403784,1.,0.866025403784,1.,0.866025403784,1.
      ,0.866025403784,1.,0.866025403784,1.,0.866025403784,1.
      ,0.866025403784,1.,0.866025403784,1.,0.866025403784,1.
      ,0.866025403784,1.,0.866025403784,1.,0.866025403784,1.
      ,0.866025403784,1.,0.866025403784,1.,0.866025403784,1.
      ,0.866025403784,1.,0.866025403784,1.,0.866025403784,1.
      ,0.866025403784,1.,0.866025403784,1.,0.866025403784,1.
      ,0.866025403784,1.,0.866025403784,1.,0.866025403784,1.
      ,0.866025403784,1.,0.866025403784,1.,0.866025403784,1.
      ,0.866025403784,1.,0.866025403784,1.,0.866025403784,1.
      ,0.866025403784,1.,0.866025403784,1.,0.866025403784,1.
      ,0.866025403784,1.,0.866025403784,1.,0.866025403784,1.
      ,0.866025403784,1.,0.866025403784,1.,0.866025403784,1.
      ,0.866025403784,1.,0.866025403784,1.,0.866025403784,1.
      ,0.866025403784,1.,0.866025403784,1.,0.866025403784,1.
      ,0.866025403784,1.,0.866025403784,1.,0.866025403784,1.
      ,0.866025403784,1.,0.866025403784,1.,0.866025403784,1.
      ,0.866025403784,1.,0.866025403784,1.,0.866025403784,1.
      ,0.919910838732,0.935575259618)
    ,(1.,0.866025403784,1.,0.866025403784,1.,0.866025403784,1.
      ,0.866025403784,1.,0.866025403784,1.,0.866025403784,1.
      ,0.866025403784,1.,0.866025403784,1.,0.866025403784,1.
      ,0.866025403784,1.,0.866025403784,1.,0.866025403784,1.
      ,0.866025403784,1.,0.866025403784,1.,0.866025403784,1.
      ,0.866025403784,1.,0.866025403784,1.,0.866025403784,1.
      ,0.866025403784,1.,0.866025403784,1.,0.866025403784,1.
      ,0.866025403784,1.,0.866025403784,1.,0.866025403784,1.
      ,0.866025403784,1.,0.866025403784,1.,0.866025403784,1.
      ,0.866025403784,1.,0.866025403784,1.,0.866025403784,1.
      ,0.866025403784,1.,0.866025403784,1.,0.866025403784,1.
      ,0.866025403784,1.,0.866025403784,1.,0.866025403784,1.
      ,0.866025403784,1.,0.866025403784,1.,0.866025403784,1.
      ,0.866025403784,1.,0.866025403784,1.,0.866025403784,1.
      ,0.866025403784,1.,0.866025403784,1.,0.866025403784,1.
      ,0.866025403784,1.,0.866025403784,1.,0.866025403784,1.
      ,0.866025403784,1.,0.866025403784,1.,0.866025403784,1.
      ,0.866025403784,1.,0.866025403784,1.,0.866025403784,1.
      ,0.866025403784,1.,0.866025403784,1.,0.866025403784,1.
      ,0.866025403784,1.,0.866025403784,1.,0.866025403784,1.
      ,0.866025403784,1.,0.866025403784,1.,0.866025403784,1.
      ,0.866025403784,1.,0.866025403784,1.,0.866025403784,1.
      ,0.866025403784,1.,0.866025403784,1.,0.866025403784,1.
      ,0.866025403784,1.,0.866025403784,1.,0.866025403784,1.
      ,0.866025403784,1.,0.866025403784,1.,0.866025403784,1.
      ,0.866025403784,1.,0.866025403784,1.,0.866025403784,1.
      ,0.866025403784,1.,0.866025403784,1.,0.866025403784,1.
      ,0.866025403784,1.,0.866025403784,1.,0.866025403784,1.
      ,0.866025403784,1.,0.866025403784,1.,0.866025403784,1.
      ,0.866025403784,1.,0.866025403784,1.,0.866025403784,1.
      ,0.866025403784,1.,0.866025403784,1.,0.866025403784,1.
      ,0.866025403784,1.,0.866025403784,1.,0.866025403784,1.
      ,0.866025403784,1.,0.866025403784,1.,0.866025403784,1.
      ,0.866025403784,1.,0.866025403784,1.,0.866025403784,1.
      ,0.866025403784,1.,0.866025403784,1.,0.866025403784,1.
      ,0.866025403784,1.,0.866025403784,1.,0.866025403784,1.
      ,0.866025403784,1.,0.866025403784,1.,0.866025403784,1.
      ,0.866025403784,1.,0.866025403784,1.,0.866025403784,1.
      ,0.866025403784,1.,0.866025403784,1.,0.866025403784,1.
      ,0.866025403784,1.,0.866025403784,1.,0.866025403784,1.
      ,0.866025403784,1.,0.866025403784,1.,0.866025403784,1.
      ,0.866025403784,1.,0.866025403784,1.,0.866025403784,1.
      ,0.866025403784,1.,0.866025403784,1.,0.866025403784,1.
      ,0.866025403784,1.,0.866025403784,1.,0.866025403784,1.
      ,0.866025403784,1.,0.866025403784,1.,0.866025403784,1.
      ,0.866025403784,1.,0.866025403784,1.,0.866025403784,1.
      ,0.866025403784,1.,0.866025403784,1.,0.866025403784,1.
      ,0.866025403784,1.,0.866025403784,1.,0.866025403784,1.
      ,0.866025403784,1.,0.866025403784,1.,0.866025403784,1.
,0.919910838732,0.935575259618))) REPRESENTATION_ITEM('') SURFACE() );
#1422 = CARTESIAN_POINT('',(-36.81250000136,-6.,0.));
#1423 = CARTESIAN_POINT('',(-36.77083333469,-6.,-3.464101615138));
#1424 = CARTESIAN_POINT('',(-36.72916666803,-3.,-5.196152422707));
#1425 = CARTESIAN_POINT('',(-36.68750000136,1.179516206975E-14,
    -6.928203230276));
#1426 = CARTESIAN_POINT('',(-36.64583333469,3.,-5.196152422707));
#1427 = CARTESIAN_POINT('',(-36.60416666803,6.,-3.464101615138));
#1428 = CARTESIAN_POINT('',(-36.56250000136,6.,-7.347880794884E-16));
#1429 = CARTESIAN_POINT('',(-36.52083333469,6.,3.464101615138));
#1430 = CARTESIAN_POINT('',(-36.47916666803,3.,5.196152422707));
#1431 = CARTESIAN_POINT('',(-36.43750000136,1.340881572486E-14,
    6.928203230276));
#1432 = CARTESIAN_POINT('',(-36.39583333469,-3.,5.196152422707));
#1433 = CARTESIAN_POINT('',(-36.35416666803,-6.,3.464101615138));
#1434 = CARTESIAN_POINT('',(-36.31250000136,-6.,0.));
#1435 = CARTESIAN_POINT('',(-36.27083333469,-6.,-3.464101615138));
#1436 = CARTESIAN_POINT('',(-36.22916666803,-3.,-5.196152422707));
#1437 = CARTESIAN_POINT('',(-36.18750000136,1.162862861605E-14,
    -6.928203230276));
#1438 = CARTESIAN_POINT('',(-36.14583333469,3.,-5.196152422707));
#1439 = CARTESIAN_POINT('',(-36.10416666803,6.,-3.464101615138));
#1440 = CARTESIAN_POINT('',(-36.06250000136,6.,-7.347880794884E-16));
#1441 = CARTESIAN_POINT('',(-36.02083333469,6.,3.464101615138));
#1442 = CARTESIAN_POINT('',(-35.97916666803,3.,5.196152422707));
#1443 = CARTESIAN_POINT('',(-35.93750000136,1.324228227116E-14,
    6.928203230276));
#1444 = CARTESIAN_POINT('',(-35.89583333469,-3.,5.196152422707));
#1445 = CARTESIAN_POINT('',(-35.85416666803,-6.,3.464101615138));
#1446 = CARTESIAN_POINT('',(-35.81250000136,-6.,0.));
#1447 = CARTESIAN_POINT('',(-35.77083333469,-6.,-3.464101615138));
#1448 = CARTESIAN_POINT('',(-35.72916666803,-3.,-5.196152422707));
#1449 = CARTESIAN_POINT('',(-35.68750000136,1.146209516236E-14,
    -6.928203230276));
#1450 = CARTESIAN_POINT('',(-35.64583333469,3.,-5.196152422707));
#1451 = CARTESIAN_POINT('',(-35.60416666803,6.,-3.464101615138));
#1452 = CARTESIAN_POINT('',(-35.56250000136,6.,-7.347880794884E-16));
#1453 = CARTESIAN_POINT('',(-35.52083333469,6.,3.464101615138));
#1454 = CARTESIAN_POINT('',(-35.47916666803,3.,5.196152422707));
#1455 = CARTESIAN_POINT('',(-35.43750000136,1.307574881747E-14,
    6.928203230276));
#1456 = CARTESIAN_POINT('',(-35.39583333469,-3.,5.196152422707));
#1457 = CARTESIAN_POINT('',(-35.35416666803,-6.,3.464101615138));
#1458 = CARTESIAN_POINT('',(-35.31250000136,-6.,0.));
#1459 = CARTESIAN_POINT('',(-35.27083333469,-6.,-3.464101615138));
#1460 = CARTESIAN_POINT('',(-35.22916666803,-3.,-5.196152422707));
#1461 = CARTESIAN_POINT('',(-35.18750000136,1.129556170866E-14,
    -6.928203230276));
#1462 = CARTESIAN_POINT('',(-35.14583333469,3.,-5.196152422707));
#1463 = CARTESIAN_POINT('',(-35.10416666803,6.,-3.464101615138));
#1464 = CARTESIAN_POINT('',(-35.06250000136,6.,-7.347880794884E-16));
#1465 = CARTESIAN_POINT('',(-35.02083333469,6.,3.464101615138));
#1466 = CARTESIAN_POINT('',(-34.97916666803,3.,5.196152422707));
#1467 = CARTESIAN_POINT('',(-34.93750000136,1.290921536378E-14,
    6.928203230276));
#1468 = CARTESIAN_POINT('',(-34.89583333469,-3.,5.196152422707));
#1469 = CARTESIAN_POINT('',(-34.85416666803,-6.,3.464101615138));
#1470 = CARTESIAN_POINT('',(-34.81250000136,-6.,0.));
#1471 = CARTESIAN_POINT('',(-34.77083333469,-6.,-3.464101615138));
#1472 = CARTESIAN_POINT('',(-34.72916666803,-3.,-5.196152422707));
#1473 = CARTESIAN_POINT('',(-34.68750000136,1.112902825497E-14,
    -6.928203230276));
#1474 = CARTESIAN_POINT('',(-34.64583333469,3.,-5.196152422707));
#1475 = CARTESIAN_POINT('',(-34.60416666803,6.,-3.464101615138));
#1476 = CARTESIAN_POINT('',(-34.56250000136,6.,-7.347880794884E-16));
#1477 = CARTESIAN_POINT('',(-34.52083333469,6.,3.464101615138));
#1478 = CARTESIAN_POINT('',(-34.47916666803,3.,5.196152422707));
#1479 = CARTESIAN_POINT('',(-34.43750000136,1.274268191008E-14,
    6.928203230276));
#1480 = CARTESIAN_POINT('',(-34.39583333469,-3.,5.196152422707));
#1481 = CARTESIAN_POINT('',(-34.35416666803,-6.,3.464101615138));
#1482 = CARTESIAN_POINT('',(-34.31250000136,-6.,0.));
#1483 = CARTESIAN_POINT('',(-34.27083333469,-6.,-3.464101615138));
#1484 = CARTESIAN_POINT('',(-34.22916666803,-3.,-5.196152422707));
#1485 = CARTESIAN_POINT('',(-34.18750000136,1.096249480128E-14,
    -6.928203230276));
#1486 = CARTESIAN_POINT('',(-34.14583333469,3.,-5.196152422707));
#1487 = CARTESIAN_POINT('',(-34.10416666803,6.,-3.464101615138));
#1488 = CARTESIAN_POINT('',(-34.06250000136,6.,-7.347880794884E-16));
#1489 = CARTESIAN_POINT('',(-34.02083333469,6.,3.464101615138));
#1490 = CARTESIAN_POINT('',(-33.97916666803,3.,5.196152422707));
#1491 = CARTESIAN_POINT('',(-33.93750000136,1.257614845639E-14,
    6.928203230276));
#1492 = CARTESIAN_POINT('',(-33.89583333469,-3.,5.196152422707));
#1493 = CARTESIAN_POINT('',(-33.85416666803,-6.,3.464101615138));
#1494 = CARTESIAN_POINT('',(-33.81250000136,-6.,0.));
#1495 = CARTESIAN_POINT('',(-33.77083333469,-6.,-3.464101615138));
#1496 = CARTESIAN_POINT('',(-33.72916666803,-3.,-5.196152422707));
#1497 = CARTESIAN_POINT('',(-33.68750000136,1.079596134758E-14,
    -6.928203230276));
#1498 = CARTESIAN_POINT('',(-33.64583333469,3.,-5.196152422707));
#1499 = CARTESIAN_POINT('',(-33.60416666803,6.,-3.464101615138));
#1500 = CARTESIAN_POINT('',(-33.56250000136,6.,-7.347880794884E-16));
#1501 = CARTESIAN_POINT('',(-33.52083333469,6.,3.464101615138));
#1502 = CARTESIAN_POINT('',(-33.47916666803,3.,5.196152422707));
#1503 = CARTESIAN_POINT('',(-33.43750000136,1.24096150027E-14,
    6.928203230276));
#1504 = CARTESIAN_POINT('',(-33.39583333469,-3.,5.196152422707));
#1505 = CARTESIAN_POINT('',(-33.35416666803,-6.,3.464101615138));
#1506 = CARTESIAN_POINT('',(-33.31250000136,-6.,0.));
#1507 = CARTESIAN_POINT('',(-33.27083333469,-6.,-3.464101615138));
#1508 = CARTESIAN_POINT('',(-33.22916666803,-3.,-5.196152422707));
#1509 = CARTESIAN_POINT('',(-33.18750000136,1.062942789389E-14,
    -6.928203230276));
#1510 = CARTESIAN_POINT('',(-33.14583333469,3.,-5.196152422707));
#1511 = CARTESIAN_POINT('',(-33.10416666803,6.,-3.464101615138));
#1512 = CARTESIAN_POINT('',(-33.06250000136,6.,-7.347880794884E-16));
#1513 = CARTESIAN_POINT('',(-33.02083333469,6.,3.464101615138));
#1514 = CARTESIAN_POINT('',(-32.97916666803,3.,5.196152422707));
#1515 = CARTESIAN_POINT('',(-32.93750000136,1.2243081549E-14,
    6.928203230276));
#1516 = CARTESIAN_POINT('',(-32.89583333469,-3.,5.196152422707));
#1517 = CARTESIAN_POINT('',(-32.85416666803,-6.,3.464101615138));
#1518 = CARTESIAN_POINT('',(-32.81250000136,-6.,0.));
#1519 = CARTESIAN_POINT('',(-32.77083333469,-6.,-3.464101615138));
#1520 = CARTESIAN_POINT('',(-32.72916666803,-3.,-5.196152422707));
#1521 = CARTESIAN_POINT('',(-32.68750000136,1.04628944402E-14,
    -6.928203230276));
#1522 = CARTESIAN_POINT('',(-32.64583333469,3.,-5.196152422707));
#1523 = CARTESIAN_POINT('',(-32.60416666803,6.,-3.464101615138));
#1524 = CARTESIAN_POINT('',(-32.56250000136,6.,-7.347880794884E-16));
#1525 = CARTESIAN_POINT('',(-32.52083333469,6.,3.464101615138));
#1526 = CARTESIAN_POINT('',(-32.47916666803,3.,5.196152422707));
#1527 = CARTESIAN_POINT('',(-32.43750000136,1.207654809531E-14,
    6.928203230276));
#1528 = CARTESIAN_POINT('',(-32.39583333469,-3.,5.196152422707));
#1529 = CARTESIAN_POINT('',(-32.35416666803,-6.,3.464101615138));
#1530 = CARTESIAN_POINT('',(-32.31250000136,-6.,0.));
#1531 = CARTESIAN_POINT('',(-32.27083333469,-6.,-3.464101615138));
#1532 = CARTESIAN_POINT('',(-32.22916666803,-3.,-5.196152422707));
#1533 = CARTESIAN_POINT('',(-32.18750000136,1.02963609865E-14,
    -6.928203230276));
#1534 = CARTESIAN_POINT('',(-32.14583333469,3.,-5.196152422707));
#1535 = CARTESIAN_POINT('',(-32.10416666803,6.,-3.464101615138));
#1536 = CARTESIAN_POINT('',(-32.06250000136,6.,-7.347880794884E-16));
#1537 = CARTESIAN_POINT('',(-32.02083333469,6.,3.464101615138));
#1538 = CARTESIAN_POINT('',(-31.97916666803,3.,5.196152422707));
#1539 = CARTESIAN_POINT('',(-31.93750000136,1.191001464161E-14,
    6.928203230276));
#1540 = CARTESIAN_POINT('',(-31.89583333469,-3.,5.196152422707));
#1541 = CARTESIAN_POINT('',(-31.85416666803,-6.,3.464101615138));
#1542 = CARTESIAN_POINT('',(-31.81250000136,-6.,0.));
#1543 = CARTESIAN_POINT('',(-31.77083333469,-6.,-3.464101615138));
#1544 = CARTESIAN_POINT('',(-31.72916666803,-3.,-5.196152422707));
#1545 = CARTESIAN_POINT('',(-31.68750000136,1.012982753281E-14,
    -6.928203230276));
#1546 = CARTESIAN_POINT('',(-31.64583333469,3.,-5.196152422707));
#1547 = CARTESIAN_POINT('',(-31.60416666803,6.,-3.464101615138));
#1548 = CARTESIAN_POINT('',(-31.56250000136,6.,-7.347880794884E-16));
#1549 = CARTESIAN_POINT('',(-31.52083333469,6.,3.464101615138));
#1550 = CARTESIAN_POINT('',(-31.47916666803,3.,5.196152422707));
#1551 = CARTESIAN_POINT('',(-31.43750000136,1.174348118792E-14,
    6.928203230276));
#1552 = CARTESIAN_POINT('',(-31.39583333469,-3.,5.196152422707));
#1553 = CARTESIAN_POINT('',(-31.35416666803,-6.,3.464101615138));
#1554 = CARTESIAN_POINT('',(-31.31250000136,-6.,0.));
#1555 = CARTESIAN_POINT('',(-31.27083333469,-6.,-3.464101615138));
#1556 = CARTESIAN_POINT('',(-31.22916666803,-3.,-5.196152422707));
#1557 = CARTESIAN_POINT('',(-31.18750000136,9.963294079114E-15,
    -6.928203230276));
#1558 = CARTESIAN_POINT('',(-31.14583333469,3.,-5.196152422707));
#1559 = CARTESIAN_POINT('',(-31.10416666803,6.,-3.464101615138));
#1560 = CARTESIAN_POINT('',(-31.06250000136,6.,-7.347880794884E-16));
#1561 = CARTESIAN_POINT('',(-31.02083333469,6.,3.464101615138));
#1562 = CARTESIAN_POINT('',(-30.97916666803,3.,5.196152422707));
#1563 = CARTESIAN_POINT('',(-30.93750000136,1.157694773423E-14,
    6.928203230276));
#1564 = CARTESIAN_POINT('',(-30.89583333469,-3.,5.196152422707));
#1565 = CARTESIAN_POINT('',(-30.85416666803,-6.,3.464101615138));
#1566 = CARTESIAN_POINT('',(-30.81250000136,-6.,0.));
#1567 = CARTESIAN_POINT('',(-30.77083333469,-6.,-3.464101615138));
#1568 = CARTESIAN_POINT('',(-30.72916666803,-3.,-5.196152422707));
#1569 = CARTESIAN_POINT('',(-30.68750000136,9.79676062542E-15,
    -6.928203230276));
#1570 = CARTESIAN_POINT('',(-30.64583333469,3.,-5.196152422707));
#1571 = CARTESIAN_POINT('',(-30.60416666803,6.,-3.464101615138));
#1572 = CARTESIAN_POINT('',(-30.56250000136,6.,-7.347880794884E-16));
#1573 = CARTESIAN_POINT('',(-30.52083333469,6.,3.464101615138));
#1574 = CARTESIAN_POINT('',(-30.47916666803,3.,5.196152422707));
#1575 = CARTESIAN_POINT('',(-30.43750000136,1.141041428053E-14,
    6.928203230276));
#1576 = CARTESIAN_POINT('',(-30.39583333469,-3.,5.196152422707));
#1577 = CARTESIAN_POINT('',(-30.35416666803,-6.,3.464101615138));
#1578 = CARTESIAN_POINT('',(-30.31250000136,-6.,0.));
#1579 = CARTESIAN_POINT('',(-30.27083333469,-6.,-3.464101615138));
#1580 = CARTESIAN_POINT('',(-30.22916666803,-3.,-5.196152422707));
#1581 = CARTESIAN_POINT('',(-30.18750000136,9.630227171726E-15,
    -6.928203230276));
#1582 = CARTESIAN_POINT('',(-30.14583333469,3.,-5.196152422707));
#1583 = CARTESIAN_POINT('',(-30.10416666803,6.,-3.464101615138));
#1584 = CARTESIAN_POINT('',(-30.06250000136,6.,-7.347880794884E-16));
#1585 = CARTESIAN_POINT('',(-30.02083333469,6.,3.464101615138));
#1586 = CARTESIAN_POINT('',(-29.97916666803,3.,5.196152422707));
#1587 = CARTESIAN_POINT('',(-29.93750000136,1.124388082684E-14,
    6.928203230276));
#1588 = CARTESIAN_POINT('',(-29.89583333469,-3.,5.196152422707));
#1589 = CARTESIAN_POINT('',(-29.85416666803,-6.,3.464101615138));
#1590 = CARTESIAN_POINT('',(-29.81250000136,-6.,0.));
#1591 = CARTESIAN_POINT('',(-29.77083333469,-6.,-3.464101615138));
#1592 = CARTESIAN_POINT('',(-29.72916666803,-3.,-5.196152422707));
#1593 = CARTESIAN_POINT('',(-29.68750000136,9.463693718033E-15,
    -6.928203230276));
#1594 = CARTESIAN_POINT('',(-29.64583333469,3.,-5.196152422707));
#1595 = CARTESIAN_POINT('',(-29.60416666803,6.,-3.464101615138));
#1596 = CARTESIAN_POINT('',(-29.56250000136,6.,-7.347880794884E-16));
#1597 = CARTESIAN_POINT('',(-29.52083333469,6.,3.464101615138));
#1598 = CARTESIAN_POINT('',(-29.47916666803,3.,5.196152422707));
#1599 = CARTESIAN_POINT('',(-29.43750000136,1.107734737315E-14,
    6.928203230276));
#1600 = CARTESIAN_POINT('',(-29.39583333469,-3.,5.196152422707));
#1601 = CARTESIAN_POINT('',(-29.35416666803,-6.,3.464101615138));
#1602 = CARTESIAN_POINT('',(-29.31250000136,-6.,0.));
#1603 = CARTESIAN_POINT('',(-29.27083333469,-6.,-3.464101615138));
#1604 = CARTESIAN_POINT('',(-29.22916666803,-3.,-5.196152422707));
#1605 = CARTESIAN_POINT('',(-29.18750000136,9.297160264339E-15,
    -6.928203230276));
#1606 = CARTESIAN_POINT('',(-29.14583333469,3.,-5.196152422707));
#1607 = CARTESIAN_POINT('',(-29.10416666803,6.,-3.464101615138));
#1608 = CARTESIAN_POINT('',(-29.06250000136,6.,-7.347880794884E-16));
#1609 = CARTESIAN_POINT('',(-29.02083333469,6.,3.464101615138));
#1610 = CARTESIAN_POINT('',(-28.97916666803,3.,5.196152422707));
#1611 = CARTESIAN_POINT('',(-28.93750000136,1.091081391945E-14,
    6.928203230276));
#1612 = CARTESIAN_POINT('',(-28.89583333469,-3.,5.196152422707));
#1613 = CARTESIAN_POINT('',(-28.85416666803,-6.,3.464101615138));
#1614 = CARTESIAN_POINT('',(-28.81250000136,-6.,0.));
#1615 = CARTESIAN_POINT('',(-28.77083333469,-6.,-3.464101615138));
#1616 = CARTESIAN_POINT('',(-28.72916666803,-3.,-5.196152422707));
#1617 = CARTESIAN_POINT('',(-28.68750000136,9.130626810645E-15,
    -6.928203230276));
#1618 = CARTESIAN_POINT('',(-28.64583333469,3.,-5.196152422707));
#1619 = CARTESIAN_POINT('',(-28.60416666803,6.,-3.464101615138));
#1620 = CARTESIAN_POINT('',(-28.56250000136,6.,-7.347880794884E-16));
#1621 = CARTESIAN_POINT('',(-28.52083333469,6.,3.464101615138));
#1622 = CARTESIAN_POINT('',(-28.47916666803,3.,5.196152422707));
#1623 = CARTESIAN_POINT('',(-28.43750000136,1.074428046576E-14,
    6.928203230276));
#1624 = CARTESIAN_POINT('',(-28.39583333469,-3.,5.196152422707));
#1625 = CARTESIAN_POINT('',(-28.35416666803,-6.,3.464101615138));
#1626 = CARTESIAN_POINT('',(-28.31250000136,-6.,0.));
#1627 = CARTESIAN_POINT('',(-28.27083333469,-6.,-3.464101615138));
#1628 = CARTESIAN_POINT('',(-28.22916666803,-3.,-5.196152422707));
#1629 = CARTESIAN_POINT('',(-28.18750000136,8.964093356951E-15,
    -6.928203230276));
#1630 = CARTESIAN_POINT('',(-28.14583333469,3.,-5.196152422707));
#1631 = CARTESIAN_POINT('',(-28.10416666803,6.,-3.464101615138));
#1632 = CARTESIAN_POINT('',(-28.06250000136,6.,-7.347880794884E-16));
#1633 = CARTESIAN_POINT('',(-28.02083333469,6.,3.464101615138));
#1634 = CARTESIAN_POINT('',(-27.97916666803,3.,5.196152422707));
#1635 = CARTESIAN_POINT('',(-27.93750000136,1.057774701206E-14,
    6.928203230276));
#1636 = CARTESIAN_POINT('',(-27.89583333469,-3.,5.196152422707));
#1637 = CARTESIAN_POINT('',(-27.85416666803,-6.,3.464101615138));
#1638 = CARTESIAN_POINT('',(-27.81250000136,-6.,0.));
#1639 = CARTESIAN_POINT('',(-27.77083333469,-6.,-3.464101615138));
#1640 = CARTESIAN_POINT('',(-27.72916666803,-3.,-5.196152422707));
#1641 = CARTESIAN_POINT('',(-27.68750000136,8.797559903258E-15,
    -6.928203230276));
#1642 = CARTESIAN_POINT('',(-27.64583333469,3.,-5.196152422707));
#1643 = CARTESIAN_POINT('',(-27.60416666803,6.,-3.464101615138));
#1644 = CARTESIAN_POINT('',(-27.56250000136,6.,-7.347880794884E-16));
#1645 = CARTESIAN_POINT('',(-27.52083333469,6.,3.464101615138));
#1646 = CARTESIAN_POINT('',(-27.47916666803,3.,5.196152422707));
#1647 = CARTESIAN_POINT('',(-27.43750000136,1.041121355837E-14,
    6.928203230276));
#1648 = CARTESIAN_POINT('',(-27.39583333469,-3.,5.196152422707));
#1649 = CARTESIAN_POINT('',(-27.35416666803,-6.,3.464101615138));
#1650 = CARTESIAN_POINT('',(-27.31250000136,-6.,0.));
#1651 = CARTESIAN_POINT('',(-27.27083333469,-6.,-3.464101615138));
#1652 = CARTESIAN_POINT('',(-27.22916666803,-3.,-5.196152422707));
#1653 = CARTESIAN_POINT('',(-27.18750000136,8.631026449564E-15,
    -6.928203230276));
#1654 = CARTESIAN_POINT('',(-27.14583333469,3.,-5.196152422707));
#1655 = CARTESIAN_POINT('',(-27.10416666803,6.,-3.464101615138));
#1656 = CARTESIAN_POINT('',(-27.06250000136,6.,-7.347880794884E-16));
#1657 = CARTESIAN_POINT('',(-27.02083333469,6.,3.464101615138));
#1658 = CARTESIAN_POINT('',(-26.97916666803,3.,5.196152422707));
#1659 = CARTESIAN_POINT('',(-26.93750000136,1.024468010468E-14,
    6.928203230276));
#1660 = CARTESIAN_POINT('',(-26.89583333469,-3.,5.196152422707));
#1661 = CARTESIAN_POINT('',(-26.85416666803,-6.,3.464101615138));
#1662 = CARTESIAN_POINT('',(-26.81250000136,-6.,0.));
#1663 = CARTESIAN_POINT('',(-26.77083333469,-6.,-3.464101615138));
#1664 = CARTESIAN_POINT('',(-26.72916666803,-3.,-5.196152422707));
#1665 = CARTESIAN_POINT('',(-26.68750000136,8.46449299587E-15,
    -6.928203230276));
#1666 = CARTESIAN_POINT('',(-26.64583333469,3.,-5.196152422707));
#1667 = CARTESIAN_POINT('',(-26.60416666803,6.,-3.464101615138));
#1668 = CARTESIAN_POINT('',(-26.56250000136,6.,-7.347880794884E-16));
#1669 = CARTESIAN_POINT('',(-26.52083333469,6.,3.464101615138));
#1670 = CARTESIAN_POINT('',(-26.47916666803,3.,5.196152422707));
#1671 = CARTESIAN_POINT('',(-26.43750000136,1.007814665098E-14,
    6.928203230276));
#1672 = CARTESIAN_POINT('',(-26.39583333469,-3.,5.196152422707));
#1673 = CARTESIAN_POINT('',(-26.35416666803,-6.,3.464101615138));
#1674 = CARTESIAN_POINT('',(-26.31250000136,-6.,0.));
#1675 = CARTESIAN_POINT('',(-26.27083333469,-6.,-3.464101615138));
#1676 = CARTESIAN_POINT('',(-26.22916666803,-3.,-5.196152422707));
#1677 = CARTESIAN_POINT('',(-26.18750000136,8.297959542176E-15,
    -6.928203230276));
#1678 = CARTESIAN_POINT('',(-26.14583333469,3.,-5.196152422707));
#1679 = CARTESIAN_POINT('',(-26.10416666803,6.,-3.464101615138));
#1680 = CARTESIAN_POINT('',(-26.06250000136,6.,-7.347880794884E-16));
#1681 = CARTESIAN_POINT('',(-26.02083333469,6.,3.464101615138));
#1682 = CARTESIAN_POINT('',(-25.97916666803,3.,5.196152422707));
#1683 = CARTESIAN_POINT('',(-25.93750000136,9.911613197289E-15,
    6.928203230276));
#1684 = CARTESIAN_POINT('',(-25.89583333469,-3.,5.196152422707));
#1685 = CARTESIAN_POINT('',(-25.85416666803,-6.,3.464101615138));
#1686 = CARTESIAN_POINT('',(-25.81250000136,-6.,0.));
#1687 = CARTESIAN_POINT('',(-25.77083333469,-6.,-3.464101615138));
#1688 = CARTESIAN_POINT('',(-25.72916666803,-3.,-5.196152422707));
#1689 = CARTESIAN_POINT('',(-25.68750000136,8.131426088482E-15,
    -6.928203230276));
#1690 = CARTESIAN_POINT('',(-25.64583333469,3.,-5.196152422707));
#1691 = CARTESIAN_POINT('',(-25.60416666803,6.,-3.464101615138));
#1692 = CARTESIAN_POINT('',(-25.56250000136,6.,-7.347880794884E-16));
#1693 = CARTESIAN_POINT('',(-25.52083333469,6.,3.464101615138));
#1694 = CARTESIAN_POINT('',(-25.47916666803,3.,5.196152422707));
#1695 = CARTESIAN_POINT('',(-25.43750000136,9.745079743595E-15,
    6.928203230276));
#1696 = CARTESIAN_POINT('',(-25.39583333469,-3.,5.196152422707));
#1697 = CARTESIAN_POINT('',(-25.35416666803,-6.,3.464101615138));
#1698 = CARTESIAN_POINT('',(-25.31250000136,-6.,0.));
#1699 = CARTESIAN_POINT('',(-25.27083333469,-6.,-3.464101615138));
#1700 = CARTESIAN_POINT('',(-25.22916666803,-3.,-5.196152422707));
#1701 = CARTESIAN_POINT('',(-25.18750000136,7.964892634789E-15,
    -6.928203230276));
#1702 = CARTESIAN_POINT('',(-25.14583333469,3.,-5.196152422707));
#1703 = CARTESIAN_POINT('',(-25.10416666803,6.,-3.464101615138));
#1704 = CARTESIAN_POINT('',(-25.06250000136,6.,-7.347880794884E-16));
#1705 = CARTESIAN_POINT('',(-25.02083333469,6.,3.464101615138));
#1706 = CARTESIAN_POINT('',(-24.97916666803,3.,5.196152422707));
#1707 = CARTESIAN_POINT('',(-24.93750000136,9.578546289902E-15,
    6.928203230276));
#1708 = CARTESIAN_POINT('',(-24.89583333469,-3.,5.196152422707));
#1709 = CARTESIAN_POINT('',(-24.85416666803,-6.,3.464101615138));
#1710 = CARTESIAN_POINT('',(-24.81250000136,-6.,0.));
#1711 = CARTESIAN_POINT('',(-24.77083333469,-6.,-3.464101615138));
#1712 = CARTESIAN_POINT('',(-24.72916666803,-3.,-5.196152422707));
#1713 = CARTESIAN_POINT('',(-24.68750000136,7.798359181095E-15,
    -6.928203230276));
#1714 = CARTESIAN_POINT('',(-24.64583333469,3.,-5.196152422707));
#1715 = CARTESIAN_POINT('',(-24.60416666803,6.,-3.464101615138));
#1716 = CARTESIAN_POINT('',(-24.56250000136,6.,-7.347880794884E-16));
#1717 = CARTESIAN_POINT('',(-24.53905096809,6.,1.949516016573));
#1718 = CARTESIAN_POINT('',(-24.51212268342,4.854104263883,
    3.526708351332));
#1719 = CARTESIAN_POINT('',(-36.96875000068,-5.7293670625,0.));
#1720 = CARTESIAN_POINT('',(-36.92708333401,-5.7293670625,
    -3.307851615821));
#1721 = CARTESIAN_POINT('',(-36.88541666734,-2.86468353125,
    -4.961777423731));
#1722 = CARTESIAN_POINT('',(-36.84375000068,1.186633887995E-14,
    -6.615703231641));
#1723 = CARTESIAN_POINT('',(-36.80208333401,2.86468353125,
    -4.961777423731));
#1724 = CARTESIAN_POINT('',(-36.76041666734,5.7293670625,-3.307851615821
    ));
#1725 = CARTESIAN_POINT('',(-36.71875000068,5.7293670625,
    -7.016451034231E-16));
#1726 = CARTESIAN_POINT('',(-36.67708333401,5.7293670625,3.307851615821)
  );
#1727 = CARTESIAN_POINT('',(-36.63541666734,2.86468353125,4.961777423731
    ));
#1728 = CARTESIAN_POINT('',(-36.59375000068,1.340345211045E-14,
    6.615703231641));
#1729 = CARTESIAN_POINT('',(-36.55208333401,-2.86468353125,
    4.961777423731));
#1730 = CARTESIAN_POINT('',(-36.51041666734,-5.7293670625,3.307851615821
    ));
#1731 = CARTESIAN_POINT('',(-36.46875000068,-5.7293670625,0.));
#1732 = CARTESIAN_POINT('',(-36.42708333401,-5.7293670625,
    -3.307851615821));
#1733 = CARTESIAN_POINT('',(-36.38541666734,-2.86468353125,
    -4.961777423731));
#1734 = CARTESIAN_POINT('',(-36.34375000068,1.169980542626E-14,
    -6.615703231641));
#1735 = CARTESIAN_POINT('',(-36.30208333401,2.86468353125,
    -4.961777423731));
#1736 = CARTESIAN_POINT('',(-36.26041666734,5.7293670625,-3.307851615821
    ));
#1737 = CARTESIAN_POINT('',(-36.21875000068,5.7293670625,
    -7.016451034231E-16));
#1738 = CARTESIAN_POINT('',(-36.17708333401,5.7293670625,3.307851615821)
  );
#1739 = CARTESIAN_POINT('',(-36.13541666734,2.86468353125,4.961777423731
    ));
#1740 = CARTESIAN_POINT('',(-36.09375000068,1.323691865676E-14,
    6.615703231641));
#1741 = CARTESIAN_POINT('',(-36.05208333401,-2.86468353125,
    4.961777423731));
#1742 = CARTESIAN_POINT('',(-36.01041666734,-5.7293670625,3.307851615821
    ));
#1743 = CARTESIAN_POINT('',(-35.96875000068,-5.7293670625,0.));
#1744 = CARTESIAN_POINT('',(-35.92708333401,-5.7293670625,
    -3.307851615821));
#1745 = CARTESIAN_POINT('',(-35.88541666734,-2.86468353125,
    -4.961777423731));
#1746 = CARTESIAN_POINT('',(-35.84375000068,1.153327197256E-14,
    -6.615703231641));
#1747 = CARTESIAN_POINT('',(-35.80208333401,2.86468353125,
    -4.961777423731));
#1748 = CARTESIAN_POINT('',(-35.76041666734,5.7293670625,-3.307851615821
    ));
#1749 = CARTESIAN_POINT('',(-35.71875000068,5.7293670625,
    -7.016451034231E-16));
#1750 = CARTESIAN_POINT('',(-35.67708333401,5.7293670625,3.307851615821)
  );
#1751 = CARTESIAN_POINT('',(-35.63541666734,2.86468353125,4.961777423731
    ));
#1752 = CARTESIAN_POINT('',(-35.59375000068,1.307038520306E-14,
    6.615703231641));
#1753 = CARTESIAN_POINT('',(-35.55208333401,-2.86468353125,
    4.961777423731));
#1754 = CARTESIAN_POINT('',(-35.51041666734,-5.7293670625,3.307851615821
    ));
#1755 = CARTESIAN_POINT('',(-35.46875000068,-5.7293670625,0.));
#1756 = CARTESIAN_POINT('',(-35.42708333401,-5.7293670625,
    -3.307851615821));
#1757 = CARTESIAN_POINT('',(-35.38541666734,-2.86468353125,
    -4.961777423731));
#1758 = CARTESIAN_POINT('',(-35.34375000068,1.136673851887E-14,
    -6.615703231641));
#1759 = CARTESIAN_POINT('',(-35.30208333401,2.86468353125,
    -4.961777423731));
#1760 = CARTESIAN_POINT('',(-35.26041666734,5.7293670625,-3.307851615821
    ));
#1761 = CARTESIAN_POINT('',(-35.21875000068,5.7293670625,
    -7.016451034231E-16));
#1762 = CARTESIAN_POINT('',(-35.17708333401,5.7293670625,3.307851615821)
  );
#1763 = CARTESIAN_POINT('',(-35.13541666734,2.86468353125,4.961777423731
    ));
#1764 = CARTESIAN_POINT('',(-35.09375000068,1.290385174937E-14,
    6.615703231641));
#1765 = CARTESIAN_POINT('',(-35.05208333401,-2.86468353125,
    4.961777423731));
#1766 = CARTESIAN_POINT('',(-35.01041666734,-5.7293670625,3.307851615821
    ));
#1767 = CARTESIAN_POINT('',(-34.96875000068,-5.7293670625,0.));
#1768 = CARTESIAN_POINT('',(-34.92708333401,-5.7293670625,
    -3.307851615821));
#1769 = CARTESIAN_POINT('',(-34.88541666734,-2.86468353125,
    -4.961777423731));
#1770 = CARTESIAN_POINT('',(-34.84375000068,1.120020506518E-14,
    -6.615703231641));
#1771 = CARTESIAN_POINT('',(-34.80208333401,2.86468353125,
    -4.961777423731));
#1772 = CARTESIAN_POINT('',(-34.76041666734,5.7293670625,-3.307851615821
    ));
#1773 = CARTESIAN_POINT('',(-34.71875000068,5.7293670625,
    -7.016451034231E-16));
#1774 = CARTESIAN_POINT('',(-34.67708333401,5.7293670625,3.307851615821)
  );
#1775 = CARTESIAN_POINT('',(-34.63541666734,2.86468353125,4.961777423731
    ));
#1776 = CARTESIAN_POINT('',(-34.59375000068,1.273731829568E-14,
    6.615703231641));
#1777 = CARTESIAN_POINT('',(-34.55208333401,-2.86468353125,
    4.961777423731));
#1778 = CARTESIAN_POINT('',(-34.51041666734,-5.7293670625,3.307851615821
    ));
#1779 = CARTESIAN_POINT('',(-34.46875000068,-5.7293670625,0.));
#1780 = CARTESIAN_POINT('',(-34.42708333401,-5.7293670625,
    -3.307851615821));
#1781 = CARTESIAN_POINT('',(-34.38541666734,-2.86468353125,
    -4.961777423731));
#1782 = CARTESIAN_POINT('',(-34.34375000068,1.103367161148E-14,
    -6.615703231641));
#1783 = CARTESIAN_POINT('',(-34.30208333401,2.86468353125,
    -4.961777423731));
#1784 = CARTESIAN_POINT('',(-34.26041666734,5.7293670625,-3.307851615821
    ));
#1785 = CARTESIAN_POINT('',(-34.21875000068,5.7293670625,
    -7.016451034231E-16));
#1786 = CARTESIAN_POINT('',(-34.17708333401,5.7293670625,3.307851615821)
  );
#1787 = CARTESIAN_POINT('',(-34.13541666734,2.86468353125,4.961777423731
    ));
#1788 = CARTESIAN_POINT('',(-34.09375000068,1.257078484198E-14,
    6.615703231641));
#1789 = CARTESIAN_POINT('',(-34.05208333401,-2.86468353125,
    4.961777423731));
#1790 = CARTESIAN_POINT('',(-34.01041666734,-5.7293670625,3.307851615821
    ));
#1791 = CARTESIAN_POINT('',(-33.96875000068,-5.7293670625,0.));
#1792 = CARTESIAN_POINT('',(-33.92708333401,-5.7293670625,
    -3.307851615821));
#1793 = CARTESIAN_POINT('',(-33.88541666734,-2.86468353125,
    -4.961777423731));
#1794 = CARTESIAN_POINT('',(-33.84375000068,1.086713815779E-14,
    -6.615703231641));
#1795 = CARTESIAN_POINT('',(-33.80208333401,2.86468353125,
    -4.961777423731));
#1796 = CARTESIAN_POINT('',(-33.76041666734,5.7293670625,-3.307851615821
    ));
#1797 = CARTESIAN_POINT('',(-33.71875000068,5.7293670625,
    -7.016451034231E-16));
#1798 = CARTESIAN_POINT('',(-33.67708333401,5.7293670625,3.307851615821)
  );
#1799 = CARTESIAN_POINT('',(-33.63541666734,2.86468353125,4.961777423731
    ));
#1800 = CARTESIAN_POINT('',(-33.59375000068,1.240425138829E-14,
    6.615703231641));
#1801 = CARTESIAN_POINT('',(-33.55208333401,-2.86468353125,
    4.961777423731));
#1802 = CARTESIAN_POINT('',(-33.51041666734,-5.7293670625,3.307851615821
    ));
#1803 = CARTESIAN_POINT('',(-33.46875000068,-5.7293670625,0.));
#1804 = CARTESIAN_POINT('',(-33.42708333401,-5.7293670625,
    -3.307851615821));
#1805 = CARTESIAN_POINT('',(-33.38541666734,-2.86468353125,
    -4.961777423731));
#1806 = CARTESIAN_POINT('',(-33.34375000068,1.070060470409E-14,
    -6.615703231641));
#1807 = CARTESIAN_POINT('',(-33.30208333401,2.86468353125,
    -4.961777423731));
#1808 = CARTESIAN_POINT('',(-33.26041666734,5.7293670625,-3.307851615821
    ));
#1809 = CARTESIAN_POINT('',(-33.21875000068,5.7293670625,
    -7.016451034231E-16));
#1810 = CARTESIAN_POINT('',(-33.17708333401,5.7293670625,3.307851615821)
  );
#1811 = CARTESIAN_POINT('',(-33.13541666734,2.86468353125,4.961777423731
    ));
#1812 = CARTESIAN_POINT('',(-33.09375000068,1.223771793459E-14,
    6.615703231641));
#1813 = CARTESIAN_POINT('',(-33.05208333401,-2.86468353125,
    4.961777423731));
#1814 = CARTESIAN_POINT('',(-33.01041666734,-5.7293670625,3.307851615821
    ));
#1815 = CARTESIAN_POINT('',(-32.96875000068,-5.7293670625,0.));
#1816 = CARTESIAN_POINT('',(-32.92708333401,-5.7293670625,
    -3.307851615821));
#1817 = CARTESIAN_POINT('',(-32.88541666734,-2.86468353125,
    -4.961777423731));
#1818 = CARTESIAN_POINT('',(-32.84375000068,1.05340712504E-14,
    -6.615703231641));
#1819 = CARTESIAN_POINT('',(-32.80208333401,2.86468353125,
    -4.961777423731));
#1820 = CARTESIAN_POINT('',(-32.76041666734,5.7293670625,-3.307851615821
    ));
#1821 = CARTESIAN_POINT('',(-32.71875000068,5.7293670625,
    -7.016451034231E-16));
#1822 = CARTESIAN_POINT('',(-32.67708333401,5.7293670625,3.307851615821)
  );
#1823 = CARTESIAN_POINT('',(-32.63541666734,2.86468353125,4.961777423731
    ));
#1824 = CARTESIAN_POINT('',(-32.59375000068,1.20711844809E-14,
    6.615703231641));
#1825 = CARTESIAN_POINT('',(-32.55208333401,-2.86468353125,
    4.961777423731));
#1826 = CARTESIAN_POINT('',(-32.51041666734,-5.7293670625,3.307851615821
    ));
#1827 = CARTESIAN_POINT('',(-32.46875000068,-5.7293670625,0.));
#1828 = CARTESIAN_POINT('',(-32.42708333401,-5.7293670625,
    -3.307851615821));
#1829 = CARTESIAN_POINT('',(-32.38541666734,-2.86468353125,
    -4.961777423731));
#1830 = CARTESIAN_POINT('',(-32.34375000068,1.036753779671E-14,
    -6.615703231641));
#1831 = CARTESIAN_POINT('',(-32.30208333401,2.86468353125,
    -4.961777423731));
#1832 = CARTESIAN_POINT('',(-32.26041666734,5.7293670625,-3.307851615821
    ));
#1833 = CARTESIAN_POINT('',(-32.21875000068,5.7293670625,
    -7.016451034231E-16));
#1834 = CARTESIAN_POINT('',(-32.17708333401,5.7293670625,3.307851615821)
  );
#1835 = CARTESIAN_POINT('',(-32.13541666734,2.86468353125,4.961777423731
    ));
#1836 = CARTESIAN_POINT('',(-32.09375000068,1.190465102721E-14,
    6.615703231641));
#1837 = CARTESIAN_POINT('',(-32.05208333401,-2.86468353125,
    4.961777423731));
#1838 = CARTESIAN_POINT('',(-32.01041666734,-5.7293670625,3.307851615821
    ));
#1839 = CARTESIAN_POINT('',(-31.96875000068,-5.7293670625,0.));
#1840 = CARTESIAN_POINT('',(-31.92708333401,-5.7293670625,
    -3.307851615821));
#1841 = CARTESIAN_POINT('',(-31.88541666734,-2.86468353125,
    -4.961777423731));
#1842 = CARTESIAN_POINT('',(-31.84375000068,1.020100434301E-14,
    -6.615703231641));
#1843 = CARTESIAN_POINT('',(-31.80208333401,2.86468353125,
    -4.961777423731));
#1844 = CARTESIAN_POINT('',(-31.76041666734,5.7293670625,-3.307851615821
    ));
#1845 = CARTESIAN_POINT('',(-31.71875000068,5.7293670625,
    -7.016451034231E-16));
#1846 = CARTESIAN_POINT('',(-31.67708333401,5.7293670625,3.307851615821)
  );
#1847 = CARTESIAN_POINT('',(-31.63541666734,2.86468353125,4.961777423731
    ));
#1848 = CARTESIAN_POINT('',(-31.59375000068,1.173811757351E-14,
    6.615703231641));
#1849 = CARTESIAN_POINT('',(-31.55208333401,-2.86468353125,
    4.961777423731));
#1850 = CARTESIAN_POINT('',(-31.51041666734,-5.7293670625,3.307851615821
    ));
#1851 = CARTESIAN_POINT('',(-31.46875000068,-5.7293670625,0.));
#1852 = CARTESIAN_POINT('',(-31.42708333401,-5.7293670625,
    -3.307851615821));
#1853 = CARTESIAN_POINT('',(-31.38541666734,-2.86468353125,
    -4.961777423731));
#1854 = CARTESIAN_POINT('',(-31.34375000068,1.003447088932E-14,
    -6.615703231641));
#1855 = CARTESIAN_POINT('',(-31.30208333401,2.86468353125,
    -4.961777423731));
#1856 = CARTESIAN_POINT('',(-31.26041666734,5.7293670625,-3.307851615821
    ));
#1857 = CARTESIAN_POINT('',(-31.21875000068,5.7293670625,
    -7.016451034231E-16));
#1858 = CARTESIAN_POINT('',(-31.17708333401,5.7293670625,3.307851615821)
  );
#1859 = CARTESIAN_POINT('',(-31.13541666734,2.86468353125,4.961777423731
    ));
#1860 = CARTESIAN_POINT('',(-31.09375000068,1.157158411982E-14,
    6.615703231641));
#1861 = CARTESIAN_POINT('',(-31.05208333401,-2.86468353125,
    4.961777423731));
#1862 = CARTESIAN_POINT('',(-31.01041666734,-5.7293670625,3.307851615821
    ));
#1863 = CARTESIAN_POINT('',(-30.96875000068,-5.7293670625,0.));
#1864 = CARTESIAN_POINT('',(-30.92708333401,-5.7293670625,
    -3.307851615821));
#1865 = CARTESIAN_POINT('',(-30.88541666734,-2.86468353125,
    -4.961777423731));
#1866 = CARTESIAN_POINT('',(-30.84375000068,9.867937435625E-15,
    -6.615703231641));
#1867 = CARTESIAN_POINT('',(-30.80208333401,2.86468353125,
    -4.961777423731));
#1868 = CARTESIAN_POINT('',(-30.76041666734,5.7293670625,-3.307851615821
    ));
#1869 = CARTESIAN_POINT('',(-30.71875000068,5.7293670625,
    -7.016451034231E-16));
#1870 = CARTESIAN_POINT('',(-30.67708333401,5.7293670625,3.307851615821)
  );
#1871 = CARTESIAN_POINT('',(-30.63541666734,2.86468353125,4.961777423731
    ));
#1872 = CARTESIAN_POINT('',(-30.59375000068,1.140505066613E-14,
    6.615703231641));
#1873 = CARTESIAN_POINT('',(-30.55208333401,-2.86468353125,
    4.961777423731));
#1874 = CARTESIAN_POINT('',(-30.51041666734,-5.7293670625,3.307851615821
    ));
#1875 = CARTESIAN_POINT('',(-30.46875000068,-5.7293670625,0.));
#1876 = CARTESIAN_POINT('',(-30.42708333401,-5.7293670625,
    -3.307851615821));
#1877 = CARTESIAN_POINT('',(-30.38541666734,-2.86468353125,
    -4.961777423731));
#1878 = CARTESIAN_POINT('',(-30.34375000068,9.701403981931E-15,
    -6.615703231641));
#1879 = CARTESIAN_POINT('',(-30.30208333401,2.86468353125,
    -4.961777423731));
#1880 = CARTESIAN_POINT('',(-30.26041666734,5.7293670625,-3.307851615821
    ));
#1881 = CARTESIAN_POINT('',(-30.21875000068,5.7293670625,
    -7.016451034231E-16));
#1882 = CARTESIAN_POINT('',(-30.17708333401,5.7293670625,3.307851615821)
  );
#1883 = CARTESIAN_POINT('',(-30.13541666734,2.86468353125,4.961777423731
    ));
#1884 = CARTESIAN_POINT('',(-30.09375000068,1.123851721243E-14,
    6.615703231641));
#1885 = CARTESIAN_POINT('',(-30.05208333401,-2.86468353125,
    4.961777423731));
#1886 = CARTESIAN_POINT('',(-30.01041666734,-5.7293670625,3.307851615821
    ));
#1887 = CARTESIAN_POINT('',(-29.96875000068,-5.7293670625,0.));
#1888 = CARTESIAN_POINT('',(-29.92708333401,-5.7293670625,
    -3.307851615821));
#1889 = CARTESIAN_POINT('',(-29.88541666734,-2.86468353125,
    -4.961777423731));
#1890 = CARTESIAN_POINT('',(-29.84375000068,9.534870528238E-15,
    -6.615703231641));
#1891 = CARTESIAN_POINT('',(-29.80208333401,2.86468353125,
    -4.961777423731));
#1892 = CARTESIAN_POINT('',(-29.76041666734,5.7293670625,-3.307851615821
    ));
#1893 = CARTESIAN_POINT('',(-29.71875000068,5.7293670625,
    -7.016451034231E-16));
#1894 = CARTESIAN_POINT('',(-29.67708333401,5.7293670625,3.307851615821)
  );
#1895 = CARTESIAN_POINT('',(-29.63541666734,2.86468353125,4.961777423731
    ));
#1896 = CARTESIAN_POINT('',(-29.59375000068,1.107198375874E-14,
    6.615703231641));
#1897 = CARTESIAN_POINT('',(-29.55208333401,-2.86468353125,
    4.961777423731));
#1898 = CARTESIAN_POINT('',(-29.51041666734,-5.7293670625,3.307851615821
    ));
#1899 = CARTESIAN_POINT('',(-29.46875000068,-5.7293670625,0.));
#1900 = CARTESIAN_POINT('',(-29.42708333401,-5.7293670625,
    -3.307851615821));
#1901 = CARTESIAN_POINT('',(-29.38541666734,-2.86468353125,
    -4.961777423731));
#1902 = CARTESIAN_POINT('',(-29.34375000068,9.368337074544E-15,
    -6.615703231641));
#1903 = CARTESIAN_POINT('',(-29.30208333401,2.86468353125,
    -4.961777423731));
#1904 = CARTESIAN_POINT('',(-29.26041666734,5.7293670625,-3.307851615821
    ));
#1905 = CARTESIAN_POINT('',(-29.21875000068,5.7293670625,
    -7.016451034231E-16));
#1906 = CARTESIAN_POINT('',(-29.17708333401,5.7293670625,3.307851615821)
  );
#1907 = CARTESIAN_POINT('',(-29.13541666734,2.86468353125,4.961777423731
    ));
#1908 = CARTESIAN_POINT('',(-29.09375000068,1.090545030504E-14,
    6.615703231641));
#1909 = CARTESIAN_POINT('',(-29.05208333401,-2.86468353125,
    4.961777423731));
#1910 = CARTESIAN_POINT('',(-29.01041666734,-5.7293670625,3.307851615821
    ));
#1911 = CARTESIAN_POINT('',(-28.96875000068,-5.7293670625,0.));
#1912 = CARTESIAN_POINT('',(-28.92708333401,-5.7293670625,
    -3.307851615821));
#1913 = CARTESIAN_POINT('',(-28.88541666734,-2.86468353125,
    -4.961777423731));
#1914 = CARTESIAN_POINT('',(-28.84375000068,9.20180362085E-15,
    -6.615703231641));
#1915 = CARTESIAN_POINT('',(-28.80208333401,2.86468353125,
    -4.961777423731));
#1916 = CARTESIAN_POINT('',(-28.76041666734,5.7293670625,-3.307851615821
    ));
#1917 = CARTESIAN_POINT('',(-28.71875000068,5.7293670625,
    -7.016451034231E-16));
#1918 = CARTESIAN_POINT('',(-28.67708333401,5.7293670625,3.307851615821)
  );
#1919 = CARTESIAN_POINT('',(-28.63541666734,2.86468353125,4.961777423731
    ));
#1920 = CARTESIAN_POINT('',(-28.59375000068,1.073891685135E-14,
    6.615703231641));
#1921 = CARTESIAN_POINT('',(-28.55208333401,-2.86468353125,
    4.961777423731));
#1922 = CARTESIAN_POINT('',(-28.51041666734,-5.7293670625,3.307851615821
    ));
#1923 = CARTESIAN_POINT('',(-28.46875000068,-5.7293670625,0.));
#1924 = CARTESIAN_POINT('',(-28.42708333401,-5.7293670625,
    -3.307851615821));
#1925 = CARTESIAN_POINT('',(-28.38541666734,-2.86468353125,
    -4.961777423731));
#1926 = CARTESIAN_POINT('',(-28.34375000068,9.035270167156E-15,
    -6.615703231641));
#1927 = CARTESIAN_POINT('',(-28.30208333401,2.86468353125,
    -4.961777423731));
#1928 = CARTESIAN_POINT('',(-28.26041666734,5.7293670625,-3.307851615821
    ));
#1929 = CARTESIAN_POINT('',(-28.21875000068,5.7293670625,
    -7.016451034231E-16));
#1930 = CARTESIAN_POINT('',(-28.17708333401,5.7293670625,3.307851615821)
  );
#1931 = CARTESIAN_POINT('',(-28.13541666734,2.86468353125,4.961777423731
    ));
#1932 = CARTESIAN_POINT('',(-28.09375000068,1.057238339766E-14,
    6.615703231641));
#1933 = CARTESIAN_POINT('',(-28.05208333401,-2.86468353125,
    4.961777423731));
#1934 = CARTESIAN_POINT('',(-28.01041666734,-5.7293670625,3.307851615821
    ));
#1935 = CARTESIAN_POINT('',(-27.96875000068,-5.7293670625,0.));
#1936 = CARTESIAN_POINT('',(-27.92708333401,-5.7293670625,
    -3.307851615821));
#1937 = CARTESIAN_POINT('',(-27.88541666734,-2.86468353125,
    -4.961777423731));
#1938 = CARTESIAN_POINT('',(-27.84375000068,8.868736713463E-15,
    -6.615703231641));
#1939 = CARTESIAN_POINT('',(-27.80208333401,2.86468353125,
    -4.961777423731));
#1940 = CARTESIAN_POINT('',(-27.76041666734,5.7293670625,-3.307851615821
    ));
#1941 = CARTESIAN_POINT('',(-27.71875000068,5.7293670625,
    -7.016451034231E-16));
#1942 = CARTESIAN_POINT('',(-27.67708333401,5.7293670625,3.307851615821)
  );
#1943 = CARTESIAN_POINT('',(-27.63541666734,2.86468353125,4.961777423731
    ));
#1944 = CARTESIAN_POINT('',(-27.59375000068,1.040584994396E-14,
    6.615703231641));
#1945 = CARTESIAN_POINT('',(-27.55208333401,-2.86468353125,
    4.961777423731));
#1946 = CARTESIAN_POINT('',(-27.51041666734,-5.7293670625,3.307851615821
    ));
#1947 = CARTESIAN_POINT('',(-27.46875000068,-5.7293670625,0.));
#1948 = CARTESIAN_POINT('',(-27.42708333401,-5.7293670625,
    -3.307851615821));
#1949 = CARTESIAN_POINT('',(-27.38541666734,-2.86468353125,
    -4.961777423731));
#1950 = CARTESIAN_POINT('',(-27.34375000068,8.702203259769E-15,
    -6.615703231641));
#1951 = CARTESIAN_POINT('',(-27.30208333401,2.86468353125,
    -4.961777423731));
#1952 = CARTESIAN_POINT('',(-27.26041666734,5.7293670625,-3.307851615821
    ));
#1953 = CARTESIAN_POINT('',(-27.21875000068,5.7293670625,
    -7.016451034231E-16));
#1954 = CARTESIAN_POINT('',(-27.17708333401,5.7293670625,3.307851615821)
  );
#1955 = CARTESIAN_POINT('',(-27.13541666734,2.86468353125,4.961777423731
    ));
#1956 = CARTESIAN_POINT('',(-27.09375000068,1.023931649027E-14,
    6.615703231641));
#1957 = CARTESIAN_POINT('',(-27.05208333401,-2.86468353125,
    4.961777423731));
#1958 = CARTESIAN_POINT('',(-27.01041666734,-5.7293670625,3.307851615821
    ));
#1959 = CARTESIAN_POINT('',(-26.96875000068,-5.7293670625,0.));
#1960 = CARTESIAN_POINT('',(-26.92708333401,-5.7293670625,
    -3.307851615821));
#1961 = CARTESIAN_POINT('',(-26.88541666734,-2.86468353125,
    -4.961777423731));
#1962 = CARTESIAN_POINT('',(-26.84375000068,8.535669806075E-15,
    -6.615703231641));
#1963 = CARTESIAN_POINT('',(-26.80208333401,2.86468353125,
    -4.961777423731));
#1964 = CARTESIAN_POINT('',(-26.76041666734,5.7293670625,-3.307851615821
    ));
#1965 = CARTESIAN_POINT('',(-26.71875000068,5.7293670625,
    -7.016451034231E-16));
#1966 = CARTESIAN_POINT('',(-26.67708333401,5.7293670625,3.307851615821)
  );
#1967 = CARTESIAN_POINT('',(-26.63541666734,2.86468353125,4.961777423731
    ));
#1968 = CARTESIAN_POINT('',(-26.59375000068,1.007278303658E-14,
    6.615703231641));
#1969 = CARTESIAN_POINT('',(-26.55208333401,-2.86468353125,
    4.961777423731));
#1970 = CARTESIAN_POINT('',(-26.51041666734,-5.7293670625,3.307851615821
    ));
#1971 = CARTESIAN_POINT('',(-26.46875000068,-5.7293670625,0.));
#1972 = CARTESIAN_POINT('',(-26.42708333401,-5.7293670625,
    -3.307851615821));
#1973 = CARTESIAN_POINT('',(-26.38541666734,-2.86468353125,
    -4.961777423731));
#1974 = CARTESIAN_POINT('',(-26.34375000068,8.369136352381E-15,
    -6.615703231641));
#1975 = CARTESIAN_POINT('',(-26.30208333401,2.86468353125,
    -4.961777423731));
#1976 = CARTESIAN_POINT('',(-26.26041666734,5.7293670625,-3.307851615821
    ));
#1977 = CARTESIAN_POINT('',(-26.21875000068,5.7293670625,
    -7.016451034231E-16));
#1978 = CARTESIAN_POINT('',(-26.17708333401,5.7293670625,3.307851615821)
  );
#1979 = CARTESIAN_POINT('',(-26.13541666734,2.86468353125,4.961777423731
    ));
#1980 = CARTESIAN_POINT('',(-26.09375000068,9.906249582882E-15,
    6.615703231641));
#1981 = CARTESIAN_POINT('',(-26.05208333401,-2.86468353125,
    4.961777423731));
#1982 = CARTESIAN_POINT('',(-26.01041666734,-5.7293670625,3.307851615821
    ));
#1983 = CARTESIAN_POINT('',(-25.96875000068,-5.7293670625,0.));
#1984 = CARTESIAN_POINT('',(-25.92708333401,-5.7293670625,
    -3.307851615821));
#1985 = CARTESIAN_POINT('',(-25.88541666734,-2.86468353125,
    -4.961777423731));
#1986 = CARTESIAN_POINT('',(-25.84375000068,8.202602898687E-15,
    -6.615703231641));
#1987 = CARTESIAN_POINT('',(-25.80208333401,2.86468353125,
    -4.961777423731));
#1988 = CARTESIAN_POINT('',(-25.76041666734,5.7293670625,-3.307851615821
    ));
#1989 = CARTESIAN_POINT('',(-25.71875000068,5.7293670625,
    -7.016451034231E-16));
#1990 = CARTESIAN_POINT('',(-25.67708333401,5.7293670625,3.307851615821)
  );
#1991 = CARTESIAN_POINT('',(-25.63541666734,2.86468353125,4.961777423731
    ));
#1992 = CARTESIAN_POINT('',(-25.59375000068,9.739716129188E-15,
    6.615703231641));
#1993 = CARTESIAN_POINT('',(-25.55208333401,-2.86468353125,
    4.961777423731));
#1994 = CARTESIAN_POINT('',(-25.51041666734,-5.7293670625,3.307851615821
    ));
#1995 = CARTESIAN_POINT('',(-25.46875000068,-5.7293670625,0.));
#1996 = CARTESIAN_POINT('',(-25.42708333401,-5.7293670625,
    -3.307851615821));
#1997 = CARTESIAN_POINT('',(-25.38541666734,-2.86468353125,
    -4.961777423731));
#1998 = CARTESIAN_POINT('',(-25.34375000068,8.036069444994E-15,
    -6.615703231641));
#1999 = CARTESIAN_POINT('',(-25.30208333401,2.86468353125,
    -4.961777423731));
#2000 = CARTESIAN_POINT('',(-25.26041666734,5.7293670625,-3.307851615821
    ));
#2001 = CARTESIAN_POINT('',(-25.21875000068,5.7293670625,
    -7.016451034231E-16));
#2002 = CARTESIAN_POINT('',(-25.17708333401,5.7293670625,3.307851615821)
  );
#2003 = CARTESIAN_POINT('',(-25.13541666734,2.86468353125,4.961777423731
    ));
#2004 = CARTESIAN_POINT('',(-25.09375000068,9.573182675494E-15,
    6.615703231641));
#2005 = CARTESIAN_POINT('',(-25.05208333401,-2.86468353125,
    4.961777423731));
#2006 = CARTESIAN_POINT('',(-25.01041666734,-5.7293670625,3.307851615821
    ));
#2007 = CARTESIAN_POINT('',(-24.96875000068,-5.7293670625,0.));
#2008 = CARTESIAN_POINT('',(-24.92708333401,-5.7293670625,
    -3.307851615821));
#2009 = CARTESIAN_POINT('',(-24.88541666734,-2.86468353125,
    -4.961777423731));
#2010 = CARTESIAN_POINT('',(-24.84375000068,7.8695359913E-15,
    -6.615703231641));
#2011 = CARTESIAN_POINT('',(-24.80208333401,2.86468353125,
    -4.961777423731));
#2012 = CARTESIAN_POINT('',(-24.76041666734,5.7293670625,-3.307851615821
    ));
#2013 = CARTESIAN_POINT('',(-24.71875000068,5.7293670625,
    -7.016451034231E-16));
#2014 = CARTESIAN_POINT('',(-24.69530096741,5.7293670625,1.861582142195)
  );
#2015 = CARTESIAN_POINT('',(-24.66837268273,4.635157514572,
    3.367634444528));
#2016 = DEFINITIONAL_REPRESENTATION('',(#2017),#2043);
#2017 = B_SPLINE_CURVE_WITH_KNOTS('',3,(#2018,#2019,#2020,#2021,#2022,
    #2023,#2024,#2025,#2026,#2027,#2028,#2029,#2030,#2031,#2032,#2033,
    #2034,#2035,#2036,#2037,#2038,#2039,#2040,#2041,#2042),
  .UNSPECIFIED.,.F.,.F.,(4,1,1,1,1,1,1,1,1,1,1,1,1,1,1,1,1,1,1,1,1,1,4),
  (0.,1.430117691469E-04,2.860235382938E-04,4.290353074407E-04,
    5.720470765876E-04,7.150588457344E-04,8.580706148813E-04,
    1.001082384028E-03,1.144094153175E-03,1.287105922322E-03,
    1.430117691469E-03,1.573129460616E-03,1.716141229763E-03,
    1.85915299891E-03,2.002164768056E-03,2.145176537203E-03,
    2.28818830635E-03,2.431200075497E-03,2.574211844644E-03,
    2.717223613791E-03,2.860235382938E-03,3.003247152085E-03,
    3.146258921232E-03),.QUASI_UNIFORM_KNOTS.);
#2018 = CARTESIAN_POINT('',(0.92376043474,3.655501227802E-02));
#2019 = CARTESIAN_POINT('',(0.917717309377,3.660661916995E-02));
#2020 = CARTESIAN_POINT('',(0.905640996255,3.670973357265E-02));
#2021 = CARTESIAN_POINT('',(0.887561920298,3.686417693026E-02));
#2022 = CARTESIAN_POINT('',(0.869523598792,3.701846223794E-02));
#2023 = CARTESIAN_POINT('',(0.851532163126,3.717265864409E-02));
#2024 = CARTESIAN_POINT('',(0.833594351515,3.732683491691E-02));
#2025 = CARTESIAN_POINT('',(0.815717655449,3.748105951016E-02));
#2026 = CARTESIAN_POINT('',(0.797910241423,3.763540101362E-02));
#2027 = CARTESIAN_POINT('',(0.7801813236,3.778992766264E-02));
#2028 = CARTESIAN_POINT('',(0.762539820507,3.79447102276E-02));
#2029 = CARTESIAN_POINT('',(0.744999288348,3.809981232954E-02));
#2030 = CARTESIAN_POINT('',(0.727559328138,3.825532768161E-02));
#2031 = CARTESIAN_POINT('',(0.710274685936,3.841124221574E-02));
#2032 = CARTESIAN_POINT('',(0.693168278213,3.856752204852E-02));
#2033 = CARTESIAN_POINT('',(0.676214086091,3.872424161596E-02));
#2034 = CARTESIAN_POINT('',(0.659406501312,3.8881445851E-02));
#2035 = CARTESIAN_POINT('',(0.642741905243,3.903918748035E-02));
#2036 = CARTESIAN_POINT('',(0.626223713874,3.91975174014E-02));
#2037 = CARTESIAN_POINT('',(0.609861104973,3.935648764338E-02));
#2038 = CARTESIAN_POINT('',(0.593669330181,3.951615094154E-02));
#2039 = CARTESIAN_POINT('',(0.577669785666,3.967656131168E-02));
#2040 = CARTESIAN_POINT('',(0.561889245393,3.983777405353E-02));
#2041 = CARTESIAN_POINT('',(0.551538061057,3.994582274382E-02));
#2042 = CARTESIAN_POINT('',(0.54641017584,4.E-02));
#2043 = ( GEOMETRIC_REPRESENTATION_CONTEXT(2) 
PARAMETRIC_REPRESENTATION_CONTEXT() REPRESENTATION_CONTEXT('2D SPACE',''
  ) );
#2044 = ORIENTED_EDGE('',*,*,#2045,.T.);
#2045 = EDGE_CURVE('',#1376,#2046,#2048,.T.);
#2046 = VERTEX_POINT('',#2047);
#2047 = CARTESIAN_POINT('',(-36.25,-6.,0.));
#2048 = SURFACE_CURVE('',#2049,(#2053,#2060),.PCURVE_S1.);
#2049 = LINE('',#2050,#2051);
#2050 = CARTESIAN_POINT('',(-36.5,-5.75,7.041719095097E-16));
#2051 = VECTOR('',#2052,1.);
#2052 = DIRECTION('',(0.707106781187,-0.707106781187,8.659560562355E-17)
  );
#2053 = PCURVE('',#1387,#2054);
#2054 = DEFINITIONAL_REPRESENTATION('',(#2055),#2059);
#2055 = LINE('',#2056,#2057);
#2056 = CARTESIAN_POINT('',(3.14159265359,-1.962615573355E-16));
#2057 = VECTOR('',#2058,1.);
#2058 = DIRECTION('',(0.,1.));
#2059 = ( GEOMETRIC_REPRESENTATION_CONTEXT(2) 
PARAMETRIC_REPRESENTATION_CONTEXT() REPRESENTATION_CONTEXT('2D SPACE',''
  ) );
#2060 = PCURVE('',#2061,#2066);
#2061 = CONICAL_SURFACE('',#2062,5.75,0.785398163397);
#2062 = AXIS2_PLACEMENT_3D('',#2063,#2064,#2065);
#2063 = CARTESIAN_POINT('',(-36.5,1.215694211965E-14,0.));
#2064 = DIRECTION('',(1.,-3.330669073875E-16,0.));
#2065 = DIRECTION('',(3.330669073875E-16,1.,0.));
#2066 = DEFINITIONAL_REPRESENTATION('',(#2067),#2071);
#2067 = LINE('',#2068,#2069);
#2068 = CARTESIAN_POINT('',(3.14159265359,-1.962615573355E-16));
#2069 = VECTOR('',#2070,1.);
#2070 = DIRECTION('',(0.,1.));
#2071 = ( GEOMETRIC_REPRESENTATION_CONTEXT(2) 
PARAMETRIC_REPRESENTATION_CONTEXT() REPRESENTATION_CONTEXT('2D SPACE',''
  ) );
#2072 = ORIENTED_EDGE('',*,*,#2073,.T.);
#2073 = EDGE_CURVE('',#2046,#2074,#2076,.T.);
#2074 = VERTEX_POINT('',#2075);
#2075 = CARTESIAN_POINT('',(-36.40849364905,5.841506350946,
    2.060417816092E-12));
#2076 = SURFACE_CURVE('',#2077,(#2120,#2215),.PCURVE_S1.);
#2077 = B_SPLINE_CURVE_WITH_KNOTS('',3,(#2078,#2079,#2080,#2081,#2082,
    #2083,#2084,#2085,#2086,#2087,#2088,#2089,#2090,#2091,#2092,#2093,
    #2094,#2095,#2096,#2097,#2098,#2099,#2100,#2101,#2102,#2103,#2104,
    #2105,#2106,#2107,#2108,#2109,#2110,#2111,#2112,#2113,#2114,#2115,
    #2116,#2117,#2118,#2119),.UNSPECIFIED.,.F.,.F.,(4,2,2,2,2,2,2,2,2,2,
    2,2,2,2,2,2,2,2,2,2,4),(1.101128788648E-17,1.171387086442E-03,
    2.342774172884E-03,2.928467716105E-03,3.514161259326E-03,
    4.685548345768E-03,5.85693543221E-03,6.442628975431E-03,
    7.028322518652E-03,8.199709605094E-03,9.371096691536E-03,
    1.054248377798E-02,1.11281773212E-02,1.171387086442E-02,
    1.288525795086E-02,1.40566450373E-02,1.464233858053E-02,
    1.522803212375E-02,1.639941921019E-02,1.757080629663E-02,
    1.874219338307E-02),.UNSPECIFIED.);
#2078 = CARTESIAN_POINT('',(-36.25,-6.,0.));
#2079 = CARTESIAN_POINT('',(-36.2529824319,-5.997017568094,0.39111146392
    ));
#2080 = CARTESIAN_POINT('',(-36.25614094104,-5.955173419395,
    0.782382266731));
#2081 = CARTESIAN_POINT('',(-36.26260398906,-5.798712026367,
    1.540686819158));
#2082 = CARTESIAN_POINT('',(-36.2659157805,-5.684648212156,
    1.909006301153));
#2083 = CARTESIAN_POINT('',(-36.27100552833,-5.459586167432,
    2.445170827276));
#2084 = CARTESIAN_POINT('',(-36.27273225376,-5.37495871186,
    2.622099155268));
#2085 = CARTESIAN_POINT('',(-36.27617025843,-5.190019356124,
    2.964489212058));
#2086 = CARTESIAN_POINT('',(-36.27788168101,-5.089820910891,
    3.130038026524));
#2087 = CARTESIAN_POINT('',(-36.28299377841,-4.766622701004,
    3.610172048635));
#2088 = CARTESIAN_POINT('',(-36.28637253729,-4.521235104706,
    3.908401932813));
#2089 = CARTESIAN_POINT('',(-36.29306836865,-3.9685245692,4.459615143787
    ));
#2090 = CARTESIAN_POINT('',(-36.29630153883,-3.667856851043,
    4.705531495836));
#2091 = CARTESIAN_POINT('',(-36.30092583594,-3.187062670879,
    5.027055175169));
#2092 = CARTESIAN_POINT('',(-36.30240677424,-3.02153584772,
    5.126578200755));
#2093 = CARTESIAN_POINT('',(-36.30543145048,-2.67966263371,
    5.309888996749));
#2094 = CARTESIAN_POINT('',(-36.3070017796,-2.502303372332,
    5.394024392922));
#2095 = CARTESIAN_POINT('',(-36.31177503539,-1.96363618639,
    5.617634959813));
#2096 = CARTESIAN_POINT('',(-36.31505048364,-1.594572849705,
    5.729766191045));
#2097 = CARTESIAN_POINT('',(-36.32178643157,-0.836919202923,
    5.881542295691));
#2098 = CARTESIAN_POINT('',(-36.32528071743,-0.444550949355,
    5.920660377262));
#2099 = CARTESIAN_POINT('',(-36.33218109562,0.328903818538,5.92131312593
    ));
#2100 = CARTESIAN_POINT('',(-36.33561201865,0.712795692003,
    5.884108237294));
#2101 = CARTESIAN_POINT('',(-36.34072871082,1.284325719798,
    5.771282368572));
#2102 = CARTESIAN_POINT('',(-36.34243618546,1.474881239578,
    5.723787056371));
#2103 = CARTESIAN_POINT('',(-36.34576993756,1.846617320956,
    5.611384839305));
#2104 = CARTESIAN_POINT('',(-36.34740369839,2.028635108704,
    5.546392466744));
#2105 = CARTESIAN_POINT('',(-36.3522072655,2.563374204875,5.325581529134
    ));
#2106 = CARTESIAN_POINT('',(-36.35517264589,2.905624350816,
    5.143833185061));
#2107 = CARTESIAN_POINT('',(-36.36143056506,3.555719824992,
    4.710073214424));
#2108 = CARTESIAN_POINT('',(-36.36466625573,3.854012207736,
    4.464588260808));
#2109 = CARTESIAN_POINT('',(-36.36967566164,4.26283591583,4.055076518091
    ));
#2110 = CARTESIAN_POINT('',(-36.37137162604,4.39262638657,3.911640259257
    ));
#2111 = CARTESIAN_POINT('',(-36.37481740534,4.638911723859,
    3.610553014364));
#2112 = CARTESIAN_POINT('',(-36.37656948214,4.755432046569,
    3.452628958517));
#2113 = CARTESIAN_POINT('',(-36.38178988431,5.07714014359,2.967981878408
    ));
#2114 = CARTESIAN_POINT('',(-36.3852613626,5.257653990378,2.627200987855
    ));
#2115 = CARTESIAN_POINT('',(-36.39218667976,5.551054623983,
    1.910424215831));
#2116 = CARTESIAN_POINT('',(-36.39565089821,5.663310190744,
    1.532759779834));
#2117 = CARTESIAN_POINT('',(-36.40225715304,5.809065656875,
    0.774521821501));
#2118 = CARTESIAN_POINT('',(-36.40543876061,5.844561239383,
    0.390030856247));
#2119 = CARTESIAN_POINT('',(-36.40849364905,5.841506350946,
    2.060417816092E-12));
#2120 = PCURVE('',#1387,#2121);
#2121 = DEFINITIONAL_REPRESENTATION('',(#2122),#2214);
#2122 = B_SPLINE_CURVE_WITH_KNOTS('',3,(#2123,#2124,#2125,#2126,#2127,
    #2128,#2129,#2130,#2131,#2132,#2133,#2134,#2135,#2136,#2137,#2138,
    #2139,#2140,#2141,#2142,#2143,#2144,#2145,#2146,#2147,#2148,#2149,
    #2150,#2151,#2152,#2153,#2154,#2155,#2156,#2157,#2158,#2159,#2160,
    #2161,#2162,#2163,#2164,#2165,#2166,#2167,#2168,#2169,#2170,#2171,
    #2172,#2173,#2174,#2175,#2176,#2177,#2178,#2179,#2180,#2181,#2182,
    #2183,#2184,#2185,#2186,#2187,#2188,#2189,#2190,#2191,#2192,#2193,
    #2194,#2195,#2196,#2197,#2198,#2199,#2200,#2201,#2202,#2203,#2204,
    #2205,#2206,#2207,#2208,#2209,#2210,#2211,#2212,#2213),
  .UNSPECIFIED.,.F.,.F.,(4,1,1,1,1,1,1,1,1,1,1,1,1,1,1,1,1,1,1,1,1,1,1,1
    ,1,1,1,1,1,1,1,1,1,1,1,1,1,1,1,1,1,1,1,1,1,1,1,1,1,1,1,1,1,1,1,1,1,1
    ,1,1,1,1,1,1,1,1,1,1,1,1,1,1,1,1,1,1,1,1,1,1,1,1,1,1,1,1,1,1,4),(
    1.101128788648E-17,2.129794702622E-04,4.259589405244E-04,
    6.389384107866E-04,8.519178810488E-04,1.064897351311E-03,
    1.277876821573E-03,1.490856291835E-03,1.703835762098E-03,
    1.91681523236E-03,2.129794702622E-03,2.342774172884E-03,
    2.555753643146E-03,2.768733113408E-03,2.981712583671E-03,
    3.194692053933E-03,3.407671524195E-03,3.620650994457E-03,
    3.833630464719E-03,4.046609934982E-03,4.259589405244E-03,
    4.472568875506E-03,4.685548345768E-03,4.89852781603E-03,
    5.111507286293E-03,5.324486756555E-03,5.537466226817E-03,
    5.750445697079E-03,5.963425167341E-03,6.176404637603E-03,
    6.389384107866E-03,6.602363578128E-03,6.81534304839E-03,
    7.028322518652E-03,7.241301988914E-03,7.454281459177E-03,
    7.667260929439E-03,7.880240399701E-03,8.093219869963E-03,
    8.306199340225E-03,8.519178810488E-03,8.73215828075E-03,
    8.945137751012E-03,9.158117221274E-03,9.371096691536E-03,
    9.584076161798E-03,9.797055632061E-03,1.001003510232E-02,
    1.022301457259E-02,1.043599404285E-02,1.064897351311E-02,
    1.086195298337E-02,1.107493245363E-02,1.12879119239E-02,
    1.150089139416E-02,1.171387086442E-02,1.192685033468E-02,
    1.213982980494E-02,1.235280927521E-02,1.256578874547E-02,
    1.277876821573E-02,1.299174768599E-02,1.320472715626E-02,
    1.341770662652E-02,1.363068609678E-02,1.384366556704E-02,
    1.40566450373E-02,1.426962450757E-02,1.448260397783E-02,
    1.469558344809E-02,1.490856291835E-02,1.512154238862E-02,
    1.533452185888E-02,1.554750132914E-02,1.57604807994E-02,
    1.597346026966E-02,1.618643973993E-02,1.639941921019E-02,
    1.661239868045E-02,1.682537815071E-02,1.703835762098E-02,
    1.725133709124E-02,1.74643165615E-02,1.767729603176E-02,
    1.789027550202E-02,1.810325497229E-02,1.831623444255E-02,
    1.852921391281E-02,1.874219338307E-02),.QUASI_UNIFORM_KNOTS.);
#2123 = CARTESIAN_POINT('',(3.14159265359,0.25));
#2124 = CARTESIAN_POINT('',(3.129740918435,0.249456305106));
#2125 = CARTESIAN_POINT('',(3.106028757434,0.248348052253));
#2126 = CARTESIAN_POINT('',(3.07046389456,0.246646994855));
#2127 = CARTESIAN_POINT('',(3.034931093532,0.244938271756));
#2128 = CARTESIAN_POINT('',(2.999461723787,0.243228040672));
#2129 = CARTESIAN_POINT('',(2.964083470938,0.241509925121));
#2130 = CARTESIAN_POINT('',(2.928838728906,0.239746577713));
#2131 = CARTESIAN_POINT('',(2.893676044856,0.237990719673));
#2132 = CARTESIAN_POINT('',(2.858548535581,0.236209051522));
#2133 = CARTESIAN_POINT('',(2.823414617181,0.234394468269));
#2134 = CARTESIAN_POINT('',(2.788223238702,0.232545903522));
#2135 = CARTESIAN_POINT('',(2.752954562591,0.23069510163));
#2136 = CARTESIAN_POINT('',(2.717473947575,0.228820015619));
#2137 = CARTESIAN_POINT('',(2.681849480889,0.226948639762));
#2138 = CARTESIAN_POINT('',(2.646281590513,0.225080611074));
#2139 = CARTESIAN_POINT('',(2.61087798301,0.22321102286));
#2140 = CARTESIAN_POINT('',(2.575573958414,0.221344073271));
#2141 = CARTESIAN_POINT('',(2.540329661478,0.21948422088));
#2142 = CARTESIAN_POINT('',(2.505099801883,0.217654350274));
#2143 = CARTESIAN_POINT('',(2.469842645852,0.215820620303));
#2144 = CARTESIAN_POINT('',(2.434509608674,0.213974834506));
#2145 = CARTESIAN_POINT('',(2.399070233168,0.212119141558));
#2146 = CARTESIAN_POINT('',(2.363424060245,0.210273725807));
#2147 = CARTESIAN_POINT('',(2.327730195262,0.20846323739));
#2148 = CARTESIAN_POINT('',(2.292175878516,0.206675399912));
#2149 = CARTESIAN_POINT('',(2.256689121099,0.204910721589));
#2150 = CARTESIAN_POINT('',(2.221268955186,0.203169750696));
#2151 = CARTESIAN_POINT('',(2.185893073372,0.201454925579));
#2152 = CARTESIAN_POINT('',(2.150556939022,0.199774431214));
#2153 = CARTESIAN_POINT('',(2.115167969857,0.198133444101));
#2154 = CARTESIAN_POINT('',(2.079696945312,0.196498444285));
#2155 = CARTESIAN_POINT('',(2.044051404114,0.194829997646));
#2156 = CARTESIAN_POINT('',(2.008213914336,0.193123182657));
#2157 = CARTESIAN_POINT('',(1.972421441319,0.191411125397));
#2158 = CARTESIAN_POINT('',(1.936809465694,0.189675126553));
#2159 = CARTESIAN_POINT('',(1.901301062742,0.187934160055));
#2160 = CARTESIAN_POINT('',(1.865858976363,0.186156378848));
#2161 = CARTESIAN_POINT('',(1.83043542528,0.184342707992));
#2162 = CARTESIAN_POINT('',(1.794984926869,0.182500470786));
#2163 = CARTESIAN_POINT('',(1.759465239141,0.18066442586));
#2164 = CARTESIAN_POINT('',(1.723746761142,0.178746827204));
#2165 = CARTESIAN_POINT('',(1.687925055563,0.176838130569));
#2166 = CARTESIAN_POINT('',(1.652066901557,0.17496376147));
#2167 = CARTESIAN_POINT('',(1.616242616861,0.173127891662));
#2168 = CARTESIAN_POINT('',(1.580539882485,0.171272302833));
#2169 = CARTESIAN_POINT('',(1.544969149526,0.16939745783));
#2170 = CARTESIAN_POINT('',(1.509426320901,0.167544738353));
#2171 = CARTESIAN_POINT('',(1.473882677162,0.165676512798));
#2172 = CARTESIAN_POINT('',(1.438287586617,0.163794617262));
#2173 = CARTESIAN_POINT('',(1.40259936897,0.161907465882));
#2174 = CARTESIAN_POINT('',(1.36676117811,0.160043925702));
#2175 = CARTESIAN_POINT('',(1.330715386585,0.158169141045));
#2176 = CARTESIAN_POINT('',(1.294689589305,0.156350190929));
#2177 = CARTESIAN_POINT('',(1.258870750404,0.15453674247));
#2178 = CARTESIAN_POINT('',(1.223148739615,0.152754195573));
#2179 = CARTESIAN_POINT('',(1.187494308459,0.150986591119));
#2180 = CARTESIAN_POINT('',(1.151841684317,0.149270115375));
#2181 = CARTESIAN_POINT('',(1.116145209408,0.147592434389));
#2182 = CARTESIAN_POINT('',(1.080379765923,0.145922775005));
#2183 = CARTESIAN_POINT('',(1.044509471748,0.144245856468));
#2184 = CARTESIAN_POINT('',(1.008513792746,0.14255251156));
#2185 = CARTESIAN_POINT('',(0.97231537365,0.140845769812));
#2186 = CARTESIAN_POINT('',(0.936334026936,0.139142538398));
#2187 = CARTESIAN_POINT('',(0.900475207898,0.137407714501));
#2188 = CARTESIAN_POINT('',(0.864703524631,0.135632901836));
#2189 = CARTESIAN_POINT('',(0.828968214988,0.133820360391));
#2190 = CARTESIAN_POINT('',(0.793223738245,0.131993791999));
#2191 = CARTESIAN_POINT('',(0.757424095799,0.130169313572));
#2192 = CARTESIAN_POINT('',(0.721524053873,0.128313341883));
#2193 = CARTESIAN_POINT('',(0.685469916726,0.126440703236));
#2194 = CARTESIAN_POINT('',(0.649232339477,0.1245254183));
#2195 = CARTESIAN_POINT('',(0.612995406142,0.122637607481));
#2196 = CARTESIAN_POINT('',(0.576973967312,0.12074144665));
#2197 = CARTESIAN_POINT('',(0.541059135918,0.118868188457));
#2198 = CARTESIAN_POINT('',(0.505199101302,0.116987123259));
#2199 = CARTESIAN_POINT('',(0.469349209687,0.115089931141));
#2200 = CARTESIAN_POINT('',(0.433460299692,0.113174554041));
#2201 = CARTESIAN_POINT('',(0.397493440375,0.111279629888));
#2202 = CARTESIAN_POINT('',(0.361374788076,0.10936279929));
#2203 = CARTESIAN_POINT('',(0.325140976574,0.107429105777));
#2204 = CARTESIAN_POINT('',(0.28886566041,0.105546801833));
#2205 = CARTESIAN_POINT('',(0.252616739824,0.103723471498));
#2206 = CARTESIAN_POINT('',(0.216455349777,0.10194621614));
#2207 = CARTESIAN_POINT('',(0.180475892722,0.100143793241));
#2208 = CARTESIAN_POINT('',(0.144518890992,9.839068188016E-02));
#2209 = CARTESIAN_POINT('',(0.10854423381,9.665170991902E-02));
#2210 = CARTESIAN_POINT('',(7.250356652776E-02,9.491845320279E-02));
#2211 = CARTESIAN_POINT('',(3.63497578798E-02,9.319273907236E-02));
#2212 = CARTESIAN_POINT('',(1.21397951758E-02,9.206307471902E-02));
#2213 = CARTESIAN_POINT('',(0.,9.15063509461E-02));
#2214 = ( GEOMETRIC_REPRESENTATION_CONTEXT(2) 
PARAMETRIC_REPRESENTATION_CONTEXT() REPRESENTATION_CONTEXT('2D SPACE',''
  ) );
#2215 = PCURVE('',#2216,#2811);
#2216 = ( BOUNDED_SURFACE() B_SPLINE_SURFACE(1,2,(
    (#2217,#2218,#2219,#2220,#2221,#2222,#2223,#2224,#2225,#2226,#2227
      ,#2228,#2229,#2230,#2231,#2232,#2233,#2234,#2235,#2236,#2237,#2238
      ,#2239,#2240,#2241,#2242,#2243,#2244,#2245,#2246,#2247,#2248,#2249
      ,#2250,#2251,#2252,#2253,#2254,#2255,#2256,#2257,#2258,#2259,#2260
      ,#2261,#2262,#2263,#2264,#2265,#2266,#2267,#2268,#2269,#2270,#2271
      ,#2272,#2273,#2274,#2275,#2276,#2277,#2278,#2279,#2280,#2281,#2282
      ,#2283,#2284,#2285,#2286,#2287,#2288,#2289,#2290,#2291,#2292,#2293
      ,#2294,#2295,#2296,#2297,#2298,#2299,#2300,#2301,#2302,#2303,#2304
      ,#2305,#2306,#2307,#2308,#2309,#2310,#2311,#2312,#2313,#2314,#2315
      ,#2316,#2317,#2318,#2319,#2320,#2321,#2322,#2323,#2324,#2325,#2326
      ,#2327,#2328,#2329,#2330,#2331,#2332,#2333,#2334,#2335,#2336,#2337
      ,#2338,#2339,#2340,#2341,#2342,#2343,#2344,#2345,#2346,#2347,#2348
      ,#2349,#2350,#2351,#2352,#2353,#2354,#2355,#2356,#2357,#2358,#2359
      ,#2360,#2361,#2362,#2363,#2364,#2365,#2366,#2367,#2368,#2369,#2370
      ,#2371,#2372,#2373,#2374,#2375,#2376,#2377,#2378,#2379,#2380,#2381
      ,#2382,#2383,#2384,#2385,#2386,#2387,#2388,#2389,#2390,#2391,#2392
      ,#2393,#2394,#2395,#2396,#2397,#2398,#2399,#2400,#2401,#2402,#2403
      ,#2404,#2405,#2406,#2407,#2408,#2409,#2410,#2411,#2412,#2413,#2414
      ,#2415,#2416,#2417,#2418,#2419,#2420,#2421,#2422,#2423,#2424,#2425
      ,#2426,#2427,#2428,#2429,#2430,#2431,#2432,#2433,#2434,#2435,#2436
      ,#2437,#2438,#2439,#2440,#2441,#2442,#2443,#2444,#2445,#2446,#2447
      ,#2448,#2449,#2450,#2451,#2452,#2453,#2454,#2455,#2456,#2457,#2458
      ,#2459,#2460,#2461,#2462,#2463,#2464,#2465,#2466,#2467,#2468,#2469
      ,#2470,#2471,#2472,#2473,#2474,#2475,#2476,#2477,#2478,#2479,#2480
      ,#2481,#2482,#2483,#2484,#2485,#2486,#2487,#2488,#2489,#2490,#2491
      ,#2492,#2493,#2494,#2495,#2496,#2497,#2498,#2499,#2500,#2501,#2502
      ,#2503,#2504,#2505,#2506,#2507,#2508,#2509,#2510,#2511,#2512,#2513
      )
    ,(#2514,#2515,#2516,#2517,#2518,#2519,#2520,#2521,#2522,#2523,#2524
      ,#2525,#2526,#2527,#2528,#2529,#2530,#2531,#2532,#2533,#2534,#2535
      ,#2536,#2537,#2538,#2539,#2540,#2541,#2542,#2543,#2544,#2545,#2546
      ,#2547,#2548,#2549,#2550,#2551,#2552,#2553,#2554,#2555,#2556,#2557
      ,#2558,#2559,#2560,#2561,#2562,#2563,#2564,#2565,#2566,#2567,#2568
      ,#2569,#2570,#2571,#2572,#2573,#2574,#2575,#2576,#2577,#2578,#2579
      ,#2580,#2581,#2582,#2583,#2584,#2585,#2586,#2587,#2588,#2589,#2590
      ,#2591,#2592,#2593,#2594,#2595,#2596,#2597,#2598,#2599,#2600,#2601
      ,#2602,#2603,#2604,#2605,#2606,#2607,#2608,#2609,#2610,#2611,#2612
      ,#2613,#2614,#2615,#2616,#2617,#2618,#2619,#2620,#2621,#2622,#2623
      ,#2624,#2625,#2626,#2627,#2628,#2629,#2630,#2631,#2632,#2633,#2634
      ,#2635,#2636,#2637,#2638,#2639,#2640,#2641,#2642,#2643,#2644,#2645
      ,#2646,#2647,#2648,#2649,#2650,#2651,#2652,#2653,#2654,#2655,#2656
      ,#2657,#2658,#2659,#2660,#2661,#2662,#2663,#2664,#2665,#2666,#2667
      ,#2668,#2669,#2670,#2671,#2672,#2673,#2674,#2675,#2676,#2677,#2678
      ,#2679,#2680,#2681,#2682,#2683,#2684,#2685,#2686,#2687,#2688,#2689
      ,#2690,#2691,#2692,#2693,#2694,#2695,#2696,#2697,#2698,#2699,#2700
      ,#2701,#2702,#2703,#2704,#2705,#2706,#2707,#2708,#2709,#2710,#2711
      ,#2712,#2713,#2714,#2715,#2716,#2717,#2718,#2719,#2720,#2721,#2722
      ,#2723,#2724,#2725,#2726,#2727,#2728,#2729,#2730,#2731,#2732,#2733
      ,#2734,#2735,#2736,#2737,#2738,#2739,#2740,#2741,#2742,#2743,#2744
      ,#2745,#2746,#2747,#2748,#2749,#2750,#2751,#2752,#2753,#2754,#2755
      ,#2756,#2757,#2758,#2759,#2760,#2761,#2762,#2763,#2764,#2765,#2766
      ,#2767,#2768,#2769,#2770,#2771,#2772,#2773,#2774,#2775,#2776,#2777
      ,#2778,#2779,#2780,#2781,#2782,#2783,#2784,#2785,#2786,#2787,#2788
      ,#2789,#2790,#2791,#2792,#2793,#2794,#2795,#2796,#2797,#2798,#2799
      ,#2800,#2801,#2802,#2803,#2804,#2805,#2806,#2807,#2808,#2809,#2810
)),.UNSPECIFIED.,.F.,.F.,.F.) B_SPLINE_SURFACE_WITH_KNOTS((2,2),(3,2,2,2
    ,2,2,2,2,2,2,2,2,2,2,2,2,2,2,2,2,2,2,2,2,2,2,2,2,2,2,2,2,2,2,2,2,2,2
    ,2,2,2,2,2,2,2,2,2,2,2,2,2,2,2,2,2,2,2,2,2,2,2,2,2,2,2,2,2,2,2,2,2,2
    ,2,2,2,2,2,2,2,2,2,2,2,2,2,2,2,2,2,2,2,2,2,2,2,2,2,2,2,2,2,2,2,2,2,2
    ,2,2,2,2,2,2,2,2,2,2,2,2,2,2,2,2,2,2,2,2,2,2,2,2,2,2,2,2,2,2,2,2,2,2
    ,2,2,2,2,2,2,2,2,3),(0.,1.),(0.,6.666666666667E-03,
    1.333333333333E-02,2.E-02,2.666666666667E-02,3.333333333333E-02,
    4.E-02,4.666666666667E-02,5.333333333333E-02,6.E-02,
    6.666666666667E-02,7.333333333333E-02,8.E-02,8.666666666667E-02,
    9.333333333333E-02,0.1,0.106666666667,0.113333333333,0.12,
    0.126666666667,0.133333333333,0.14,0.146666666667,0.153333333333,
    0.16,0.166666666667,0.173333333333,0.18,0.186666666667,
    0.193333333333,0.2,0.206666666667,0.213333333333,0.22,0.226666666667
    ,0.233333333333,0.24,0.246666666667,0.253333333333,0.26,
    0.266666666667,0.273333333333,0.28,0.286666666667,0.293333333333,0.3
    ,0.306666666667,0.313333333333,0.32,0.326666666667,0.333333333333,
    0.34,0.346666666667,0.353333333333,0.36,0.366666666667,
    0.373333333333,0.38,0.386666666667,0.393333333333,0.4,0.406666666667
    ,0.413333333333,0.42,0.426666666667,0.433333333333,0.44,
    0.446666666667,0.453333333333,0.46,0.466666666667,0.473333333333,
    0.48,0.486666666667,0.493333333333,0.5,0.506666666667,0.513333333333
    ,0.52,0.526666666667,0.533333333333,0.54,0.546666666667,
    0.553333333333,0.56,0.566666666667,0.573333333333,0.58,
    0.586666666667,0.593333333333,0.6,0.606666666667,0.613333333333,0.62
    ,0.626666666667,0.633333333333,0.64,0.646666666667,0.653333333333,
    0.66,0.666666666667,0.673333333333,0.68,0.686666666667,
    0.693333333333,0.7,0.706666666667,0.713333333333,0.72,0.726666666667
    ,0.733333333333,0.74,0.746666666667,0.753333333333,0.76,
    0.766666666667,0.773333333333,0.78,0.786666666667,0.793333333333,0.8
    ,0.806666666667,0.813333333333,0.82,0.826666666667,0.833333333333,
    0.84,0.846666666667,0.853333333333,0.86,0.866666666667,
    0.873333333333,0.88,0.886666666667,0.893333333333,0.9,0.906666666667
    ,0.913333333333,0.92,0.926666666667,0.933333333333,0.94,
    0.946666666667,0.953333333333,0.96,0.966666666667,0.973333333333,
0.98,0.983985290527),.UNSPECIFIED.) GEOMETRIC_REPRESENTATION_ITEM() 
RATIONAL_B_SPLINE_SURFACE((
    (1.,0.866025403784,1.,0.866025403784,1.,0.866025403784,1.
      ,0.866025403784,1.,0.866025403784,1.,0.866025403784,1.
      ,0.866025403784,1.,0.866025403784,1.,0.866025403784,1.
      ,0.866025403784,1.,0.866025403784,1.,0.866025403784,1.
      ,0.866025403784,1.,0.866025403784,1.,0.866025403784,1.
      ,0.866025403784,1.,0.866025403784,1.,0.866025403784,1.
      ,0.866025403784,1.,0.866025403784,1.,0.866025403784,1.
      ,0.866025403784,1.,0.866025403784,1.,0.866025403784,1.
      ,0.866025403784,1.,0.866025403784,1.,0.866025403784,1.
      ,0.866025403784,1.,0.866025403784,1.,0.866025403784,1.
      ,0.866025403784,1.,0.866025403784,1.,0.866025403784,1.
      ,0.866025403784,1.,0.866025403784,1.,0.866025403784,1.
      ,0.866025403784,1.,0.866025403784,1.,0.866025403784,1.
      ,0.866025403784,1.,0.866025403784,1.,0.866025403784,1.
      ,0.866025403784,1.,0.866025403784,1.,0.866025403784,1.
      ,0.866025403784,1.,0.866025403784,1.,0.866025403784,1.
      ,0.866025403784,1.,0.866025403784,1.,0.866025403784,1.
      ,0.866025403784,1.,0.866025403784,1.,0.866025403784,1.
      ,0.866025403784,1.,0.866025403784,1.,0.866025403784,1.
      ,0.866025403784,1.,0.866025403784,1.,0.866025403784,1.
      ,0.866025403784,1.,0.866025403784,1.,0.866025403784,1.
      ,0.866025403784,1.,0.866025403784,1.,0.866025403784,1.
      ,0.866025403784,1.,0.866025403784,1.,0.866025403784,1.
      ,0.866025403784,1.,0.866025403784,1.,0.866025403784,1.
      ,0.866025403784,1.,0.866025403784,1.,0.866025403784,1.
      ,0.866025403784,1.,0.866025403784,1.,0.866025403784,1.
      ,0.866025403784,1.,0.866025403784,1.,0.866025403784,1.
      ,0.866025403784,1.,0.866025403784,1.,0.866025403784,1.
      ,0.866025403784,1.,0.866025403784,1.,0.866025403784,1.
      ,0.866025403784,1.,0.866025403784,1.,0.866025403784,1.
      ,0.866025403784,1.,0.866025403784,1.,0.866025403784,1.
      ,0.866025403784,1.,0.866025403784,1.,0.866025403784,1.
      ,0.866025403784,1.,0.866025403784,1.,0.866025403784,1.
      ,0.866025403784,1.,0.866025403784,1.,0.866025403784,1.
      ,0.866025403784,1.,0.866025403784,1.,0.866025403784,1.
      ,0.866025403784,1.,0.866025403784,1.,0.866025403784,1.
      ,0.866025403784,1.,0.866025403784,1.,0.866025403784,1.
      ,0.866025403784,1.,0.866025403784,1.,0.866025403784,1.
      ,0.866025403784,1.,0.866025403784,1.,0.866025403784,1.
      ,0.866025403784,1.,0.866025403784,1.,0.866025403784,1.
      ,0.866025403784,1.,0.866025403784,1.,0.866025403784,1.
      ,0.866025403784,1.,0.866025403784,1.,0.866025403784,1.
      ,0.866025403784,1.,0.866025403784,1.,0.866025403784,1.
      ,0.866025403784,1.,0.866025403784,1.,0.866025403784,1.
      ,0.866025403784,1.,0.866025403784,1.,0.866025403784,1.
      ,0.866025403784,1.,0.866025403784,1.,0.866025403784,1.
      ,0.866025403784,1.,0.866025403784,1.,0.866025403784,1.
      ,0.866025403784,1.,0.866025403784,1.,0.866025403784,1.
      ,0.866025403784,1.,0.866025403784,1.,0.866025403784,1.
      ,0.919910846623,0.935575256531)
    ,(1.,0.866025403784,1.,0.866025403784,1.,0.866025403784,1.
      ,0.866025403784,1.,0.866025403784,1.,0.866025403784,1.
      ,0.866025403784,1.,0.866025403784,1.,0.866025403784,1.
      ,0.866025403784,1.,0.866025403784,1.,0.866025403784,1.
      ,0.866025403784,1.,0.866025403784,1.,0.866025403784,1.
      ,0.866025403784,1.,0.866025403784,1.,0.866025403784,1.
      ,0.866025403784,1.,0.866025403784,1.,0.866025403784,1.
      ,0.866025403784,1.,0.866025403784,1.,0.866025403784,1.
      ,0.866025403784,1.,0.866025403784,1.,0.866025403784,1.
      ,0.866025403784,1.,0.866025403784,1.,0.866025403784,1.
      ,0.866025403784,1.,0.866025403784,1.,0.866025403784,1.
      ,0.866025403784,1.,0.866025403784,1.,0.866025403784,1.
      ,0.866025403784,1.,0.866025403784,1.,0.866025403784,1.
      ,0.866025403784,1.,0.866025403784,1.,0.866025403784,1.
      ,0.866025403784,1.,0.866025403784,1.,0.866025403784,1.
      ,0.866025403784,1.,0.866025403784,1.,0.866025403784,1.
      ,0.866025403784,1.,0.866025403784,1.,0.866025403784,1.
      ,0.866025403784,1.,0.866025403784,1.,0.866025403784,1.
      ,0.866025403784,1.,0.866025403784,1.,0.866025403784,1.
      ,0.866025403784,1.,0.866025403784,1.,0.866025403784,1.
      ,0.866025403784,1.,0.866025403784,1.,0.866025403784,1.
      ,0.866025403784,1.,0.866025403784,1.,0.866025403784,1.
      ,0.866025403784,1.,0.866025403784,1.,0.866025403784,1.
      ,0.866025403784,1.,0.866025403784,1.,0.866025403784,1.
      ,0.866025403784,1.,0.866025403784,1.,0.866025403784,1.
      ,0.866025403784,1.,0.866025403784,1.,0.866025403784,1.
      ,0.866025403784,1.,0.866025403784,1.,0.866025403784,1.
      ,0.866025403784,1.,0.866025403784,1.,0.866025403784,1.
      ,0.866025403784,1.,0.866025403784,1.,0.866025403784,1.
      ,0.866025403784,1.,0.866025403784,1.,0.866025403784,1.
      ,0.866025403784,1.,0.866025403784,1.,0.866025403784,1.
      ,0.866025403784,1.,0.866025403784,1.,0.866025403784,1.
      ,0.866025403784,1.,0.866025403784,1.,0.866025403784,1.
      ,0.866025403784,1.,0.866025403784,1.,0.866025403784,1.
      ,0.866025403784,1.,0.866025403784,1.,0.866025403784,1.
      ,0.866025403784,1.,0.866025403784,1.,0.866025403784,1.
      ,0.866025403784,1.,0.866025403784,1.,0.866025403784,1.
      ,0.866025403784,1.,0.866025403784,1.,0.866025403784,1.
      ,0.866025403784,1.,0.866025403784,1.,0.866025403784,1.
      ,0.866025403784,1.,0.866025403784,1.,0.866025403784,1.
      ,0.866025403784,1.,0.866025403784,1.,0.866025403784,1.
      ,0.866025403784,1.,0.866025403784,1.,0.866025403784,1.
      ,0.866025403784,1.,0.866025403784,1.,0.866025403784,1.
      ,0.866025403784,1.,0.866025403784,1.,0.866025403784,1.
      ,0.866025403784,1.,0.866025403784,1.,0.866025403784,1.
      ,0.866025403784,1.,0.866025403784,1.,0.866025403784,1.
      ,0.866025403784,1.,0.866025403784,1.,0.866025403784,1.
      ,0.866025403784,1.,0.866025403784,1.,0.866025403784,1.
      ,0.866025403784,1.,0.866025403784,1.,0.866025403784,1.
,0.919910846623,0.935575256531))) REPRESENTATION_ITEM('') SURFACE() );
#2217 = CARTESIAN_POINT('',(-37.09375000068,-5.7293670625,0.));
#2218 = CARTESIAN_POINT('',(-37.05208333401,-5.7293670625,
    -3.307851615821));
#2219 = CARTESIAN_POINT('',(-37.01041666734,-2.86468353125,
    -4.961777423731));
#2220 = CARTESIAN_POINT('',(-36.96875000068,1.190797224337E-14,
    -6.615703231641));
#2221 = CARTESIAN_POINT('',(-36.92708333401,2.86468353125,
    -4.961777423731));
#2222 = CARTESIAN_POINT('',(-36.88541666734,5.7293670625,-3.307851615821
    ));
#2223 = CARTESIAN_POINT('',(-36.84375000068,5.7293670625,
    -7.016451034231E-16));
#2224 = CARTESIAN_POINT('',(-36.80208333401,5.7293670625,3.307851615821)
  );
#2225 = CARTESIAN_POINT('',(-36.76041666734,2.86468353125,4.961777423731
    ));
#2226 = CARTESIAN_POINT('',(-36.71875000068,1.344508547387E-14,
    6.615703231641));
#2227 = CARTESIAN_POINT('',(-36.67708333401,-2.86468353125,
    4.961777423731));
#2228 = CARTESIAN_POINT('',(-36.63541666734,-5.7293670625,3.307851615821
    ));
#2229 = CARTESIAN_POINT('',(-36.59375000068,-5.7293670625,0.));
#2230 = CARTESIAN_POINT('',(-36.55208333401,-5.7293670625,
    -3.307851615821));
#2231 = CARTESIAN_POINT('',(-36.51041666734,-2.86468353125,
    -4.961777423731));
#2232 = CARTESIAN_POINT('',(-36.46875000068,1.174143878968E-14,
    -6.615703231641));
#2233 = CARTESIAN_POINT('',(-36.42708333401,2.86468353125,
    -4.961777423731));
#2234 = CARTESIAN_POINT('',(-36.38541666734,5.7293670625,-3.307851615821
    ));
#2235 = CARTESIAN_POINT('',(-36.34375000068,5.7293670625,
    -7.016451034231E-16));
#2236 = CARTESIAN_POINT('',(-36.30208333401,5.7293670625,3.307851615821)
  );
#2237 = CARTESIAN_POINT('',(-36.26041666734,2.86468353125,4.961777423731
    ));
#2238 = CARTESIAN_POINT('',(-36.21875000068,1.327855202018E-14,
    6.615703231641));
#2239 = CARTESIAN_POINT('',(-36.17708333401,-2.86468353125,
    4.961777423731));
#2240 = CARTESIAN_POINT('',(-36.13541666734,-5.7293670625,3.307851615821
    ));
#2241 = CARTESIAN_POINT('',(-36.09375000068,-5.7293670625,0.));
#2242 = CARTESIAN_POINT('',(-36.05208333401,-5.7293670625,
    -3.307851615821));
#2243 = CARTESIAN_POINT('',(-36.01041666734,-2.86468353125,
    -4.961777423731));
#2244 = CARTESIAN_POINT('',(-35.96875000068,1.157490533599E-14,
    -6.615703231641));
#2245 = CARTESIAN_POINT('',(-35.92708333401,2.86468353125,
    -4.961777423731));
#2246 = CARTESIAN_POINT('',(-35.88541666734,5.7293670625,-3.307851615821
    ));
#2247 = CARTESIAN_POINT('',(-35.84375000068,5.7293670625,
    -7.016451034231E-16));
#2248 = CARTESIAN_POINT('',(-35.80208333401,5.7293670625,3.307851615821)
  );
#2249 = CARTESIAN_POINT('',(-35.76041666734,2.86468353125,4.961777423731
    ));
#2250 = CARTESIAN_POINT('',(-35.71875000068,1.311201856649E-14,
    6.615703231641));
#2251 = CARTESIAN_POINT('',(-35.67708333401,-2.86468353125,
    4.961777423731));
#2252 = CARTESIAN_POINT('',(-35.63541666734,-5.7293670625,3.307851615821
    ));
#2253 = CARTESIAN_POINT('',(-35.59375000068,-5.7293670625,0.));
#2254 = CARTESIAN_POINT('',(-35.55208333401,-5.7293670625,
    -3.307851615821));
#2255 = CARTESIAN_POINT('',(-35.51041666734,-2.86468353125,
    -4.961777423731));
#2256 = CARTESIAN_POINT('',(-35.46875000068,1.140837188229E-14,
    -6.615703231641));
#2257 = CARTESIAN_POINT('',(-35.42708333401,2.86468353125,
    -4.961777423731));
#2258 = CARTESIAN_POINT('',(-35.38541666734,5.7293670625,-3.307851615821
    ));
#2259 = CARTESIAN_POINT('',(-35.34375000068,5.7293670625,
    -7.016451034231E-16));
#2260 = CARTESIAN_POINT('',(-35.30208333401,5.7293670625,3.307851615821)
  );
#2261 = CARTESIAN_POINT('',(-35.26041666734,2.86468353125,4.961777423731
    ));
#2262 = CARTESIAN_POINT('',(-35.21875000068,1.294548511279E-14,
    6.615703231641));
#2263 = CARTESIAN_POINT('',(-35.17708333401,-2.86468353125,
    4.961777423731));
#2264 = CARTESIAN_POINT('',(-35.13541666734,-5.7293670625,3.307851615821
    ));
#2265 = CARTESIAN_POINT('',(-35.09375000068,-5.7293670625,0.));
#2266 = CARTESIAN_POINT('',(-35.05208333401,-5.7293670625,
    -3.307851615821));
#2267 = CARTESIAN_POINT('',(-35.01041666734,-2.86468353125,
    -4.961777423731));
#2268 = CARTESIAN_POINT('',(-34.96875000068,1.12418384286E-14,
    -6.615703231641));
#2269 = CARTESIAN_POINT('',(-34.92708333401,2.86468353125,
    -4.961777423731));
#2270 = CARTESIAN_POINT('',(-34.88541666734,5.7293670625,-3.307851615821
    ));
#2271 = CARTESIAN_POINT('',(-34.84375000068,5.7293670625,
    -7.016451034231E-16));
#2272 = CARTESIAN_POINT('',(-34.80208333401,5.7293670625,3.307851615821)
  );
#2273 = CARTESIAN_POINT('',(-34.76041666734,2.86468353125,4.961777423731
    ));
#2274 = CARTESIAN_POINT('',(-34.71875000068,1.27789516591E-14,
    6.615703231641));
#2275 = CARTESIAN_POINT('',(-34.67708333401,-2.86468353125,
    4.961777423731));
#2276 = CARTESIAN_POINT('',(-34.63541666734,-5.7293670625,3.307851615821
    ));
#2277 = CARTESIAN_POINT('',(-34.59375000068,-5.7293670625,0.));
#2278 = CARTESIAN_POINT('',(-34.55208333401,-5.7293670625,
    -3.307851615821));
#2279 = CARTESIAN_POINT('',(-34.51041666734,-2.86468353125,
    -4.961777423731));
#2280 = CARTESIAN_POINT('',(-34.46875000068,1.107530497491E-14,
    -6.615703231641));
#2281 = CARTESIAN_POINT('',(-34.42708333401,2.86468353125,
    -4.961777423731));
#2282 = CARTESIAN_POINT('',(-34.38541666734,5.7293670625,-3.307851615821
    ));
#2283 = CARTESIAN_POINT('',(-34.34375000068,5.7293670625,
    -7.016451034231E-16));
#2284 = CARTESIAN_POINT('',(-34.30208333401,5.7293670625,3.307851615821)
  );
#2285 = CARTESIAN_POINT('',(-34.26041666734,2.86468353125,4.961777423731
    ));
#2286 = CARTESIAN_POINT('',(-34.21875000068,1.261241820541E-14,
    6.615703231641));
#2287 = CARTESIAN_POINT('',(-34.17708333401,-2.86468353125,
    4.961777423731));
#2288 = CARTESIAN_POINT('',(-34.13541666734,-5.7293670625,3.307851615821
    ));
#2289 = CARTESIAN_POINT('',(-34.09375000068,-5.7293670625,0.));
#2290 = CARTESIAN_POINT('',(-34.05208333401,-5.7293670625,
    -3.307851615821));
#2291 = CARTESIAN_POINT('',(-34.01041666734,-2.86468353125,
    -4.961777423731));
#2292 = CARTESIAN_POINT('',(-33.96875000068,1.090877152121E-14,
    -6.615703231641));
#2293 = CARTESIAN_POINT('',(-33.92708333401,2.86468353125,
    -4.961777423731));
#2294 = CARTESIAN_POINT('',(-33.88541666734,5.7293670625,-3.307851615821
    ));
#2295 = CARTESIAN_POINT('',(-33.84375000068,5.7293670625,
    -7.016451034231E-16));
#2296 = CARTESIAN_POINT('',(-33.80208333401,5.7293670625,3.307851615821)
  );
#2297 = CARTESIAN_POINT('',(-33.76041666734,2.86468353125,4.961777423731
    ));
#2298 = CARTESIAN_POINT('',(-33.71875000068,1.244588475171E-14,
    6.615703231641));
#2299 = CARTESIAN_POINT('',(-33.67708333401,-2.86468353125,
    4.961777423731));
#2300 = CARTESIAN_POINT('',(-33.63541666734,-5.7293670625,3.307851615821
    ));
#2301 = CARTESIAN_POINT('',(-33.59375000068,-5.7293670625,0.));
#2302 = CARTESIAN_POINT('',(-33.55208333401,-5.7293670625,
    -3.307851615821));
#2303 = CARTESIAN_POINT('',(-33.51041666734,-2.86468353125,
    -4.961777423731));
#2304 = CARTESIAN_POINT('',(-33.46875000068,1.074223806752E-14,
    -6.615703231641));
#2305 = CARTESIAN_POINT('',(-33.42708333401,2.86468353125,
    -4.961777423731));
#2306 = CARTESIAN_POINT('',(-33.38541666734,5.7293670625,-3.307851615821
    ));
#2307 = CARTESIAN_POINT('',(-33.34375000068,5.7293670625,
    -7.016451034231E-16));
#2308 = CARTESIAN_POINT('',(-33.30208333401,5.7293670625,3.307851615821)
  );
#2309 = CARTESIAN_POINT('',(-33.26041666734,2.86468353125,4.961777423731
    ));
#2310 = CARTESIAN_POINT('',(-33.21875000068,1.227935129802E-14,
    6.615703231641));
#2311 = CARTESIAN_POINT('',(-33.17708333401,-2.86468353125,
    4.961777423731));
#2312 = CARTESIAN_POINT('',(-33.13541666734,-5.7293670625,3.307851615821
    ));
#2313 = CARTESIAN_POINT('',(-33.09375000068,-5.7293670625,0.));
#2314 = CARTESIAN_POINT('',(-33.05208333401,-5.7293670625,
    -3.307851615821));
#2315 = CARTESIAN_POINT('',(-33.01041666734,-2.86468353125,
    -4.961777423731));
#2316 = CARTESIAN_POINT('',(-32.96875000068,1.057570461382E-14,
    -6.615703231641));
#2317 = CARTESIAN_POINT('',(-32.92708333401,2.86468353125,
    -4.961777423731));
#2318 = CARTESIAN_POINT('',(-32.88541666734,5.7293670625,-3.307851615821
    ));
#2319 = CARTESIAN_POINT('',(-32.84375000068,5.7293670625,
    -7.016451034231E-16));
#2320 = CARTESIAN_POINT('',(-32.80208333401,5.7293670625,3.307851615821)
  );
#2321 = CARTESIAN_POINT('',(-32.76041666734,2.86468353125,4.961777423731
    ));
#2322 = CARTESIAN_POINT('',(-32.71875000068,1.211281784432E-14,
    6.615703231641));
#2323 = CARTESIAN_POINT('',(-32.67708333401,-2.86468353125,
    4.961777423731));
#2324 = CARTESIAN_POINT('',(-32.63541666734,-5.7293670625,3.307851615821
    ));
#2325 = CARTESIAN_POINT('',(-32.59375000068,-5.7293670625,0.));
#2326 = CARTESIAN_POINT('',(-32.55208333401,-5.7293670625,
    -3.307851615821));
#2327 = CARTESIAN_POINT('',(-32.51041666734,-2.86468353125,
    -4.961777423731));
#2328 = CARTESIAN_POINT('',(-32.46875000068,1.040917116013E-14,
    -6.615703231641));
#2329 = CARTESIAN_POINT('',(-32.42708333401,2.86468353125,
    -4.961777423731));
#2330 = CARTESIAN_POINT('',(-32.38541666734,5.7293670625,-3.307851615821
    ));
#2331 = CARTESIAN_POINT('',(-32.34375000068,5.7293670625,
    -7.016451034231E-16));
#2332 = CARTESIAN_POINT('',(-32.30208333401,5.7293670625,3.307851615821)
  );
#2333 = CARTESIAN_POINT('',(-32.26041666734,2.86468353125,4.961777423731
    ));
#2334 = CARTESIAN_POINT('',(-32.21875000068,1.194628439063E-14,
    6.615703231641));
#2335 = CARTESIAN_POINT('',(-32.17708333401,-2.86468353125,
    4.961777423731));
#2336 = CARTESIAN_POINT('',(-32.13541666734,-5.7293670625,3.307851615821
    ));
#2337 = CARTESIAN_POINT('',(-32.09375000068,-5.7293670625,0.));
#2338 = CARTESIAN_POINT('',(-32.05208333401,-5.7293670625,
    -3.307851615821));
#2339 = CARTESIAN_POINT('',(-32.01041666734,-2.86468353125,
    -4.961777423731));
#2340 = CARTESIAN_POINT('',(-31.96875000068,1.024263770644E-14,
    -6.615703231641));
#2341 = CARTESIAN_POINT('',(-31.92708333401,2.86468353125,
    -4.961777423731));
#2342 = CARTESIAN_POINT('',(-31.88541666734,5.7293670625,-3.307851615821
    ));
#2343 = CARTESIAN_POINT('',(-31.84375000068,5.7293670625,
    -7.016451034231E-16));
#2344 = CARTESIAN_POINT('',(-31.80208333401,5.7293670625,3.307851615821)
  );
#2345 = CARTESIAN_POINT('',(-31.76041666734,2.86468353125,4.961777423731
    ));
#2346 = CARTESIAN_POINT('',(-31.71875000068,1.177975093694E-14,
    6.615703231641));
#2347 = CARTESIAN_POINT('',(-31.67708333401,-2.86468353125,
    4.961777423731));
#2348 = CARTESIAN_POINT('',(-31.63541666734,-5.7293670625,3.307851615821
    ));
#2349 = CARTESIAN_POINT('',(-31.59375000068,-5.7293670625,0.));
#2350 = CARTESIAN_POINT('',(-31.55208333401,-5.7293670625,
    -3.307851615821));
#2351 = CARTESIAN_POINT('',(-31.51041666734,-2.86468353125,
    -4.961777423731));
#2352 = CARTESIAN_POINT('',(-31.46875000068,1.007610425274E-14,
    -6.615703231641));
#2353 = CARTESIAN_POINT('',(-31.42708333401,2.86468353125,
    -4.961777423731));
#2354 = CARTESIAN_POINT('',(-31.38541666734,5.7293670625,-3.307851615821
    ));
#2355 = CARTESIAN_POINT('',(-31.34375000068,5.7293670625,
    -7.016451034231E-16));
#2356 = CARTESIAN_POINT('',(-31.30208333401,5.7293670625,3.307851615821)
  );
#2357 = CARTESIAN_POINT('',(-31.26041666734,2.86468353125,4.961777423731
    ));
#2358 = CARTESIAN_POINT('',(-31.21875000068,1.161321748324E-14,
    6.615703231641));
#2359 = CARTESIAN_POINT('',(-31.17708333401,-2.86468353125,
    4.961777423731));
#2360 = CARTESIAN_POINT('',(-31.13541666734,-5.7293670625,3.307851615821
    ));
#2361 = CARTESIAN_POINT('',(-31.09375000068,-5.7293670625,0.));
#2362 = CARTESIAN_POINT('',(-31.05208333401,-5.7293670625,
    -3.307851615821));
#2363 = CARTESIAN_POINT('',(-31.01041666734,-2.86468353125,
    -4.961777423731));
#2364 = CARTESIAN_POINT('',(-30.96875000068,9.909570799049E-15,
    -6.615703231641));
#2365 = CARTESIAN_POINT('',(-30.92708333401,2.86468353125,
    -4.961777423731));
#2366 = CARTESIAN_POINT('',(-30.88541666734,5.7293670625,-3.307851615821
    ));
#2367 = CARTESIAN_POINT('',(-30.84375000068,5.7293670625,
    -7.016451034231E-16));
#2368 = CARTESIAN_POINT('',(-30.80208333401,5.7293670625,3.307851615821)
  );
#2369 = CARTESIAN_POINT('',(-30.76041666734,2.86468353125,4.961777423731
    ));
#2370 = CARTESIAN_POINT('',(-30.71875000068,1.144668402955E-14,
    6.615703231641));
#2371 = CARTESIAN_POINT('',(-30.67708333401,-2.86468353125,
    4.961777423731));
#2372 = CARTESIAN_POINT('',(-30.63541666734,-5.7293670625,3.307851615821
    ));
#2373 = CARTESIAN_POINT('',(-30.59375000068,-5.7293670625,0.));
#2374 = CARTESIAN_POINT('',(-30.55208333401,-5.7293670625,
    -3.307851615821));
#2375 = CARTESIAN_POINT('',(-30.51041666734,-2.86468353125,
    -4.961777423731));
#2376 = CARTESIAN_POINT('',(-30.46875000068,9.743037345355E-15,
    -6.615703231641));
#2377 = CARTESIAN_POINT('',(-30.42708333401,2.86468353125,
    -4.961777423731));
#2378 = CARTESIAN_POINT('',(-30.38541666734,5.7293670625,-3.307851615821
    ));
#2379 = CARTESIAN_POINT('',(-30.34375000068,5.7293670625,
    -7.016451034231E-16));
#2380 = CARTESIAN_POINT('',(-30.30208333401,5.7293670625,3.307851615821)
  );
#2381 = CARTESIAN_POINT('',(-30.26041666734,2.86468353125,4.961777423731
    ));
#2382 = CARTESIAN_POINT('',(-30.21875000068,1.128015057586E-14,
    6.615703231641));
#2383 = CARTESIAN_POINT('',(-30.17708333401,-2.86468353125,
    4.961777423731));
#2384 = CARTESIAN_POINT('',(-30.13541666734,-5.7293670625,3.307851615821
    ));
#2385 = CARTESIAN_POINT('',(-30.09375000068,-5.7293670625,0.));
#2386 = CARTESIAN_POINT('',(-30.05208333401,-5.7293670625,
    -3.307851615821));
#2387 = CARTESIAN_POINT('',(-30.01041666734,-2.86468353125,
    -4.961777423731));
#2388 = CARTESIAN_POINT('',(-29.96875000068,9.576503891661E-15,
    -6.615703231641));
#2389 = CARTESIAN_POINT('',(-29.92708333401,2.86468353125,
    -4.961777423731));
#2390 = CARTESIAN_POINT('',(-29.88541666734,5.7293670625,-3.307851615821
    ));
#2391 = CARTESIAN_POINT('',(-29.84375000068,5.7293670625,
    -7.016451034231E-16));
#2392 = CARTESIAN_POINT('',(-29.80208333401,5.7293670625,3.307851615821)
  );
#2393 = CARTESIAN_POINT('',(-29.76041666734,2.86468353125,4.961777423731
    ));
#2394 = CARTESIAN_POINT('',(-29.71875000068,1.111361712216E-14,
    6.615703231641));
#2395 = CARTESIAN_POINT('',(-29.67708333401,-2.86468353125,
    4.961777423731));
#2396 = CARTESIAN_POINT('',(-29.63541666734,-5.7293670625,3.307851615821
    ));
#2397 = CARTESIAN_POINT('',(-29.59375000068,-5.7293670625,0.));
#2398 = CARTESIAN_POINT('',(-29.55208333401,-5.7293670625,
    -3.307851615821));
#2399 = CARTESIAN_POINT('',(-29.51041666734,-2.86468353125,
    -4.961777423731));
#2400 = CARTESIAN_POINT('',(-29.46875000068,9.409970437967E-15,
    -6.615703231641));
#2401 = CARTESIAN_POINT('',(-29.42708333401,2.86468353125,
    -4.961777423731));
#2402 = CARTESIAN_POINT('',(-29.38541666734,5.7293670625,-3.307851615821
    ));
#2403 = CARTESIAN_POINT('',(-29.34375000068,5.7293670625,
    -7.016451034231E-16));
#2404 = CARTESIAN_POINT('',(-29.30208333401,5.7293670625,3.307851615821)
  );
#2405 = CARTESIAN_POINT('',(-29.26041666734,2.86468353125,4.961777423731
    ));
#2406 = CARTESIAN_POINT('',(-29.21875000068,1.094708366847E-14,
    6.615703231641));
#2407 = CARTESIAN_POINT('',(-29.17708333401,-2.86468353125,
    4.961777423731));
#2408 = CARTESIAN_POINT('',(-29.13541666734,-5.7293670625,3.307851615821
    ));
#2409 = CARTESIAN_POINT('',(-29.09375000068,-5.7293670625,0.));
#2410 = CARTESIAN_POINT('',(-29.05208333401,-5.7293670625,
    -3.307851615821));
#2411 = CARTESIAN_POINT('',(-29.01041666734,-2.86468353125,
    -4.961777423731));
#2412 = CARTESIAN_POINT('',(-28.96875000068,9.243436984274E-15,
    -6.615703231641));
#2413 = CARTESIAN_POINT('',(-28.92708333401,2.86468353125,
    -4.961777423731));
#2414 = CARTESIAN_POINT('',(-28.88541666734,5.7293670625,-3.307851615821
    ));
#2415 = CARTESIAN_POINT('',(-28.84375000068,5.7293670625,
    -7.016451034231E-16));
#2416 = CARTESIAN_POINT('',(-28.80208333401,5.7293670625,3.307851615821)
  );
#2417 = CARTESIAN_POINT('',(-28.76041666734,2.86468353125,4.961777423731
    ));
#2418 = CARTESIAN_POINT('',(-28.71875000068,1.078055021477E-14,
    6.615703231641));
#2419 = CARTESIAN_POINT('',(-28.67708333401,-2.86468353125,
    4.961777423731));
#2420 = CARTESIAN_POINT('',(-28.63541666734,-5.7293670625,3.307851615821
    ));
#2421 = CARTESIAN_POINT('',(-28.59375000068,-5.7293670625,0.));
#2422 = CARTESIAN_POINT('',(-28.55208333401,-5.7293670625,
    -3.307851615821));
#2423 = CARTESIAN_POINT('',(-28.51041666734,-2.86468353125,
    -4.961777423731));
#2424 = CARTESIAN_POINT('',(-28.46875000068,9.07690353058E-15,
    -6.615703231641));
#2425 = CARTESIAN_POINT('',(-28.42708333401,2.86468353125,
    -4.961777423731));
#2426 = CARTESIAN_POINT('',(-28.38541666734,5.7293670625,-3.307851615821
    ));
#2427 = CARTESIAN_POINT('',(-28.34375000068,5.7293670625,
    -7.016451034231E-16));
#2428 = CARTESIAN_POINT('',(-28.30208333401,5.7293670625,3.307851615821)
  );
#2429 = CARTESIAN_POINT('',(-28.26041666734,2.86468353125,4.961777423731
    ));
#2430 = CARTESIAN_POINT('',(-28.21875000068,1.061401676108E-14,
    6.615703231641));
#2431 = CARTESIAN_POINT('',(-28.17708333401,-2.86468353125,
    4.961777423731));
#2432 = CARTESIAN_POINT('',(-28.13541666734,-5.7293670625,3.307851615821
    ));
#2433 = CARTESIAN_POINT('',(-28.09375000068,-5.7293670625,0.));
#2434 = CARTESIAN_POINT('',(-28.05208333401,-5.7293670625,
    -3.307851615821));
#2435 = CARTESIAN_POINT('',(-28.01041666734,-2.86468353125,
    -4.961777423731));
#2436 = CARTESIAN_POINT('',(-27.96875000068,8.910370076886E-15,
    -6.615703231641));
#2437 = CARTESIAN_POINT('',(-27.92708333401,2.86468353125,
    -4.961777423731));
#2438 = CARTESIAN_POINT('',(-27.88541666734,5.7293670625,-3.307851615821
    ));
#2439 = CARTESIAN_POINT('',(-27.84375000068,5.7293670625,
    -7.016451034231E-16));
#2440 = CARTESIAN_POINT('',(-27.80208333401,5.7293670625,3.307851615821)
  );
#2441 = CARTESIAN_POINT('',(-27.76041666734,2.86468353125,4.961777423731
    ));
#2442 = CARTESIAN_POINT('',(-27.71875000068,1.044748330739E-14,
    6.615703231641));
#2443 = CARTESIAN_POINT('',(-27.67708333401,-2.86468353125,
    4.961777423731));
#2444 = CARTESIAN_POINT('',(-27.63541666734,-5.7293670625,3.307851615821
    ));
#2445 = CARTESIAN_POINT('',(-27.59375000068,-5.7293670625,0.));
#2446 = CARTESIAN_POINT('',(-27.55208333401,-5.7293670625,
    -3.307851615821));
#2447 = CARTESIAN_POINT('',(-27.51041666734,-2.86468353125,
    -4.961777423731));
#2448 = CARTESIAN_POINT('',(-27.46875000068,8.743836623192E-15,
    -6.615703231641));
#2449 = CARTESIAN_POINT('',(-27.42708333401,2.86468353125,
    -4.961777423731));
#2450 = CARTESIAN_POINT('',(-27.38541666734,5.7293670625,-3.307851615821
    ));
#2451 = CARTESIAN_POINT('',(-27.34375000068,5.7293670625,
    -7.016451034231E-16));
#2452 = CARTESIAN_POINT('',(-27.30208333401,5.7293670625,3.307851615821)
  );
#2453 = CARTESIAN_POINT('',(-27.26041666734,2.86468353125,4.961777423731
    ));
#2454 = CARTESIAN_POINT('',(-27.21875000068,1.028094985369E-14,
    6.615703231641));
#2455 = CARTESIAN_POINT('',(-27.17708333401,-2.86468353125,
    4.961777423731));
#2456 = CARTESIAN_POINT('',(-27.13541666734,-5.7293670625,3.307851615821
    ));
#2457 = CARTESIAN_POINT('',(-27.09375000068,-5.7293670625,0.));
#2458 = CARTESIAN_POINT('',(-27.05208333401,-5.7293670625,
    -3.307851615821));
#2459 = CARTESIAN_POINT('',(-27.01041666734,-2.86468353125,
    -4.961777423731));
#2460 = CARTESIAN_POINT('',(-26.96875000068,8.577303169498E-15,
    -6.615703231641));
#2461 = CARTESIAN_POINT('',(-26.92708333401,2.86468353125,
    -4.961777423731));
#2462 = CARTESIAN_POINT('',(-26.88541666734,5.7293670625,-3.307851615821
    ));
#2463 = CARTESIAN_POINT('',(-26.84375000068,5.7293670625,
    -7.016451034231E-16));
#2464 = CARTESIAN_POINT('',(-26.80208333401,5.7293670625,3.307851615821)
  );
#2465 = CARTESIAN_POINT('',(-26.76041666734,2.86468353125,4.961777423731
    ));
#2466 = CARTESIAN_POINT('',(-26.71875000068,1.01144164E-14,
    6.615703231641));
#2467 = CARTESIAN_POINT('',(-26.67708333401,-2.86468353125,
    4.961777423731));
#2468 = CARTESIAN_POINT('',(-26.63541666734,-5.7293670625,3.307851615821
    ));
#2469 = CARTESIAN_POINT('',(-26.59375000068,-5.7293670625,0.));
#2470 = CARTESIAN_POINT('',(-26.55208333401,-5.7293670625,
    -3.307851615821));
#2471 = CARTESIAN_POINT('',(-26.51041666734,-2.86468353125,
    -4.961777423731));
#2472 = CARTESIAN_POINT('',(-26.46875000068,8.410769715805E-15,
    -6.615703231641));
#2473 = CARTESIAN_POINT('',(-26.42708333401,2.86468353125,
    -4.961777423731));
#2474 = CARTESIAN_POINT('',(-26.38541666734,5.7293670625,-3.307851615821
    ));
#2475 = CARTESIAN_POINT('',(-26.34375000068,5.7293670625,
    -7.016451034231E-16));
#2476 = CARTESIAN_POINT('',(-26.30208333401,5.7293670625,3.307851615821)
  );
#2477 = CARTESIAN_POINT('',(-26.26041666734,2.86468353125,4.961777423731
    ));
#2478 = CARTESIAN_POINT('',(-26.21875000068,9.947882946305E-15,
    6.615703231641));
#2479 = CARTESIAN_POINT('',(-26.17708333401,-2.86468353125,
    4.961777423731));
#2480 = CARTESIAN_POINT('',(-26.13541666734,-5.7293670625,3.307851615821
    ));
#2481 = CARTESIAN_POINT('',(-26.09375000068,-5.7293670625,0.));
#2482 = CARTESIAN_POINT('',(-26.05208333401,-5.7293670625,
    -3.307851615821));
#2483 = CARTESIAN_POINT('',(-26.01041666734,-2.86468353125,
    -4.961777423731));
#2484 = CARTESIAN_POINT('',(-25.96875000068,8.244236262111E-15,
    -6.615703231641));
#2485 = CARTESIAN_POINT('',(-25.92708333401,2.86468353125,
    -4.961777423731));
#2486 = CARTESIAN_POINT('',(-25.88541666734,5.7293670625,-3.307851615821
    ));
#2487 = CARTESIAN_POINT('',(-25.84375000068,5.7293670625,
    -7.016451034231E-16));
#2488 = CARTESIAN_POINT('',(-25.80208333401,5.7293670625,3.307851615821)
  );
#2489 = CARTESIAN_POINT('',(-25.76041666734,2.86468353125,4.961777423731
    ));
#2490 = CARTESIAN_POINT('',(-25.71875000068,9.781349492612E-15,
    6.615703231641));
#2491 = CARTESIAN_POINT('',(-25.67708333401,-2.86468353125,
    4.961777423731));
#2492 = CARTESIAN_POINT('',(-25.63541666734,-5.7293670625,3.307851615821
    ));
#2493 = CARTESIAN_POINT('',(-25.59375000068,-5.7293670625,0.));
#2494 = CARTESIAN_POINT('',(-25.55208333401,-5.7293670625,
    -3.307851615821));
#2495 = CARTESIAN_POINT('',(-25.51041666734,-2.86468353125,
    -4.961777423731));
#2496 = CARTESIAN_POINT('',(-25.46875000068,8.077702808417E-15,
    -6.615703231641));
#2497 = CARTESIAN_POINT('',(-25.42708333401,2.86468353125,
    -4.961777423731));
#2498 = CARTESIAN_POINT('',(-25.38541666734,5.7293670625,-3.307851615821
    ));
#2499 = CARTESIAN_POINT('',(-25.34375000068,5.7293670625,
    -7.016451034231E-16));
#2500 = CARTESIAN_POINT('',(-25.30208333401,5.7293670625,3.307851615821)
  );
#2501 = CARTESIAN_POINT('',(-25.26041666734,2.86468353125,4.961777423731
    ));
#2502 = CARTESIAN_POINT('',(-25.21875000068,9.614816038918E-15,
    6.615703231641));
#2503 = CARTESIAN_POINT('',(-25.17708333401,-2.86468353125,
    4.961777423731));
#2504 = CARTESIAN_POINT('',(-25.13541666734,-5.7293670625,3.307851615821
    ));
#2505 = CARTESIAN_POINT('',(-25.09375000068,-5.7293670625,0.));
#2506 = CARTESIAN_POINT('',(-25.05208333401,-5.7293670625,
    -3.307851615821));
#2507 = CARTESIAN_POINT('',(-25.01041666734,-2.86468353125,
    -4.961777423731));
#2508 = CARTESIAN_POINT('',(-24.96875000068,7.911169354723E-15,
    -6.615703231641));
#2509 = CARTESIAN_POINT('',(-24.92708333401,2.86468353125,
    -4.961777423731));
#2510 = CARTESIAN_POINT('',(-24.88541666734,5.7293670625,-3.307851615821
    ));
#2511 = CARTESIAN_POINT('',(-24.84375000068,5.7293670625,
    -7.016451034231E-16));
#2512 = CARTESIAN_POINT('',(-24.82030096992,5.7293670625,1.861581942818)
  );
#2513 = CARTESIAN_POINT('',(-24.79337268795,4.635157726571,
    3.367634152735));
#2514 = CARTESIAN_POINT('',(-37.25,-6.,0.));
#2515 = CARTESIAN_POINT('',(-37.20833333333,-6.,-3.464101615138));
#2516 = CARTESIAN_POINT('',(-37.16666666666,-3.,-5.196152422707));
#2517 = CARTESIAN_POINT('',(-37.125,1.194087884127E-14,-6.928203230276)
  );
#2518 = CARTESIAN_POINT('',(-37.08333333333,3.,-5.196152422707));
#2519 = CARTESIAN_POINT('',(-37.04166666666,6.,-3.464101615138));
#2520 = CARTESIAN_POINT('',(-37.,6.,-7.347880794884E-16));
#2521 = CARTESIAN_POINT('',(-36.95833333333,6.,3.464101615138));
#2522 = CARTESIAN_POINT('',(-36.91666666666,3.,5.196152422707));
#2523 = CARTESIAN_POINT('',(-36.875,1.355453249639E-14,6.928203230276));
#2524 = CARTESIAN_POINT('',(-36.83333333333,-3.,5.196152422707));
#2525 = CARTESIAN_POINT('',(-36.79166666666,-6.,3.464101615138));
#2526 = CARTESIAN_POINT('',(-36.75,-6.,0.));
#2527 = CARTESIAN_POINT('',(-36.70833333333,-6.,-3.464101615138));
#2528 = CARTESIAN_POINT('',(-36.66666666666,-3.,-5.196152422707));
#2529 = CARTESIAN_POINT('',(-36.625,1.177434538758E-14,-6.928203230276)
  );
#2530 = CARTESIAN_POINT('',(-36.58333333333,3.,-5.196152422707));
#2531 = CARTESIAN_POINT('',(-36.54166666666,6.,-3.464101615138));
#2532 = CARTESIAN_POINT('',(-36.5,6.,-7.347880794884E-16));
#2533 = CARTESIAN_POINT('',(-36.45833333333,6.,3.464101615138));
#2534 = CARTESIAN_POINT('',(-36.41666666666,3.,5.196152422707));
#2535 = CARTESIAN_POINT('',(-36.375,1.338799904269E-14,6.928203230276));
#2536 = CARTESIAN_POINT('',(-36.33333333333,-3.,5.196152422707));
#2537 = CARTESIAN_POINT('',(-36.29166666666,-6.,3.464101615138));
#2538 = CARTESIAN_POINT('',(-36.25,-6.,0.));
#2539 = CARTESIAN_POINT('',(-36.20833333333,-6.,-3.464101615138));
#2540 = CARTESIAN_POINT('',(-36.16666666666,-3.,-5.196152422707));
#2541 = CARTESIAN_POINT('',(-36.125,1.160781193389E-14,-6.928203230276)
  );
#2542 = CARTESIAN_POINT('',(-36.08333333333,3.,-5.196152422707));
#2543 = CARTESIAN_POINT('',(-36.04166666666,6.,-3.464101615138));
#2544 = CARTESIAN_POINT('',(-36.,6.,-7.347880794884E-16));
#2545 = CARTESIAN_POINT('',(-35.95833333333,6.,3.464101615138));
#2546 = CARTESIAN_POINT('',(-35.91666666666,3.,5.196152422707));
#2547 = CARTESIAN_POINT('',(-35.875,1.3221465589E-14,6.928203230276));
#2548 = CARTESIAN_POINT('',(-35.83333333333,-3.,5.196152422707));
#2549 = CARTESIAN_POINT('',(-35.79166666666,-6.,3.464101615138));
#2550 = CARTESIAN_POINT('',(-35.75,-6.,0.));
#2551 = CARTESIAN_POINT('',(-35.70833333333,-6.,-3.464101615138));
#2552 = CARTESIAN_POINT('',(-35.66666666666,-3.,-5.196152422707));
#2553 = CARTESIAN_POINT('',(-35.625,1.144127848019E-14,-6.928203230276)
  );
#2554 = CARTESIAN_POINT('',(-35.58333333333,3.,-5.196152422707));
#2555 = CARTESIAN_POINT('',(-35.54166666666,6.,-3.464101615138));
#2556 = CARTESIAN_POINT('',(-35.5,6.,-7.347880794884E-16));
#2557 = CARTESIAN_POINT('',(-35.45833333333,6.,3.464101615138));
#2558 = CARTESIAN_POINT('',(-35.41666666666,3.,5.196152422707));
#2559 = CARTESIAN_POINT('',(-35.375,1.30549321353E-14,6.928203230276));
#2560 = CARTESIAN_POINT('',(-35.33333333333,-3.,5.196152422707));
#2561 = CARTESIAN_POINT('',(-35.29166666666,-6.,3.464101615138));
#2562 = CARTESIAN_POINT('',(-35.25,-6.,0.));
#2563 = CARTESIAN_POINT('',(-35.20833333333,-6.,-3.464101615138));
#2564 = CARTESIAN_POINT('',(-35.16666666666,-3.,-5.196152422707));
#2565 = CARTESIAN_POINT('',(-35.125,1.12747450265E-14,-6.928203230276));
#2566 = CARTESIAN_POINT('',(-35.08333333333,3.,-5.196152422707));
#2567 = CARTESIAN_POINT('',(-35.04166666666,6.,-3.464101615138));
#2568 = CARTESIAN_POINT('',(-35.,6.,-7.347880794884E-16));
#2569 = CARTESIAN_POINT('',(-34.95833333333,6.,3.464101615138));
#2570 = CARTESIAN_POINT('',(-34.91666666666,3.,5.196152422707));
#2571 = CARTESIAN_POINT('',(-34.875,1.288839868161E-14,6.928203230276));
#2572 = CARTESIAN_POINT('',(-34.83333333333,-3.,5.196152422707));
#2573 = CARTESIAN_POINT('',(-34.79166666666,-6.,3.464101615138));
#2574 = CARTESIAN_POINT('',(-34.75,-6.,0.));
#2575 = CARTESIAN_POINT('',(-34.70833333333,-6.,-3.464101615138));
#2576 = CARTESIAN_POINT('',(-34.66666666666,-3.,-5.196152422707));
#2577 = CARTESIAN_POINT('',(-34.625,1.11082115728E-14,-6.928203230276));
#2578 = CARTESIAN_POINT('',(-34.58333333333,3.,-5.196152422707));
#2579 = CARTESIAN_POINT('',(-34.54166666666,6.,-3.464101615138));
#2580 = CARTESIAN_POINT('',(-34.5,6.,-7.347880794884E-16));
#2581 = CARTESIAN_POINT('',(-34.45833333333,6.,3.464101615138));
#2582 = CARTESIAN_POINT('',(-34.41666666666,3.,5.196152422707));
#2583 = CARTESIAN_POINT('',(-34.375,1.272186522792E-14,6.928203230276));
#2584 = CARTESIAN_POINT('',(-34.33333333333,-3.,5.196152422707));
#2585 = CARTESIAN_POINT('',(-34.29166666666,-6.,3.464101615138));
#2586 = CARTESIAN_POINT('',(-34.25,-6.,0.));
#2587 = CARTESIAN_POINT('',(-34.20833333333,-6.,-3.464101615138));
#2588 = CARTESIAN_POINT('',(-34.16666666666,-3.,-5.196152422707));
#2589 = CARTESIAN_POINT('',(-34.125,1.094167811911E-14,-6.928203230276)
  );
#2590 = CARTESIAN_POINT('',(-34.08333333333,3.,-5.196152422707));
#2591 = CARTESIAN_POINT('',(-34.04166666666,6.,-3.464101615138));
#2592 = CARTESIAN_POINT('',(-34.,6.,-7.347880794884E-16));
#2593 = CARTESIAN_POINT('',(-33.95833333333,6.,3.464101615138));
#2594 = CARTESIAN_POINT('',(-33.91666666666,3.,5.196152422707));
#2595 = CARTESIAN_POINT('',(-33.875,1.255533177422E-14,6.928203230276));
#2596 = CARTESIAN_POINT('',(-33.83333333333,-3.,5.196152422707));
#2597 = CARTESIAN_POINT('',(-33.79166666666,-6.,3.464101615138));
#2598 = CARTESIAN_POINT('',(-33.75,-6.,0.));
#2599 = CARTESIAN_POINT('',(-33.70833333333,-6.,-3.464101615138));
#2600 = CARTESIAN_POINT('',(-33.66666666666,-3.,-5.196152422707));
#2601 = CARTESIAN_POINT('',(-33.625,1.077514466542E-14,-6.928203230276)
  );
#2602 = CARTESIAN_POINT('',(-33.58333333333,3.,-5.196152422707));
#2603 = CARTESIAN_POINT('',(-33.54166666666,6.,-3.464101615138));
#2604 = CARTESIAN_POINT('',(-33.5,6.,-7.347880794884E-16));
#2605 = CARTESIAN_POINT('',(-33.45833333333,6.,3.464101615138));
#2606 = CARTESIAN_POINT('',(-33.41666666666,3.,5.196152422707));
#2607 = CARTESIAN_POINT('',(-33.375,1.238879832053E-14,6.928203230276));
#2608 = CARTESIAN_POINT('',(-33.33333333333,-3.,5.196152422707));
#2609 = CARTESIAN_POINT('',(-33.29166666666,-6.,3.464101615138));
#2610 = CARTESIAN_POINT('',(-33.25,-6.,0.));
#2611 = CARTESIAN_POINT('',(-33.20833333333,-6.,-3.464101615138));
#2612 = CARTESIAN_POINT('',(-33.16666666666,-3.,-5.196152422707));
#2613 = CARTESIAN_POINT('',(-33.125,1.060861121172E-14,-6.928203230276)
  );
#2614 = CARTESIAN_POINT('',(-33.08333333333,3.,-5.196152422707));
#2615 = CARTESIAN_POINT('',(-33.04166666666,6.,-3.464101615138));
#2616 = CARTESIAN_POINT('',(-33.,6.,-7.347880794884E-16));
#2617 = CARTESIAN_POINT('',(-32.95833333333,6.,3.464101615138));
#2618 = CARTESIAN_POINT('',(-32.91666666666,3.,5.196152422707));
#2619 = CARTESIAN_POINT('',(-32.875,1.222226486684E-14,6.928203230276));
#2620 = CARTESIAN_POINT('',(-32.83333333333,-3.,5.196152422707));
#2621 = CARTESIAN_POINT('',(-32.79166666666,-6.,3.464101615138));
#2622 = CARTESIAN_POINT('',(-32.75,-6.,0.));
#2623 = CARTESIAN_POINT('',(-32.70833333333,-6.,-3.464101615138));
#2624 = CARTESIAN_POINT('',(-32.66666666666,-3.,-5.196152422707));
#2625 = CARTESIAN_POINT('',(-32.625,1.044207775803E-14,-6.928203230276)
  );
#2626 = CARTESIAN_POINT('',(-32.58333333333,3.,-5.196152422707));
#2627 = CARTESIAN_POINT('',(-32.54166666666,6.,-3.464101615138));
#2628 = CARTESIAN_POINT('',(-32.5,6.,-7.347880794884E-16));
#2629 = CARTESIAN_POINT('',(-32.45833333333,6.,3.464101615138));
#2630 = CARTESIAN_POINT('',(-32.41666666666,3.,5.196152422707));
#2631 = CARTESIAN_POINT('',(-32.375,1.205573141314E-14,6.928203230276));
#2632 = CARTESIAN_POINT('',(-32.33333333333,-3.,5.196152422707));
#2633 = CARTESIAN_POINT('',(-32.29166666666,-6.,3.464101615138));
#2634 = CARTESIAN_POINT('',(-32.25,-6.,0.));
#2635 = CARTESIAN_POINT('',(-32.20833333333,-6.,-3.464101615138));
#2636 = CARTESIAN_POINT('',(-32.16666666666,-3.,-5.196152422707));
#2637 = CARTESIAN_POINT('',(-32.125,1.027554430433E-14,-6.928203230276)
  );
#2638 = CARTESIAN_POINT('',(-32.08333333333,3.,-5.196152422707));
#2639 = CARTESIAN_POINT('',(-32.04166666666,6.,-3.464101615138));
#2640 = CARTESIAN_POINT('',(-32.,6.,-7.347880794884E-16));
#2641 = CARTESIAN_POINT('',(-31.95833333333,6.,3.464101615138));
#2642 = CARTESIAN_POINT('',(-31.91666666666,3.,5.196152422707));
#2643 = CARTESIAN_POINT('',(-31.875,1.188919795945E-14,6.928203230276));
#2644 = CARTESIAN_POINT('',(-31.83333333333,-3.,5.196152422707));
#2645 = CARTESIAN_POINT('',(-31.79166666666,-6.,3.464101615138));
#2646 = CARTESIAN_POINT('',(-31.75,-6.,0.));
#2647 = CARTESIAN_POINT('',(-31.70833333333,-6.,-3.464101615138));
#2648 = CARTESIAN_POINT('',(-31.66666666666,-3.,-5.196152422707));
#2649 = CARTESIAN_POINT('',(-31.625,1.010901085064E-14,-6.928203230276)
  );
#2650 = CARTESIAN_POINT('',(-31.58333333333,3.,-5.196152422707));
#2651 = CARTESIAN_POINT('',(-31.54166666666,6.,-3.464101615138));
#2652 = CARTESIAN_POINT('',(-31.5,6.,-7.347880794884E-16));
#2653 = CARTESIAN_POINT('',(-31.45833333333,6.,3.464101615138));
#2654 = CARTESIAN_POINT('',(-31.41666666666,3.,5.196152422707));
#2655 = CARTESIAN_POINT('',(-31.375,1.172266450575E-14,6.928203230276));
#2656 = CARTESIAN_POINT('',(-31.33333333333,-3.,5.196152422707));
#2657 = CARTESIAN_POINT('',(-31.29166666666,-6.,3.464101615138));
#2658 = CARTESIAN_POINT('',(-31.25,-6.,0.));
#2659 = CARTESIAN_POINT('',(-31.20833333333,-6.,-3.464101615138));
#2660 = CARTESIAN_POINT('',(-31.16666666666,-3.,-5.196152422707));
#2661 = CARTESIAN_POINT('',(-31.125,9.942477396947E-15,-6.928203230276)
  );
#2662 = CARTESIAN_POINT('',(-31.08333333333,3.,-5.196152422707));
#2663 = CARTESIAN_POINT('',(-31.04166666666,6.,-3.464101615138));
#2664 = CARTESIAN_POINT('',(-31.,6.,-7.347880794884E-16));
#2665 = CARTESIAN_POINT('',(-30.95833333333,6.,3.464101615138));
#2666 = CARTESIAN_POINT('',(-30.91666666666,3.,5.196152422707));
#2667 = CARTESIAN_POINT('',(-30.875,1.155613105206E-14,6.928203230276));
#2668 = CARTESIAN_POINT('',(-30.83333333333,-3.,5.196152422707));
#2669 = CARTESIAN_POINT('',(-30.79166666666,-6.,3.464101615138));
#2670 = CARTESIAN_POINT('',(-30.75,-6.,0.));
#2671 = CARTESIAN_POINT('',(-30.70833333333,-6.,-3.464101615138));
#2672 = CARTESIAN_POINT('',(-30.66666666666,-3.,-5.196152422707));
#2673 = CARTESIAN_POINT('',(-30.625,9.775943943254E-15,-6.928203230276)
  );
#2674 = CARTESIAN_POINT('',(-30.58333333333,3.,-5.196152422707));
#2675 = CARTESIAN_POINT('',(-30.54166666666,6.,-3.464101615138));
#2676 = CARTESIAN_POINT('',(-30.5,6.,-7.347880794884E-16));
#2677 = CARTESIAN_POINT('',(-30.45833333333,6.,3.464101615138));
#2678 = CARTESIAN_POINT('',(-30.41666666666,3.,5.196152422707));
#2679 = CARTESIAN_POINT('',(-30.375,1.138959759837E-14,6.928203230276));
#2680 = CARTESIAN_POINT('',(-30.33333333333,-3.,5.196152422707));
#2681 = CARTESIAN_POINT('',(-30.29166666666,-6.,3.464101615138));
#2682 = CARTESIAN_POINT('',(-30.25,-6.,0.));
#2683 = CARTESIAN_POINT('',(-30.20833333333,-6.,-3.464101615138));
#2684 = CARTESIAN_POINT('',(-30.16666666666,-3.,-5.196152422707));
#2685 = CARTESIAN_POINT('',(-30.125,9.60941048956E-15,-6.928203230276));
#2686 = CARTESIAN_POINT('',(-30.08333333333,3.,-5.196152422707));
#2687 = CARTESIAN_POINT('',(-30.04166666666,6.,-3.464101615138));
#2688 = CARTESIAN_POINT('',(-30.,6.,-7.347880794884E-16));
#2689 = CARTESIAN_POINT('',(-29.95833333333,6.,3.464101615138));
#2690 = CARTESIAN_POINT('',(-29.91666666666,3.,5.196152422707));
#2691 = CARTESIAN_POINT('',(-29.875,1.122306414467E-14,6.928203230276));
#2692 = CARTESIAN_POINT('',(-29.83333333333,-3.,5.196152422707));
#2693 = CARTESIAN_POINT('',(-29.79166666666,-6.,3.464101615138));
#2694 = CARTESIAN_POINT('',(-29.75,-6.,0.));
#2695 = CARTESIAN_POINT('',(-29.70833333333,-6.,-3.464101615138));
#2696 = CARTESIAN_POINT('',(-29.66666666666,-3.,-5.196152422707));
#2697 = CARTESIAN_POINT('',(-29.625,9.442877035866E-15,-6.928203230276)
  );
#2698 = CARTESIAN_POINT('',(-29.58333333333,3.,-5.196152422707));
#2699 = CARTESIAN_POINT('',(-29.54166666666,6.,-3.464101615138));
#2700 = CARTESIAN_POINT('',(-29.5,6.,-7.347880794884E-16));
#2701 = CARTESIAN_POINT('',(-29.45833333333,6.,3.464101615138));
#2702 = CARTESIAN_POINT('',(-29.41666666666,3.,5.196152422707));
#2703 = CARTESIAN_POINT('',(-29.375,1.105653069098E-14,6.928203230276));
#2704 = CARTESIAN_POINT('',(-29.33333333333,-3.,5.196152422707));
#2705 = CARTESIAN_POINT('',(-29.29166666666,-6.,3.464101615138));
#2706 = CARTESIAN_POINT('',(-29.25,-6.,0.));
#2707 = CARTESIAN_POINT('',(-29.20833333333,-6.,-3.464101615138));
#2708 = CARTESIAN_POINT('',(-29.16666666666,-3.,-5.196152422707));
#2709 = CARTESIAN_POINT('',(-29.125,9.276343582172E-15,-6.928203230276)
  );
#2710 = CARTESIAN_POINT('',(-29.08333333333,3.,-5.196152422707));
#2711 = CARTESIAN_POINT('',(-29.04166666666,6.,-3.464101615138));
#2712 = CARTESIAN_POINT('',(-29.,6.,-7.347880794884E-16));
#2713 = CARTESIAN_POINT('',(-28.95833333333,6.,3.464101615138));
#2714 = CARTESIAN_POINT('',(-28.91666666666,3.,5.196152422707));
#2715 = CARTESIAN_POINT('',(-28.875,1.088999723729E-14,6.928203230276));
#2716 = CARTESIAN_POINT('',(-28.83333333333,-3.,5.196152422707));
#2717 = CARTESIAN_POINT('',(-28.79166666666,-6.,3.464101615138));
#2718 = CARTESIAN_POINT('',(-28.75,-6.,0.));
#2719 = CARTESIAN_POINT('',(-28.70833333333,-6.,-3.464101615138));
#2720 = CARTESIAN_POINT('',(-28.66666666666,-3.,-5.196152422707));
#2721 = CARTESIAN_POINT('',(-28.625,9.109810128479E-15,-6.928203230276)
  );
#2722 = CARTESIAN_POINT('',(-28.58333333333,3.,-5.196152422707));
#2723 = CARTESIAN_POINT('',(-28.54166666666,6.,-3.464101615138));
#2724 = CARTESIAN_POINT('',(-28.5,6.,-7.347880794884E-16));
#2725 = CARTESIAN_POINT('',(-28.45833333333,6.,3.464101615138));
#2726 = CARTESIAN_POINT('',(-28.41666666666,3.,5.196152422707));
#2727 = CARTESIAN_POINT('',(-28.375,1.072346378359E-14,6.928203230276));
#2728 = CARTESIAN_POINT('',(-28.33333333333,-3.,5.196152422707));
#2729 = CARTESIAN_POINT('',(-28.29166666666,-6.,3.464101615138));
#2730 = CARTESIAN_POINT('',(-28.25,-6.,0.));
#2731 = CARTESIAN_POINT('',(-28.20833333333,-6.,-3.464101615138));
#2732 = CARTESIAN_POINT('',(-28.16666666666,-3.,-5.196152422707));
#2733 = CARTESIAN_POINT('',(-28.125,8.943276674785E-15,-6.928203230276)
  );
#2734 = CARTESIAN_POINT('',(-28.08333333333,3.,-5.196152422707));
#2735 = CARTESIAN_POINT('',(-28.04166666666,6.,-3.464101615138));
#2736 = CARTESIAN_POINT('',(-28.,6.,-7.347880794884E-16));
#2737 = CARTESIAN_POINT('',(-27.95833333333,6.,3.464101615138));
#2738 = CARTESIAN_POINT('',(-27.91666666666,3.,5.196152422707));
#2739 = CARTESIAN_POINT('',(-27.875,1.05569303299E-14,6.928203230276));
#2740 = CARTESIAN_POINT('',(-27.83333333333,-3.,5.196152422707));
#2741 = CARTESIAN_POINT('',(-27.79166666666,-6.,3.464101615138));
#2742 = CARTESIAN_POINT('',(-27.75,-6.,0.));
#2743 = CARTESIAN_POINT('',(-27.70833333333,-6.,-3.464101615138));
#2744 = CARTESIAN_POINT('',(-27.66666666666,-3.,-5.196152422707));
#2745 = CARTESIAN_POINT('',(-27.625,8.776743221091E-15,-6.928203230276)
  );
#2746 = CARTESIAN_POINT('',(-27.58333333333,3.,-5.196152422707));
#2747 = CARTESIAN_POINT('',(-27.54166666666,6.,-3.464101615138));
#2748 = CARTESIAN_POINT('',(-27.5,6.,-7.347880794884E-16));
#2749 = CARTESIAN_POINT('',(-27.45833333333,6.,3.464101615138));
#2750 = CARTESIAN_POINT('',(-27.41666666666,3.,5.196152422707));
#2751 = CARTESIAN_POINT('',(-27.375,1.03903968762E-14,6.928203230276));
#2752 = CARTESIAN_POINT('',(-27.33333333333,-3.,5.196152422707));
#2753 = CARTESIAN_POINT('',(-27.29166666666,-6.,3.464101615138));
#2754 = CARTESIAN_POINT('',(-27.25,-6.,0.));
#2755 = CARTESIAN_POINT('',(-27.20833333333,-6.,-3.464101615138));
#2756 = CARTESIAN_POINT('',(-27.16666666666,-3.,-5.196152422707));
#2757 = CARTESIAN_POINT('',(-27.125,8.610209767397E-15,-6.928203230276)
  );
#2758 = CARTESIAN_POINT('',(-27.08333333333,3.,-5.196152422707));
#2759 = CARTESIAN_POINT('',(-27.04166666666,6.,-3.464101615138));
#2760 = CARTESIAN_POINT('',(-27.,6.,-7.347880794884E-16));
#2761 = CARTESIAN_POINT('',(-26.95833333333,6.,3.464101615138));
#2762 = CARTESIAN_POINT('',(-26.91666666666,3.,5.196152422707));
#2763 = CARTESIAN_POINT('',(-26.875,1.022386342251E-14,6.928203230276));
#2764 = CARTESIAN_POINT('',(-26.83333333333,-3.,5.196152422707));
#2765 = CARTESIAN_POINT('',(-26.79166666666,-6.,3.464101615138));
#2766 = CARTESIAN_POINT('',(-26.75,-6.,0.));
#2767 = CARTESIAN_POINT('',(-26.70833333333,-6.,-3.464101615138));
#2768 = CARTESIAN_POINT('',(-26.66666666666,-3.,-5.196152422707));
#2769 = CARTESIAN_POINT('',(-26.625,8.443676313703E-15,-6.928203230276)
  );
#2770 = CARTESIAN_POINT('',(-26.58333333333,3.,-5.196152422707));
#2771 = CARTESIAN_POINT('',(-26.54166666666,6.,-3.464101615138));
#2772 = CARTESIAN_POINT('',(-26.5,6.,-7.347880794884E-16));
#2773 = CARTESIAN_POINT('',(-26.45833333333,6.,3.464101615138));
#2774 = CARTESIAN_POINT('',(-26.41666666666,3.,5.196152422707));
#2775 = CARTESIAN_POINT('',(-26.375,1.005732996882E-14,6.928203230276));
#2776 = CARTESIAN_POINT('',(-26.33333333333,-3.,5.196152422707));
#2777 = CARTESIAN_POINT('',(-26.29166666666,-6.,3.464101615138));
#2778 = CARTESIAN_POINT('',(-26.25,-6.,0.));
#2779 = CARTESIAN_POINT('',(-26.20833333333,-6.,-3.464101615138));
#2780 = CARTESIAN_POINT('',(-26.16666666666,-3.,-5.196152422707));
#2781 = CARTESIAN_POINT('',(-26.125,8.27714286001E-15,-6.928203230276));
#2782 = CARTESIAN_POINT('',(-26.08333333333,3.,-5.196152422707));
#2783 = CARTESIAN_POINT('',(-26.04166666666,6.,-3.464101615138));
#2784 = CARTESIAN_POINT('',(-26.,6.,-7.347880794884E-16));
#2785 = CARTESIAN_POINT('',(-25.95833333333,6.,3.464101615138));
#2786 = CARTESIAN_POINT('',(-25.91666666666,3.,5.196152422707));
#2787 = CARTESIAN_POINT('',(-25.875,9.890796515123E-15,6.928203230276));
#2788 = CARTESIAN_POINT('',(-25.83333333333,-3.,5.196152422707));
#2789 = CARTESIAN_POINT('',(-25.79166666666,-6.,3.464101615138));
#2790 = CARTESIAN_POINT('',(-25.75,-6.,0.));
#2791 = CARTESIAN_POINT('',(-25.70833333333,-6.,-3.464101615138));
#2792 = CARTESIAN_POINT('',(-25.66666666666,-3.,-5.196152422707));
#2793 = CARTESIAN_POINT('',(-25.625,8.110609406316E-15,-6.928203230276)
  );
#2794 = CARTESIAN_POINT('',(-25.58333333333,3.,-5.196152422707));
#2795 = CARTESIAN_POINT('',(-25.54166666666,6.,-3.464101615138));
#2796 = CARTESIAN_POINT('',(-25.5,6.,-7.347880794884E-16));
#2797 = CARTESIAN_POINT('',(-25.45833333333,6.,3.464101615138));
#2798 = CARTESIAN_POINT('',(-25.41666666666,3.,5.196152422707));
#2799 = CARTESIAN_POINT('',(-25.375,9.724263061429E-15,6.928203230276));
#2800 = CARTESIAN_POINT('',(-25.33333333333,-3.,5.196152422707));
#2801 = CARTESIAN_POINT('',(-25.29166666666,-6.,3.464101615138));
#2802 = CARTESIAN_POINT('',(-25.25,-6.,0.));
#2803 = CARTESIAN_POINT('',(-25.20833333333,-6.,-3.464101615138));
#2804 = CARTESIAN_POINT('',(-25.16666666666,-3.,-5.196152422707));
#2805 = CARTESIAN_POINT('',(-25.125,7.944075952622E-15,-6.928203230276)
  );
#2806 = CARTESIAN_POINT('',(-25.08333333333,3.,-5.196152422707));
#2807 = CARTESIAN_POINT('',(-25.04166666666,6.,-3.464101615138));
#2808 = CARTESIAN_POINT('',(-25.,6.,-7.347880794884E-16));
#2809 = CARTESIAN_POINT('',(-24.97655096924,6.,1.949515807779));
#2810 = CARTESIAN_POINT('',(-24.94962268727,4.854104485897,
    3.526708045756));
#2811 = DEFINITIONAL_REPRESENTATION('',(#2812),#2904);
#2812 = B_SPLINE_CURVE_WITH_KNOTS('',3,(#2813,#2814,#2815,#2816,#2817,
    #2818,#2819,#2820,#2821,#2822,#2823,#2824,#2825,#2826,#2827,#2828,
    #2829,#2830,#2831,#2832,#2833,#2834,#2835,#2836,#2837,#2838,#2839,
    #2840,#2841,#2842,#2843,#2844,#2845,#2846,#2847,#2848,#2849,#2850,
    #2851,#2852,#2853,#2854,#2855,#2856,#2857,#2858,#2859,#2860,#2861,
    #2862,#2863,#2864,#2865,#2866,#2867,#2868,#2869,#2870,#2871,#2872,
    #2873,#2874,#2875,#2876,#2877,#2878,#2879,#2880,#2881,#2882,#2883,
    #2884,#2885,#2886,#2887,#2888,#2889,#2890,#2891,#2892,#2893,#2894,
    #2895,#2896,#2897,#2898,#2899,#2900,#2901,#2902,#2903),
  .UNSPECIFIED.,.F.,.F.,(4,1,1,1,1,1,1,1,1,1,1,1,1,1,1,1,1,1,1,1,1,1,1,1
    ,1,1,1,1,1,1,1,1,1,1,1,1,1,1,1,1,1,1,1,1,1,1,1,1,1,1,1,1,1,1,1,1,1,1
    ,1,1,1,1,1,1,1,1,1,1,1,1,1,1,1,1,1,1,1,1,1,1,1,1,1,1,1,1,1,1,4),(
    1.101128788648E-17,2.129794702622E-04,4.259589405244E-04,
    6.389384107866E-04,8.519178810488E-04,1.064897351311E-03,
    1.277876821573E-03,1.490856291835E-03,1.703835762098E-03,
    1.91681523236E-03,2.129794702622E-03,2.342774172884E-03,
    2.555753643146E-03,2.768733113408E-03,2.981712583671E-03,
    3.194692053933E-03,3.407671524195E-03,3.620650994457E-03,
    3.833630464719E-03,4.046609934982E-03,4.259589405244E-03,
    4.472568875506E-03,4.685548345768E-03,4.89852781603E-03,
    5.111507286293E-03,5.324486756555E-03,5.537466226817E-03,
    5.750445697079E-03,5.963425167341E-03,6.176404637603E-03,
    6.389384107866E-03,6.602363578128E-03,6.81534304839E-03,
    7.028322518652E-03,7.241301988914E-03,7.454281459177E-03,
    7.667260929439E-03,7.880240399701E-03,8.093219869963E-03,
    8.306199340225E-03,8.519178810488E-03,8.73215828075E-03,
    8.945137751012E-03,9.158117221274E-03,9.371096691536E-03,
    9.584076161798E-03,9.797055632061E-03,1.001003510232E-02,
    1.022301457259E-02,1.043599404285E-02,1.064897351311E-02,
    1.086195298337E-02,1.107493245363E-02,1.12879119239E-02,
    1.150089139416E-02,1.171387086442E-02,1.192685033468E-02,
    1.213982980494E-02,1.235280927521E-02,1.256578874547E-02,
    1.277876821573E-02,1.299174768599E-02,1.320472715626E-02,
    1.341770662652E-02,1.363068609678E-02,1.384366556704E-02,
    1.40566450373E-02,1.426962450757E-02,1.448260397783E-02,
    1.469558344809E-02,1.490856291835E-02,1.512154238862E-02,
    1.533452185888E-02,1.554750132914E-02,1.57604807994E-02,
    1.597346026966E-02,1.618643973993E-02,1.639941921019E-02,
    1.661239868045E-02,1.682537815071E-02,1.703835762098E-02,
    1.725133709124E-02,1.74643165615E-02,1.767729603176E-02,
    1.789027550202E-02,1.810325497229E-02,1.831623444255E-02,
    1.852921391281E-02,1.874219338307E-02),.QUASI_UNIFORM_KNOTS.);
#2813 = CARTESIAN_POINT('',(1.,8.E-02));
#2814 = CARTESIAN_POINT('',(0.997988417709,7.992098834755E-02));
#2815 = CARTESIAN_POINT('',(0.993871298444,7.976366002549E-02));
#2816 = CARTESIAN_POINT('',(0.98753901293,7.952977012695E-02));
#2817 = CARTESIAN_POINT('',(0.981214581451,7.929799571714E-02));
#2818 = CARTESIAN_POINT('',(0.974925253394,7.906836626195E-02));
#2819 = CARTESIAN_POINT('',(0.968629364586,7.884088824852E-02));
#2820 = CARTESIAN_POINT('',(0.962112678032,7.861566229535E-02));
#2821 = CARTESIAN_POINT('',(0.955666346359,7.839219588625E-02));
#2822 = CARTESIAN_POINT('',(0.949106791952,7.817003799516E-02));
#2823 = CARTESIAN_POINT('',(0.942394435071,7.79487801357E-02));
#2824 = CARTESIAN_POINT('',(0.935524030465,7.772796169441E-02));
#2825 = CARTESIAN_POINT('',(0.928668914605,7.750732205345E-02));
#2826 = CARTESIAN_POINT('',(0.921716148825,7.728588625182E-02));
#2827 = CARTESIAN_POINT('',(0.914809996621,7.706394679671E-02));
#2828 = CARTESIAN_POINT('',(0.907924820106,7.684261195178E-02));
#2829 = CARTESIAN_POINT('',(0.901018507258,7.662240967933E-02));
#2830 = CARTESIAN_POINT('',(0.894116214096,7.640279897704E-02));
#2831 = CARTESIAN_POINT('',(0.887242260095,7.618339575712E-02));
#2832 = CARTESIAN_POINT('',(0.88052389396,7.59637824113E-02));
#2833 = CARTESIAN_POINT('',(0.87377317178,7.57435610151E-02));
#2834 = CARTESIAN_POINT('',(0.866944824859,7.552228689338E-02));
#2835 = CARTESIAN_POINT('',(0.86004918033,7.529962393911E-02));
#2836 = CARTESIAN_POINT('',(0.853203410391,7.507478555573E-02));
#2837 = CARTESIAN_POINT('',(0.846524788404,7.484861445922E-02));
#2838 = CARTESIAN_POINT('',(0.839923148136,7.462215094875E-02));
#2839 = CARTESIAN_POINT('',(0.833404164454,7.439479596743E-02));
#2840 = CARTESIAN_POINT('',(0.826967047399,7.416639045919E-02));
#2841 = CARTESIAN_POINT('',(0.820623442272,7.393665391111E-02));
#2842 = CARTESIAN_POINT('',(0.814415969901,7.370534443075E-02));
#2843 = CARTESIAN_POINT('',(0.808323086914,7.347189987548E-02));
#2844 = CARTESIAN_POINT('',(0.802319568084,7.323515130858E-02));
#2845 = CARTESIAN_POINT('',(0.796127075478,7.299955465321E-02));
#2846 = CARTESIAN_POINT('',(0.789812846312,7.276468976598E-02));
#2847 = CARTESIAN_POINT('',(0.783513376012,7.253199302408E-02));
#2848 = CARTESIAN_POINT('',(0.777115161909,7.230214311503E-02));
#2849 = CARTESIAN_POINT('',(0.77072347507,7.20744642649E-02));
#2850 = CARTESIAN_POINT('',(0.764162116723,7.184855003999E-02));
#2851 = CARTESIAN_POINT('',(0.757436069946,7.162393873585E-02));
#2852 = CARTESIAN_POINT('',(0.750585771631,7.140019351156E-02));
#2853 = CARTESIAN_POINT('',(0.743803239183,7.117690462576E-02));
#2854 = CARTESIAN_POINT('',(0.736611779275,7.095312059036E-02));
#2855 = CARTESIAN_POINT('',(0.729498021678,7.072930516223E-02));
#2856 = CARTESIAN_POINT('',(0.722592180083,7.050573300538E-02));
#2857 = CARTESIAN_POINT('',(0.715906494274,7.02826979694E-02));
#2858 = CARTESIAN_POINT('',(0.709105723882,7.006059988822E-02));
#2859 = CARTESIAN_POINT('',(0.702186695567,6.983936088295E-02));
#2860 = CARTESIAN_POINT('',(0.695384487573,6.961819414161E-02));
#2861 = CARTESIAN_POINT('',(0.688488865863,6.93967808029E-02));
#2862 = CARTESIAN_POINT('',(0.681510360165,6.917466428274E-02));
#2863 = CARTESIAN_POINT('',(0.674495136457,6.89514396467E-02));
#2864 = CARTESIAN_POINT('',(0.667604538612,6.872660142895E-02));
#2865 = CARTESIAN_POINT('',(0.660645684245,6.849962674384E-02));
#2866 = CARTESIAN_POINT('',(0.653964603765,6.827178789181E-02));
#2867 = CARTESIAN_POINT('',(0.647260804935,6.80441238509E-02));
#2868 = CARTESIAN_POINT('',(0.640677485339,6.781579693688E-02));
#2869 = CARTESIAN_POINT('',(0.634141582394,6.758646599422E-02));
#2870 = CARTESIAN_POINT('',(0.627793036615,6.735557093133E-02));
#2871 = CARTESIAN_POINT('',(0.621570476052,6.7122579061E-02));
#2872 = CARTESIAN_POINT('',(0.615375305954,6.68874018143E-02));
#2873 = CARTESIAN_POINT('',(0.609219851386,6.66486601846E-02));
#2874 = CARTESIAN_POINT('',(0.602982735342,6.640964018444E-02));
#2875 = CARTESIAN_POINT('',(0.596668701979,6.617187784743E-02));
#2876 = CARTESIAN_POINT('',(0.590422211304,6.593736058925E-02));
#2877 = CARTESIAN_POINT('',(0.584037163921,6.570542249766E-02));
#2878 = CARTESIAN_POINT('',(0.577470126456,6.547561327726E-02));
#2879 = CARTESIAN_POINT('',(0.570732464512,6.524744802095E-02));
#2880 = CARTESIAN_POINT('',(0.563955166312,6.502047466823E-02));
#2881 = CARTESIAN_POINT('',(0.55722740863,6.479425113467E-02));
#2882 = CARTESIAN_POINT('',(0.550363905036,6.456834567862E-02));
#2883 = CARTESIAN_POINT('',(0.543447536936,6.434227916348E-02));
#2884 = CARTESIAN_POINT('',(0.536333278302,6.411572783591E-02));
#2885 = CARTESIAN_POINT('',(0.529386913381,6.388969790681E-02));
#2886 = CARTESIAN_POINT('',(0.522384873034,6.366537465609E-02));
#2887 = CARTESIAN_POINT('',(0.515506085019,6.344192967275E-02));
#2888 = CARTESIAN_POINT('',(0.508581015257,6.321889531648E-02));
#2889 = CARTESIAN_POINT('',(0.501563264738,6.299585028162E-02));
#2890 = CARTESIAN_POINT('',(0.49444152769,6.277234497289E-02));
#2891 = CARTESIAN_POINT('',(0.487429429241,6.254799168301E-02));
#2892 = CARTESIAN_POINT('',(0.480294464476,6.232217837978E-02));
#2893 = CARTESIAN_POINT('',(0.473055965186,6.209497755777E-02));
#2894 = CARTESIAN_POINT('',(0.46608130697,6.186669417525E-02));
#2895 = CARTESIAN_POINT('',(0.459401898138,6.163759980086E-02));
#2896 = CARTESIAN_POINT('',(0.452936095453,6.140792691924E-02));
#2897 = CARTESIAN_POINT('',(0.446274394167,6.117813008493E-02));
#2898 = CARTESIAN_POINT('',(0.439842203945,6.09470432261E-02));
#2899 = CARTESIAN_POINT('',(0.433443103636,6.071424285906E-02));
#2900 = CARTESIAN_POINT('',(0.427029982067,6.047924112097E-02));
#2901 = CARTESIAN_POINT('',(0.420612513987,6.02415436383E-02));
#2902 = CARTESIAN_POINT('',(0.416418890181,6.00809301497E-02));
#2903 = CARTESIAN_POINT('',(0.414359351386,6.E-02));
#2904 = ( GEOMETRIC_REPRESENTATION_CONTEXT(2) 
PARAMETRIC_REPRESENTATION_CONTEXT() REPRESENTATION_CONTEXT('2D SPACE',''
  ) );
#2905 = ORIENTED_EDGE('',*,*,#2906,.F.);
#2906 = EDGE_CURVE('',#2907,#2074,#2909,.T.);
#2907 = VERTEX_POINT('',#2908);
#2908 = CARTESIAN_POINT('',(-36.5,5.75,0.));
#2909 = SURFACE_CURVE('',#2910,(#2914,#2921),.PCURVE_S1.);
#2910 = LINE('',#2911,#2912);
#2911 = CARTESIAN_POINT('',(-36.5,5.75,0.));
#2912 = VECTOR('',#2913,1.);
#2913 = DIRECTION('',(0.707106781187,0.707106781187,0.));
#2914 = PCURVE('',#1387,#2915);
#2915 = DEFINITIONAL_REPRESENTATION('',(#2916),#2920);
#2916 = LINE('',#2917,#2918);
#2917 = CARTESIAN_POINT('',(0.,2.736911063134E-48));
#2918 = VECTOR('',#2919,1.);
#2919 = DIRECTION('',(0.,1.));
#2920 = ( GEOMETRIC_REPRESENTATION_CONTEXT(2) 
PARAMETRIC_REPRESENTATION_CONTEXT() REPRESENTATION_CONTEXT('2D SPACE',''
  ) );
#2921 = PCURVE('',#2922,#2927);
#2922 = CONICAL_SURFACE('',#2923,5.75,0.785398163397);
#2923 = AXIS2_PLACEMENT_3D('',#2924,#2925,#2926);
#2924 = CARTESIAN_POINT('',(-36.5,1.215694211965E-14,0.));
#2925 = DIRECTION('',(1.,-3.330669073875E-16,0.));
#2926 = DIRECTION('',(3.330669073875E-16,1.,0.));
#2927 = DEFINITIONAL_REPRESENTATION('',(#2928),#2932);
#2928 = LINE('',#2929,#2930);
#2929 = CARTESIAN_POINT('',(6.28318530718,2.736911063134E-48));
#2930 = VECTOR('',#2931,1.);
#2931 = DIRECTION('',(0.,1.));
#2932 = ( GEOMETRIC_REPRESENTATION_CONTEXT(2) 
PARAMETRIC_REPRESENTATION_CONTEXT() REPRESENTATION_CONTEXT('2D SPACE',''
  ) );
#2933 = ORIENTED_EDGE('',*,*,#2934,.F.);
#2934 = EDGE_CURVE('',#1374,#2907,#2935,.T.);
#2935 = SURFACE_CURVE('',#2936,(#2941,#2948),.PCURVE_S1.);
#2936 = CIRCLE('',#2937,5.75);
#2937 = AXIS2_PLACEMENT_3D('',#2938,#2939,#2940);
#2938 = CARTESIAN_POINT('',(-36.5,1.215694211965E-14,0.));
#2939 = DIRECTION('',(-1.,3.330669073875E-16,0.));
#2940 = DIRECTION('',(-3.330669073875E-16,-1.,0.));
#2941 = PCURVE('',#1387,#2942);
#2942 = DEFINITIONAL_REPRESENTATION('',(#2943),#2947);
#2943 = LINE('',#2944,#2945);
#2944 = CARTESIAN_POINT('',(3.14159265359,-5.365861269191E-16));
#2945 = VECTOR('',#2946,1.);
#2946 = DIRECTION('',(-1.,1.708006689874E-16));
#2947 = ( GEOMETRIC_REPRESENTATION_CONTEXT(2) 
PARAMETRIC_REPRESENTATION_CONTEXT() REPRESENTATION_CONTEXT('2D SPACE',''
  ) );
#2948 = PCURVE('',#1313,#2949);
#2949 = DEFINITIONAL_REPRESENTATION('',(#2950),#2954);
#2950 = CIRCLE('',#2951,5.75);
#2951 = AXIS2_PLACEMENT_2D('',#2952,#2953);
#2952 = CARTESIAN_POINT('',(0.,0.));
#2953 = DIRECTION('',(1.,0.));
#2954 = ( GEOMETRIC_REPRESENTATION_CONTEXT(2) 
PARAMETRIC_REPRESENTATION_CONTEXT() REPRESENTATION_CONTEXT('2D SPACE',''
  ) );
#2955 = ADVANCED_FACE('',(#2956),#2922,.T.);
#2956 = FACE_BOUND('',#2957,.T.);
#2957 = EDGE_LOOP('',(#2958,#2982,#2983));
#2958 = ORIENTED_EDGE('',*,*,#2959,.F.);
#2959 = EDGE_CURVE('',#2907,#2960,#2962,.T.);
#2960 = VERTEX_POINT('',#2961);
#2961 = CARTESIAN_POINT('',(-36.5,-1.334292143519,-5.593046082033));
#2962 = SURFACE_CURVE('',#2963,(#2968,#2975),.PCURVE_S1.);
#2963 = CIRCLE('',#2964,5.75);
#2964 = AXIS2_PLACEMENT_3D('',#2965,#2966,#2967);
#2965 = CARTESIAN_POINT('',(-36.5,1.215694211965E-14,0.));
#2966 = DIRECTION('',(-1.,3.330669073875E-16,0.));
#2967 = DIRECTION('',(-3.330669073875E-16,-1.,0.));
#2968 = PCURVE('',#2922,#2969);
#2969 = DEFINITIONAL_REPRESENTATION('',(#2970),#2974);
#2970 = LINE('',#2971,#2972);
#2971 = CARTESIAN_POINT('',(9.424777960769,7.500537766962E-48));
#2972 = VECTOR('',#2973,1.);
#2973 = DIRECTION('',(-1.,-1.516309473918E-48));
#2974 = ( GEOMETRIC_REPRESENTATION_CONTEXT(2) 
PARAMETRIC_REPRESENTATION_CONTEXT() REPRESENTATION_CONTEXT('2D SPACE',''
  ) );
#2975 = PCURVE('',#1313,#2976);
#2976 = DEFINITIONAL_REPRESENTATION('',(#2977),#2981);
#2977 = CIRCLE('',#2978,5.75);
#2978 = AXIS2_PLACEMENT_2D('',#2979,#2980);
#2979 = CARTESIAN_POINT('',(0.,0.));
#2980 = DIRECTION('',(1.,0.));
#2981 = ( GEOMETRIC_REPRESENTATION_CONTEXT(2) 
PARAMETRIC_REPRESENTATION_CONTEXT() REPRESENTATION_CONTEXT('2D SPACE',''
  ) );
#2982 = ORIENTED_EDGE('',*,*,#2906,.T.);
#2983 = ORIENTED_EDGE('',*,*,#2984,.T.);
#2984 = EDGE_CURVE('',#2074,#2960,#2985,.T.);
#2985 = SURFACE_CURVE('',#2986,(#3013,#3086),.PCURVE_S1.);
#2986 = B_SPLINE_CURVE_WITH_KNOTS('',3,(#2987,#2988,#2989,#2990,#2991,
    #2992,#2993,#2994,#2995,#2996,#2997,#2998,#2999,#3000,#3001,#3002,
    #3003,#3004,#3005,#3006,#3007,#3008,#3009,#3010,#3011,#3012),
  .UNSPECIFIED.,.F.,.F.,(4,2,2,2,2,2,2,2,2,2,2,2,4),(1.874219338307E-02,
    2.005941330174E-02,2.071802326107E-02,2.13766332204E-02,
    2.269385313907E-02,2.33524630984E-02,2.401107305773E-02,
    2.466968301706E-02,2.532829297639E-02,2.664551289506E-02,
    2.730412285439E-02,2.796273281372E-02,2.927995273239E-02),
  .UNSPECIFIED.);
#2987 = CARTESIAN_POINT('',(-36.40849364905,5.841506350946,
    2.060417816092E-12));
#2988 = CARTESIAN_POINT('',(-36.41192885842,5.838071141574,
    -0.438588079622));
#2989 = CARTESIAN_POINT('',(-36.41555673551,5.785121509049,
    -0.872516852891));
#2990 = CARTESIAN_POINT('',(-36.42118995163,5.635143584556,
    -1.505732527053));
#2991 = CARTESIAN_POINT('',(-36.42310465757,5.573278556717,
    -1.714442534348));
#2992 = CARTESIAN_POINT('',(-36.42701068421,5.425049429045,
    -2.126988718092));
#2993 = CARTESIAN_POINT('',(-36.42898917883,5.339043712079,
    -2.329392914897));
#2994 = CARTESIAN_POINT('',(-36.43489576857,5.050689976914,
    -2.914641745563));
#2995 = CARTESIAN_POINT('',(-36.43883637781,4.816881885527,
    -3.280156047986));
#2996 = CARTESIAN_POINT('',(-36.44475148552,4.402330375213,
    -3.790571938496));
#2997 = CARTESIAN_POINT('',(-36.44671071715,4.254200813146,
    -3.953129890453));
#2998 = CARTESIAN_POINT('',(-36.45053583002,3.943703844563,
    -4.257731630131));
#2999 = CARTESIAN_POINT('',(-36.45241220199,3.780613206088,
    -4.400687833916));
#3000 = CARTESIAN_POINT('',(-36.45609270809,3.438861470269,
    -4.668046577053));
#3001 = CARTESIAN_POINT('',(-36.45789684872,3.260201527505,
    -4.792450492179));
#3002 = CARTESIAN_POINT('',(-36.46143013322,2.88682931032,-5.0221304683)
  );
#3003 = CARTESIAN_POINT('',(-36.46315177798,2.693253164466,
    -5.12652688494));
#3004 = CARTESIAN_POINT('',(-36.46852571203,2.102484521946,
    -5.403158006045));
#3005 = CARTESIAN_POINT('',(-36.47227087089,1.691497299408,
    -5.541939528787));
#3006 = CARTESIAN_POINT('',(-36.47814088827,1.04869108006,
    -5.680020278618));
#3007 = CARTESIAN_POINT('',(-36.48012780412,0.831330607723,
    -5.713808488999));
#3008 = CARTESIAN_POINT('',(-36.4840889369,0.398448389493,
    -5.756236803674));
#3009 = CARTESIAN_POINT('',(-36.48607382342,0.181757909919,
    -5.765143379613));
#3010 = CARTESIAN_POINT('',(-36.49204147521,-0.469056339494,
    -5.755201920773));
#3011 = CARTESIAN_POINT('',(-36.49606864414,-0.907326778202,
    -5.698945768887));
#3012 = CARTESIAN_POINT('',(-36.5,-1.334292143519,-5.593046082033));
#3013 = PCURVE('',#2922,#3014);
#3014 = DEFINITIONAL_REPRESENTATION('',(#3015),#3085);
#3015 = B_SPLINE_CURVE_WITH_KNOTS('',3,(#3016,#3017,#3018,#3019,#3020,
    #3021,#3022,#3023,#3024,#3025,#3026,#3027,#3028,#3029,#3030,#3031,
    #3032,#3033,#3034,#3035,#3036,#3037,#3038,#3039,#3040,#3041,#3042,
    #3043,#3044,#3045,#3046,#3047,#3048,#3049,#3050,#3051,#3052,#3053,
    #3054,#3055,#3056,#3057,#3058,#3059,#3060,#3061,#3062,#3063,#3064,
    #3065,#3066,#3067,#3068,#3069,#3070,#3071,#3072,#3073,#3074,#3075,
    #3076,#3077,#3078,#3079,#3080,#3081,#3082,#3083,#3084),
  .UNSPECIFIED.,.F.,.F.,(4,1,1,1,1,1,1,1,1,1,1,1,1,1,1,1,1,1,1,1,1,1,1,1
    ,1,1,1,1,1,1,1,1,1,1,1,1,1,1,1,1,1,1,1,1,1,1,1,1,1,1,1,1,1,1,1,1,1,1
    ,1,1,1,1,1,1,1,1,4),(1.874219338307E-02,1.890185640352E-02,
    1.906151942396E-02,1.92211824444E-02,1.938084546485E-02,
    1.954050848529E-02,1.970017150574E-02,1.985983452618E-02,
    2.001949754663E-02,2.017916056707E-02,2.033882358751E-02,
    2.049848660796E-02,2.06581496284E-02,2.081781264885E-02,
    2.097747566929E-02,2.113713868973E-02,2.129680171018E-02,
    2.145646473062E-02,2.161612775107E-02,2.177579077151E-02,
    2.193545379196E-02,2.20951168124E-02,2.225477983284E-02,
    2.241444285329E-02,2.257410587373E-02,2.273376889418E-02,
    2.289343191462E-02,2.305309493506E-02,2.321275795551E-02,
    2.337242097595E-02,2.35320839964E-02,2.369174701684E-02,
    2.385141003729E-02,2.401107305773E-02,2.417073607817E-02,
    2.433039909862E-02,2.449006211906E-02,2.464972513951E-02,
    2.480938815995E-02,2.496905118039E-02,2.512871420084E-02,
    2.528837722128E-02,2.544804024173E-02,2.560770326217E-02,
    2.576736628262E-02,2.592702930306E-02,2.60866923235E-02,
    2.624635534395E-02,2.640601836439E-02,2.656568138484E-02,
    2.672534440528E-02,2.688500742572E-02,2.704467044617E-02,
    2.720433346661E-02,2.736399648706E-02,2.75236595075E-02,
    2.768332252795E-02,2.784298554839E-02,2.800264856883E-02,
    2.816231158928E-02,2.832197460972E-02,2.848163763017E-02,
    2.864130065061E-02,2.880096367105E-02,2.89606266915E-02,
    2.912028971194E-02,2.927995273239E-02),.QUASI_UNIFORM_KNOTS.);
#3016 = CARTESIAN_POINT('',(6.28318530718,9.15063509461E-02));
#3017 = CARTESIAN_POINT('',(6.274084555025,9.10900189057E-02));
#3018 = CARTESIAN_POINT('',(6.255902537602,9.025254643497E-02));
#3019 = CARTESIAN_POINT('',(6.228680843717,8.898120435744E-02));
#3020 = CARTESIAN_POINT('',(6.201503280446,8.769376790068E-02));
#3021 = CARTESIAN_POINT('',(6.17436290245,8.639016087829E-02));
#3022 = CARTESIAN_POINT('',(6.147252884329,8.507082396978E-02));
#3023 = CARTESIAN_POINT('',(6.120166684105,8.373670294888E-02));
#3024 = CARTESIAN_POINT('',(6.093097466413,8.238935086742E-02));
#3025 = CARTESIAN_POINT('',(6.06604018116,8.103025137097E-02));
#3026 = CARTESIAN_POINT('',(6.038983755533,7.966317668521E-02));
#3027 = CARTESIAN_POINT('',(6.011873571628,7.828435433078E-02));
#3028 = CARTESIAN_POINT('',(5.984696206888,7.688823406992E-02));
#3029 = CARTESIAN_POINT('',(5.957430198963,7.547639764718E-02));
#3030 = CARTESIAN_POINT('',(5.930049381444,7.405279286783E-02));
#3031 = CARTESIAN_POINT('',(5.902670953903,7.261443117474E-02));
#3032 = CARTESIAN_POINT('',(5.875319379478,7.118205737051E-02));
#3033 = CARTESIAN_POINT('',(5.848031031285,6.975780923136E-02));
#3034 = CARTESIAN_POINT('',(5.820855571466,6.832548461767E-02));
#3035 = CARTESIAN_POINT('',(5.793718421519,6.691405881665E-02));
#3036 = CARTESIAN_POINT('',(5.766602534765,6.55040297476E-02));
#3037 = CARTESIAN_POINT('',(5.739487313771,6.408640665807E-02));
#3038 = CARTESIAN_POINT('',(5.712352583389,6.265542734878E-02));
#3039 = CARTESIAN_POINT('',(5.685178292436,6.121031868672E-02));
#3040 = CARTESIAN_POINT('',(5.657942259735,5.975584294447E-02));
#3041 = CARTESIAN_POINT('',(5.630630019712,5.829866006189E-02));
#3042 = CARTESIAN_POINT('',(5.603198237288,5.686164316289E-02));
#3043 = CARTESIAN_POINT('',(5.575728882561,5.542287894972E-02));
#3044 = CARTESIAN_POINT('',(5.548279715292,5.399684989813E-02));
#3045 = CARTESIAN_POINT('',(5.520877576816,5.259346549874E-02));
#3046 = CARTESIAN_POINT('',(5.493578011794,5.120111823675E-02));
#3047 = CARTESIAN_POINT('',(5.466350763238,4.982010361868E-02));
#3048 = CARTESIAN_POINT('',(5.43914550195,4.845191935447E-02));
#3049 = CARTESIAN_POINT('',(5.411950268913,4.709225522475E-02));
#3050 = CARTESIAN_POINT('',(5.38474280006,4.574435058095E-02));
#3051 = CARTESIAN_POINT('',(5.357503970659,4.441561216165E-02));
#3052 = CARTESIAN_POINT('',(5.330212884871,4.309880476779E-02));
#3053 = CARTESIAN_POINT('',(5.30285104503,4.179049854458E-02));
#3054 = CARTESIAN_POINT('',(5.275389571086,4.049528305727E-02));
#3055 = CARTESIAN_POINT('',(5.247836700758,3.921198328993E-02));
#3056 = CARTESIAN_POINT('',(5.220300180929,3.793292400624E-02));
#3057 = CARTESIAN_POINT('',(5.192799236796,3.666339735079E-02));
#3058 = CARTESIAN_POINT('',(5.165378192192,3.538595124922E-02));
#3059 = CARTESIAN_POINT('',(5.138066382121,3.408078845656E-02));
#3060 = CARTESIAN_POINT('',(5.110781317956,3.27844145418E-02));
#3061 = CARTESIAN_POINT('',(5.083516215757,3.147068133251E-02));
#3062 = CARTESIAN_POINT('',(5.056246926721,3.013350142033E-02));
#3063 = CARTESIAN_POINT('',(5.028953488362,2.876758540946E-02));
#3064 = CARTESIAN_POINT('',(5.001614911137,2.737354956773E-02));
#3065 = CARTESIAN_POINT('',(4.974209022277,2.595705985811E-02));
#3066 = CARTESIAN_POINT('',(4.9467188526,2.452746396411E-02));
#3067 = CARTESIAN_POINT('',(4.919107808066,2.310443873513E-02));
#3068 = CARTESIAN_POINT('',(4.891483946886,2.166137327033E-02));
#3069 = CARTESIAN_POINT('',(4.863882786948,2.022217903829E-02));
#3070 = CARTESIAN_POINT('',(4.836338978698,1.879066707315E-02));
#3071 = CARTESIAN_POINT('',(4.80891006404,1.735170838111E-02));
#3072 = CARTESIAN_POINT('',(4.781530058675,1.591312129777E-02));
#3073 = CARTESIAN_POINT('',(4.754172247987,1.447098397819E-02));
#3074 = CARTESIAN_POINT('',(4.726815019025,1.302211346673E-02));
#3075 = CARTESIAN_POINT('',(4.699447792583,1.157770903695E-02));
#3076 = CARTESIAN_POINT('',(4.672001828174,1.011378808087E-02));
#3077 = CARTESIAN_POINT('',(4.644478843136,8.641505562293E-03));
#3078 = CARTESIAN_POINT('',(4.616888685503,7.173566988274E-03));
#3079 = CARTESIAN_POINT('',(4.589239123117,5.716906840205E-03));
#3080 = CARTESIAN_POINT('',(4.56153842691,4.274684756823E-03));
#3081 = CARTESIAN_POINT('',(4.533794502797,2.845657470914E-03));
#3082 = CARTESIAN_POINT('',(4.506015029109,1.424877460759E-03));
#3083 = CARTESIAN_POINT('',(4.487476358008,4.761974354321E-04));
#3084 = CARTESIAN_POINT('',(4.478203467909,7.48487170282E-16));
#3085 = ( GEOMETRIC_REPRESENTATION_CONTEXT(2) 
PARAMETRIC_REPRESENTATION_CONTEXT() REPRESENTATION_CONTEXT('2D SPACE',''
  ) );
#3086 = PCURVE('',#2216,#3087);
#3087 = DEFINITIONAL_REPRESENTATION('',(#3088),#3158);
#3088 = B_SPLINE_CURVE_WITH_KNOTS('',3,(#3089,#3090,#3091,#3092,#3093,
    #3094,#3095,#3096,#3097,#3098,#3099,#3100,#3101,#3102,#3103,#3104,
    #3105,#3106,#3107,#3108,#3109,#3110,#3111,#3112,#3113,#3114,#3115,
    #3116,#3117,#3118,#3119,#3120,#3121,#3122,#3123,#3124,#3125,#3126,
    #3127,#3128,#3129,#3130,#3131,#3132,#3133,#3134,#3135,#3136,#3137,
    #3138,#3139,#3140,#3141,#3142,#3143,#3144,#3145,#3146,#3147,#3148,
    #3149,#3150,#3151,#3152,#3153,#3154,#3155,#3156,#3157),
  .UNSPECIFIED.,.F.,.F.,(4,1,1,1,1,1,1,1,1,1,1,1,1,1,1,1,1,1,1,1,1,1,1,1
    ,1,1,1,1,1,1,1,1,1,1,1,1,1,1,1,1,1,1,1,1,1,1,1,1,1,1,1,1,1,1,1,1,1,1
    ,1,1,1,1,1,1,1,1,4),(1.874219338307E-02,1.890185640352E-02,
    1.906151942396E-02,1.92211824444E-02,1.938084546485E-02,
    1.954050848529E-02,1.970017150574E-02,1.985983452618E-02,
    2.001949754663E-02,2.017916056707E-02,2.033882358751E-02,
    2.049848660796E-02,2.06581496284E-02,2.081781264885E-02,
    2.097747566929E-02,2.113713868973E-02,2.129680171018E-02,
    2.145646473062E-02,2.161612775107E-02,2.177579077151E-02,
    2.193545379196E-02,2.20951168124E-02,2.225477983284E-02,
    2.241444285329E-02,2.257410587373E-02,2.273376889418E-02,
    2.289343191462E-02,2.305309493506E-02,2.321275795551E-02,
    2.337242097595E-02,2.35320839964E-02,2.369174701684E-02,
    2.385141003729E-02,2.401107305773E-02,2.417073607817E-02,
    2.433039909862E-02,2.449006211906E-02,2.464972513951E-02,
    2.480938815995E-02,2.496905118039E-02,2.512871420084E-02,
    2.528837722128E-02,2.544804024173E-02,2.560770326217E-02,
    2.576736628262E-02,2.592702930306E-02,2.60866923235E-02,
    2.624635534395E-02,2.640601836439E-02,2.656568138484E-02,
    2.672534440528E-02,2.688500742572E-02,2.704467044617E-02,
    2.720433346661E-02,2.736399648706E-02,2.75236595075E-02,
    2.768332252795E-02,2.784298554839E-02,2.800264856883E-02,
    2.816231158928E-02,2.832197460972E-02,2.848163763017E-02,
    2.864130065061E-02,2.880096367105E-02,2.89606266915E-02,
    2.912028971194E-02,2.927995273239E-02),.QUASI_UNIFORM_KNOTS.);
#3089 = CARTESIAN_POINT('',(0.414359351386,6.E-02));
#3090 = CARTESIAN_POINT('',(0.412821090758,5.993932866719E-02));
#3091 = CARTESIAN_POINT('',(0.409728365356,5.981855844502E-02));
#3092 = CARTESIAN_POINT('',(0.405035478695,5.963898876346E-02));
#3093 = CARTESIAN_POINT('',(0.400282212872,5.946087102926E-02));
#3094 = CARTESIAN_POINT('',(0.395466867985,5.928407862786E-02));
#3095 = CARTESIAN_POINT('',(0.390590602397,5.910848876032E-02));
#3096 = CARTESIAN_POINT('',(0.385657356775,5.89339836503E-02));
#3097 = CARTESIAN_POINT('',(0.380674471225,5.876044634766E-02));
#3098 = CARTESIAN_POINT('',(0.375648765149,5.858777378363E-02));
#3099 = CARTESIAN_POINT('',(0.370600254982,5.841582633069E-02));
#3100 = CARTESIAN_POINT('',(0.365511385897,5.824419176525E-02));
#3101 = CARTESIAN_POINT('',(0.360351035637,5.807272303733E-02));
#3102 = CARTESIAN_POINT('',(0.355128178061,5.7901223224E-02));
#3103 = CARTESIAN_POINT('',(0.34986538499,5.772946800257E-02));
#3104 = CARTESIAN_POINT('',(0.344533095625,5.755812937259E-02));
#3105 = CARTESIAN_POINT('',(0.339241659181,5.738729422709E-02));
#3106 = CARTESIAN_POINT('',(0.333997486413,5.721712377408E-02));
#3107 = CARTESIAN_POINT('',(0.328704066144,5.704786111869E-02));
#3108 = CARTESIAN_POINT('',(0.323527087369,5.68789777723E-02));
#3109 = CARTESIAN_POINT('',(0.318358332422,5.671030487316E-02));
#3110 = CARTESIAN_POINT('',(0.313148010795,5.654165204676E-02));
#3111 = CARTESIAN_POINT('',(0.307864138149,5.637283171611E-02));
#3112 = CARTESIAN_POINT('',(0.302502333083,5.62036566768E-02));
#3113 = CARTESIAN_POINT('',(0.297089122592,5.603392543116E-02));
#3114 = CARTESIAN_POINT('',(0.291660811448,5.586348319131E-02));
#3115 = CARTESIAN_POINT('',(0.286346605048,5.569199244993E-02));
#3116 = CARTESIAN_POINT('',(0.281014802189,5.551989666554E-02));
#3117 = CARTESIAN_POINT('',(0.275738200448,5.534749143017E-02));
#3118 = CARTESIAN_POINT('',(0.270567405811,5.517488013811E-02));
#3119 = CARTESIAN_POINT('',(0.265430755252,5.500234981008E-02));
#3120 = CARTESIAN_POINT('',(0.260331007537,5.482964813091E-02));
#3121 = CARTESIAN_POINT('',(0.255279441531,5.465639126401E-02));
#3122 = CARTESIAN_POINT('',(0.250251318512,5.448243545066E-02));
#3123 = CARTESIAN_POINT('',(0.245264856688,5.430756843734E-02));
#3124 = CARTESIAN_POINT('',(0.240361174604,5.413159428621E-02));
#3125 = CARTESIAN_POINT('',(0.235499947028,5.395429994299E-02));
#3126 = CARTESIAN_POINT('',(0.230661508624,5.377548628623E-02));
#3127 = CARTESIAN_POINT('',(0.225872471048,5.359486698839E-02));
#3128 = CARTESIAN_POINT('',(0.221121187681,5.341244085693E-02));
#3129 = CARTESIAN_POINT('',(0.216414423217,5.32286898257E-02));
#3130 = CARTESIAN_POINT('',(0.211713863413,5.304683453096E-02));
#3131 = CARTESIAN_POINT('',(0.206990267724,5.286662971028E-02));
#3132 = CARTESIAN_POINT('',(0.202175431608,5.268829534432E-02));
#3133 = CARTESIAN_POINT('',(0.197428314011,5.251117620124E-02));
#3134 = CARTESIAN_POINT('',(0.192613676574,5.233516012717E-02));
#3135 = CARTESIAN_POINT('',(0.187695538662,5.216001479784E-02));
#3136 = CARTESIAN_POINT('',(0.182645397073,5.198554252418E-02));
#3137 = CARTESIAN_POINT('',(0.177466513405,5.18115415177E-02));
#3138 = CARTESIAN_POINT('',(0.172190438097,5.163780578476E-02));
#3139 = CARTESIAN_POINT('',(0.166868549629,5.146416409503E-02));
#3140 = CARTESIAN_POINT('',(0.161611325332,5.129032410774E-02));
#3141 = CARTESIAN_POINT('',(0.156259736065,5.11169013501E-02));
#3142 = CARTESIAN_POINT('',(0.150940484188,5.094405029655E-02));
#3143 = CARTESIAN_POINT('',(0.145669370707,5.07719193022E-02));
#3144 = CARTESIAN_POINT('',(0.140355095667,5.060079820801E-02));
#3145 = CARTESIAN_POINT('',(0.135045182352,5.04302079341E-02));
#3146 = CARTESIAN_POINT('',(0.129718505553,5.025991712794E-02));
#3147 = CARTESIAN_POINT('',(0.124357509001,5.008972714237E-02));
#3148 = CARTESIAN_POINT('',(0.119023280522,4.991950864842E-02));
#3149 = CARTESIAN_POINT('',(0.113587633443,4.974876998563E-02));
#3150 = CARTESIAN_POINT('',(0.108110086815,4.957745710516E-02));
#3151 = CARTESIAN_POINT('',(0.102658059403,4.940556542237E-02));
#3152 = CARTESIAN_POINT('',(9.726721901269E-02,4.923307632434E-02));
#3153 = CARTESIAN_POINT('',(9.195226408131E-02,4.905997334478E-02));
#3154 = CARTESIAN_POINT('',(8.670348144665E-02,4.888623680653E-02));
#3155 = CARTESIAN_POINT('',(8.149058551795E-02,4.871184483999E-02));
#3156 = CARTESIAN_POINT('',(7.799851641586E-02,4.859512850539E-02));
#3157 = CARTESIAN_POINT('',(7.623956525994E-02,4.853665231375E-02));
#3158 = ( GEOMETRIC_REPRESENTATION_CONTEXT(2) 
PARAMETRIC_REPRESENTATION_CONTEXT() REPRESENTATION_CONTEXT('2D SPACE',''
  ) );
#3159 = ADVANCED_FACE('',(#3160),#3178,.T.);
#3160 = FACE_BOUND('',#3161,.T.);
#3161 = EDGE_LOOP('',(#3162,#3218,#3246,#3295));
#3162 = ORIENTED_EDGE('',*,*,#3163,.F.);
#3163 = EDGE_CURVE('',#3164,#3166,#3168,.T.);
#3164 = VERTEX_POINT('',#3165);
#3165 = CARTESIAN_POINT('',(-36.,6.,-7.347880794884E-16));
#3166 = VERTEX_POINT('',#3167);
#3167 = CARTESIAN_POINT('',(-35.75,-6.,0.));
#3168 = SURFACE_CURVE('',#3169,(#3177,#3211),.PCURVE_S1.);
#3169 = ( BOUNDED_CURVE() B_SPLINE_CURVE(2,(#3170,#3171,#3172,#3173,
#3174,#3175,#3176),.UNSPECIFIED.,.F.,.F.) B_SPLINE_CURVE_WITH_KNOTS((3,2
    ,2,3),(0.1,0.106666666667,0.113333333333,0.12),
.PIECEWISE_BEZIER_KNOTS.) CURVE() GEOMETRIC_REPRESENTATION_ITEM() 
RATIONAL_B_SPLINE_CURVE((1.,0.866025403784,1.,0.866025403784,1.,
0.866025403784,1.)) REPRESENTATION_ITEM('') );
#3170 = CARTESIAN_POINT('',(-36.,6.,-7.347880794884E-16));
#3171 = CARTESIAN_POINT('',(-35.95833333333,6.,3.464101615138));
#3172 = CARTESIAN_POINT('',(-35.91666666666,3.,5.196152422707));
#3173 = CARTESIAN_POINT('',(-35.875,1.3221465589E-14,6.928203230276));
#3174 = CARTESIAN_POINT('',(-35.83333333333,-3.,5.196152422707));
#3175 = CARTESIAN_POINT('',(-35.79166666666,-6.,3.464101615138));
#3176 = CARTESIAN_POINT('',(-35.75,-6.,0.));
#3177 = PCURVE('',#3178,#3183);
#3178 = CYLINDRICAL_SURFACE('',#3179,6.);
#3179 = AXIS2_PLACEMENT_3D('',#3180,#3181,#3182);
#3180 = CARTESIAN_POINT('',(-36.5,1.215694211965E-14,0.));
#3181 = DIRECTION('',(-1.,3.330669073875E-16,-0.));
#3182 = DIRECTION('',(-3.330669073875E-16,-1.,0.));
#3183 = DEFINITIONAL_REPRESENTATION('',(#3184),#3210);
#3184 = B_SPLINE_CURVE_WITH_KNOTS('',3,(#3185,#3186,#3187,#3188,#3189,
    #3190,#3191,#3192,#3193,#3194,#3195,#3196,#3197,#3198,#3199,#3200,
    #3201,#3202,#3203,#3204,#3205,#3206,#3207,#3208,#3209),
  .UNSPECIFIED.,.F.,.F.,(4,1,1,1,1,1,1,1,1,1,1,1,1,1,1,1,1,1,1,1,1,1,4),
  (0.1,0.100909090909,0.101818181818,0.102727272727,0.103636363636,
    0.104545454545,0.105454545455,0.106363636364,0.107272727273,
    0.108181818182,0.109090909091,0.11,0.110909090909,0.111818181818,
    0.112727272727,0.113636363636,0.114545454545,0.115454545455,
    0.116363636364,0.117272727273,0.118181818182,0.119090909091,0.12),
  .QUASI_UNIFORM_KNOTS.);
#3185 = CARTESIAN_POINT('',(3.14159265359,-0.5));
#3186 = CARTESIAN_POINT('',(3.096155343903,-0.503273714118));
#3187 = CARTESIAN_POINT('',(3.003553149791,-0.51022500775));
#3188 = CARTESIAN_POINT('',(2.860815406578,-0.521559314821));
#3189 = CARTESIAN_POINT('',(2.71552633536,-0.533522949989));
#3190 = CARTESIAN_POINT('',(2.569197078639,-0.545746206114));
#3191 = CARTESIAN_POINT('',(2.423398202367,-0.557836797911));
#3192 = CARTESIAN_POINT('',(2.279619754427,-0.569426334368));
#3193 = CARTESIAN_POINT('',(2.139420152995,-0.580153433971));
#3194 = CARTESIAN_POINT('',(2.003420728269,-0.589905985654));
#3195 = CARTESIAN_POINT('',(1.861476954096,-0.60104502265));
#3196 = CARTESIAN_POINT('',(1.716968322946,-0.61281652551));
#3197 = CARTESIAN_POINT('',(1.570796326795,-0.625));
#3198 = CARTESIAN_POINT('',(1.424624330644,-0.63718347449));
#3199 = CARTESIAN_POINT('',(1.280115699493,-0.64895497735));
#3200 = CARTESIAN_POINT('',(1.138171925321,-0.660094014345));
#3201 = CARTESIAN_POINT('',(1.002172500595,-0.669846566029));
#3202 = CARTESIAN_POINT('',(0.861972899163,-0.680573665632));
#3203 = CARTESIAN_POINT('',(0.718194451223,-0.692163202089));
#3204 = CARTESIAN_POINT('',(0.57239557495,-0.704253793886));
#3205 = CARTESIAN_POINT('',(0.426066318229,-0.716477050011));
#3206 = CARTESIAN_POINT('',(0.280777247012,-0.728440685179));
#3207 = CARTESIAN_POINT('',(0.138039503798,-0.73977499225));
#3208 = CARTESIAN_POINT('',(4.543730968641E-02,-0.746726285882));
#3209 = CARTESIAN_POINT('',(0.,-0.75));
#3210 = ( GEOMETRIC_REPRESENTATION_CONTEXT(2) 
PARAMETRIC_REPRESENTATION_CONTEXT() REPRESENTATION_CONTEXT('2D SPACE',''
  ) );
#3211 = PCURVE('',#2216,#3212);
#3212 = DEFINITIONAL_REPRESENTATION('',(#3213),#3217);
#3213 = LINE('',#3214,#3215);
#3214 = CARTESIAN_POINT('',(1.,0.));
#3215 = VECTOR('',#3216,1.);
#3216 = DIRECTION('',(1.665334536938E-14,1.));
#3217 = ( GEOMETRIC_REPRESENTATION_CONTEXT(2) 
PARAMETRIC_REPRESENTATION_CONTEXT() REPRESENTATION_CONTEXT('2D SPACE',''
  ) );
#3218 = ORIENTED_EDGE('',*,*,#3219,.T.);
#3219 = EDGE_CURVE('',#3164,#3220,#3222,.T.);
#3220 = VERTEX_POINT('',#3221);
#3221 = CARTESIAN_POINT('',(-36.06250000136,6.,-7.347880794884E-16));
#3222 = SURFACE_CURVE('',#3223,(#3227,#3234),.PCURVE_S1.);
#3223 = LINE('',#3224,#3225);
#3224 = CARTESIAN_POINT('',(-36.5,6.,7.347880794884E-16));
#3225 = VECTOR('',#3226,1.);
#3226 = DIRECTION('',(-1.,3.330669073875E-16,-0.));
#3227 = PCURVE('',#3178,#3228);
#3228 = DEFINITIONAL_REPRESENTATION('',(#3229),#3233);
#3229 = LINE('',#3230,#3231);
#3230 = CARTESIAN_POINT('',(3.14159265359,0.));
#3231 = VECTOR('',#3232,1.);
#3232 = DIRECTION('',(0.,1.));
#3233 = ( GEOMETRIC_REPRESENTATION_CONTEXT(2) 
PARAMETRIC_REPRESENTATION_CONTEXT() REPRESENTATION_CONTEXT('2D SPACE',''
  ) );
#3234 = PCURVE('',#3235,#3240);
#3235 = CYLINDRICAL_SURFACE('',#3236,6.);
#3236 = AXIS2_PLACEMENT_3D('',#3237,#3238,#3239);
#3237 = CARTESIAN_POINT('',(-36.5,1.215694211965E-14,0.));
#3238 = DIRECTION('',(-1.,3.330669073875E-16,-0.));
#3239 = DIRECTION('',(-3.330669073875E-16,-1.,0.));
#3240 = DEFINITIONAL_REPRESENTATION('',(#3241),#3245);
#3241 = LINE('',#3242,#3243);
#3242 = CARTESIAN_POINT('',(3.14159265359,0.));
#3243 = VECTOR('',#3244,1.);
#3244 = DIRECTION('',(0.,1.));
#3245 = ( GEOMETRIC_REPRESENTATION_CONTEXT(2) 
PARAMETRIC_REPRESENTATION_CONTEXT() REPRESENTATION_CONTEXT('2D SPACE',''
  ) );
#3246 = ORIENTED_EDGE('',*,*,#3247,.T.);
#3247 = EDGE_CURVE('',#3220,#3248,#3250,.T.);
#3248 = VERTEX_POINT('',#3249);
#3249 = CARTESIAN_POINT('',(-35.81250000136,-6.,0.));
#3250 = SURFACE_CURVE('',#3251,(#3259,#3288),.PCURVE_S1.);
#3251 = ( BOUNDED_CURVE() B_SPLINE_CURVE(2,(#3252,#3253,#3254,#3255,
#3256,#3257,#3258),.UNSPECIFIED.,.F.,.F.) B_SPLINE_CURVE_WITH_KNOTS((3,2
    ,2,3),(6.E-02,6.666666666667E-02,7.333333333333E-02,8.E-02),
.PIECEWISE_BEZIER_KNOTS.) CURVE() GEOMETRIC_REPRESENTATION_ITEM() 
RATIONAL_B_SPLINE_CURVE((1.,0.866025403784,1.,0.866025403784,1.,
0.866025403784,1.)) REPRESENTATION_ITEM('') );
#3252 = CARTESIAN_POINT('',(-36.06250000136,6.,-7.347880794884E-16));
#3253 = CARTESIAN_POINT('',(-36.02083333469,6.,3.464101615138));
#3254 = CARTESIAN_POINT('',(-35.97916666803,3.,5.196152422707));
#3255 = CARTESIAN_POINT('',(-35.93750000136,1.324228227116E-14,
    6.928203230276));
#3256 = CARTESIAN_POINT('',(-35.89583333469,-3.,5.196152422707));
#3257 = CARTESIAN_POINT('',(-35.85416666803,-6.,3.464101615138));
#3258 = CARTESIAN_POINT('',(-35.81250000136,-6.,0.));
#3259 = PCURVE('',#3178,#3260);
#3260 = DEFINITIONAL_REPRESENTATION('',(#3261),#3287);
#3261 = B_SPLINE_CURVE_WITH_KNOTS('',3,(#3262,#3263,#3264,#3265,#3266,
    #3267,#3268,#3269,#3270,#3271,#3272,#3273,#3274,#3275,#3276,#3277,
    #3278,#3279,#3280,#3281,#3282,#3283,#3284,#3285,#3286),
  .UNSPECIFIED.,.F.,.F.,(4,1,1,1,1,1,1,1,1,1,1,1,1,1,1,1,1,1,1,1,1,1,4),
  (6.E-02,6.090909090909E-02,6.181818181818E-02,6.272727272727E-02,
    6.363636363636E-02,6.454545454545E-02,6.545454545455E-02,
    6.636363636364E-02,6.727272727273E-02,6.818181818182E-02,
    6.909090909091E-02,7.E-02,7.090909090909E-02,7.181818181818E-02,
    7.272727272727E-02,7.363636363636E-02,7.454545454545E-02,
    7.545454545455E-02,7.636363636364E-02,7.727272727273E-02,
    7.818181818182E-02,7.909090909091E-02,8.E-02),
  .QUASI_UNIFORM_KNOTS.);
#3262 = CARTESIAN_POINT('',(3.14159265359,-0.437499998634));
#3263 = CARTESIAN_POINT('',(3.096155343903,-0.440773712753));
#3264 = CARTESIAN_POINT('',(3.003553149791,-0.447725006384));
#3265 = CARTESIAN_POINT('',(2.860815406578,-0.459059313455));
#3266 = CARTESIAN_POINT('',(2.71552633536,-0.471022948624));
#3267 = CARTESIAN_POINT('',(2.569197078639,-0.483246204748));
#3268 = CARTESIAN_POINT('',(2.423398202367,-0.495336796545));
#3269 = CARTESIAN_POINT('',(2.279619754427,-0.506926333003));
#3270 = CARTESIAN_POINT('',(2.139420152995,-0.517653432606));
#3271 = CARTESIAN_POINT('',(2.003420728269,-0.527405984289));
#3272 = CARTESIAN_POINT('',(1.861476954096,-0.538545021285));
#3273 = CARTESIAN_POINT('',(1.716968322946,-0.550316524145));
#3274 = CARTESIAN_POINT('',(1.570796326795,-0.562499998634));
#3275 = CARTESIAN_POINT('',(1.424624330644,-0.574683473124));
#3276 = CARTESIAN_POINT('',(1.280115699493,-0.586454975984));
#3277 = CARTESIAN_POINT('',(1.138171925321,-0.59759401298));
#3278 = CARTESIAN_POINT('',(1.002172500595,-0.607346564663));
#3279 = CARTESIAN_POINT('',(0.861972899163,-0.618073664266));
#3280 = CARTESIAN_POINT('',(0.718194451223,-0.629663200723));
#3281 = CARTESIAN_POINT('',(0.57239557495,-0.64175379252));
#3282 = CARTESIAN_POINT('',(0.426066318229,-0.653977048645));
#3283 = CARTESIAN_POINT('',(0.280777247012,-0.665940683814));
#3284 = CARTESIAN_POINT('',(0.138039503798,-0.677274990885));
#3285 = CARTESIAN_POINT('',(4.543730968641E-02,-0.684226284516));
#3286 = CARTESIAN_POINT('',(0.,-0.687499998634));
#3287 = ( GEOMETRIC_REPRESENTATION_CONTEXT(2) 
PARAMETRIC_REPRESENTATION_CONTEXT() REPRESENTATION_CONTEXT('2D SPACE',''
  ) );
#3288 = PCURVE('',#1421,#3289);
#3289 = DEFINITIONAL_REPRESENTATION('',(#3290),#3294);
#3290 = LINE('',#3291,#3292);
#3291 = CARTESIAN_POINT('',(6.853512982824E-16,0.));
#3292 = VECTOR('',#3293,1.);
#3293 = DIRECTION('',(4.265657922373E-15,1.));
#3294 = ( GEOMETRIC_REPRESENTATION_CONTEXT(2) 
PARAMETRIC_REPRESENTATION_CONTEXT() REPRESENTATION_CONTEXT('2D SPACE',''
  ) );
#3295 = ORIENTED_EDGE('',*,*,#3296,.F.);
#3296 = EDGE_CURVE('',#3166,#3248,#3297,.T.);
#3297 = SURFACE_CURVE('',#3298,(#3302,#3309),.PCURVE_S1.);
#3298 = LINE('',#3299,#3300);
#3299 = CARTESIAN_POINT('',(-36.5,-6.,0.));
#3300 = VECTOR('',#3301,1.);
#3301 = DIRECTION('',(-1.,3.330669073875E-16,-0.));
#3302 = PCURVE('',#3178,#3303);
#3303 = DEFINITIONAL_REPRESENTATION('',(#3304),#3308);
#3304 = LINE('',#3305,#3306);
#3305 = CARTESIAN_POINT('',(0.,0.));
#3306 = VECTOR('',#3307,1.);
#3307 = DIRECTION('',(0.,1.));
#3308 = ( GEOMETRIC_REPRESENTATION_CONTEXT(2) 
PARAMETRIC_REPRESENTATION_CONTEXT() REPRESENTATION_CONTEXT('2D SPACE',''
  ) );
#3309 = PCURVE('',#3310,#3315);
#3310 = CYLINDRICAL_SURFACE('',#3311,6.);
#3311 = AXIS2_PLACEMENT_3D('',#3312,#3313,#3314);
#3312 = CARTESIAN_POINT('',(-36.5,1.215694211965E-14,0.));
#3313 = DIRECTION('',(-1.,3.330669073875E-16,-0.));
#3314 = DIRECTION('',(-3.330669073875E-16,-1.,0.));
#3315 = DEFINITIONAL_REPRESENTATION('',(#3316),#3320);
#3316 = LINE('',#3317,#3318);
#3317 = CARTESIAN_POINT('',(6.28318530718,0.));
#3318 = VECTOR('',#3319,1.);
#3319 = DIRECTION('',(0.,1.));
#3320 = ( GEOMETRIC_REPRESENTATION_CONTEXT(2) 
PARAMETRIC_REPRESENTATION_CONTEXT() REPRESENTATION_CONTEXT('2D SPACE',''
  ) );
#3321 = ADVANCED_FACE('',(#3322),#3337,.T.);
#3322 = FACE_BOUND('',#3323,.T.);
#3323 = EDGE_LOOP('',(#3324,#3360,#3388));
#3324 = ORIENTED_EDGE('',*,*,#3325,.T.);
#3325 = EDGE_CURVE('',#3326,#3328,#3330,.T.);
#3326 = VERTEX_POINT('',#3327);
#3327 = CARTESIAN_POINT('',(-25.5,4.281152878226,4.20377568779));
#3328 = VERTEX_POINT('',#3329);
#3329 = CARTESIAN_POINT('',(-25.5,6.,-7.347880794884E-16));
#3330 = SURFACE_CURVE('',#3331,(#3336,#3348),.PCURVE_S1.);
#3331 = CIRCLE('',#3332,6.);
#3332 = AXIS2_PLACEMENT_3D('',#3333,#3334,#3335);
#3333 = CARTESIAN_POINT('',(-25.5,8.493206138382E-15,0.));
#3334 = DIRECTION('',(-1.,3.330669073875E-16,0.));
#3335 = DIRECTION('',(-3.330669073875E-16,-1.,0.));
#3336 = PCURVE('',#3337,#3342);
#3337 = CYLINDRICAL_SURFACE('',#3338,6.);
#3338 = AXIS2_PLACEMENT_3D('',#3339,#3340,#3341);
#3339 = CARTESIAN_POINT('',(-36.5,1.215694211965E-14,0.));
#3340 = DIRECTION('',(-1.,3.330669073875E-16,-0.));
#3341 = DIRECTION('',(-3.330669073875E-16,-1.,0.));
#3342 = DEFINITIONAL_REPRESENTATION('',(#3343),#3347);
#3343 = LINE('',#3344,#3345);
#3344 = CARTESIAN_POINT('',(0.,-11.));
#3345 = VECTOR('',#3346,1.);
#3346 = DIRECTION('',(1.,0.));
#3347 = ( GEOMETRIC_REPRESENTATION_CONTEXT(2) 
PARAMETRIC_REPRESENTATION_CONTEXT() REPRESENTATION_CONTEXT('2D SPACE',''
  ) );
#3348 = PCURVE('',#3349,#3354);
#3349 = CONICAL_SURFACE('',#3350,6.,0.785398163397);
#3350 = AXIS2_PLACEMENT_3D('',#3351,#3352,#3353);
#3351 = CARTESIAN_POINT('',(-25.5,8.493206138382E-15,0.));
#3352 = DIRECTION('',(-1.,3.330669073875E-16,-0.));
#3353 = DIRECTION('',(-3.330669073875E-16,-1.,0.));
#3354 = DEFINITIONAL_REPRESENTATION('',(#3355),#3359);
#3355 = LINE('',#3356,#3357);
#3356 = CARTESIAN_POINT('',(0.,-3.594448164998E-15));
#3357 = VECTOR('',#3358,1.);
#3358 = DIRECTION('',(1.,1.144148386294E-15));
#3359 = ( GEOMETRIC_REPRESENTATION_CONTEXT(2) 
PARAMETRIC_REPRESENTATION_CONTEXT() REPRESENTATION_CONTEXT('2D SPACE',''
  ) );
#3360 = ORIENTED_EDGE('',*,*,#3361,.T.);
#3361 = EDGE_CURVE('',#3328,#3362,#3364,.T.);
#3362 = VERTEX_POINT('',#3363);
#3363 = CARTESIAN_POINT('',(-25.56250000136,6.,-7.347880794884E-16));
#3364 = SURFACE_CURVE('',#3365,(#3369,#3376),.PCURVE_S1.);
#3365 = LINE('',#3366,#3367);
#3366 = CARTESIAN_POINT('',(-36.5,6.,7.347880794884E-16));
#3367 = VECTOR('',#3368,1.);
#3368 = DIRECTION('',(-1.,3.330669073875E-16,-0.));
#3369 = PCURVE('',#3337,#3370);
#3370 = DEFINITIONAL_REPRESENTATION('',(#3371),#3375);
#3371 = LINE('',#3372,#3373);
#3372 = CARTESIAN_POINT('',(3.14159265359,0.));
#3373 = VECTOR('',#3374,1.);
#3374 = DIRECTION('',(0.,1.));
#3375 = ( GEOMETRIC_REPRESENTATION_CONTEXT(2) 
PARAMETRIC_REPRESENTATION_CONTEXT() REPRESENTATION_CONTEXT('2D SPACE',''
  ) );
#3376 = PCURVE('',#3377,#3382);
#3377 = CYLINDRICAL_SURFACE('',#3378,6.);
#3378 = AXIS2_PLACEMENT_3D('',#3379,#3380,#3381);
#3379 = CARTESIAN_POINT('',(-36.5,1.215694211965E-14,0.));
#3380 = DIRECTION('',(-1.,3.330669073875E-16,-0.));
#3381 = DIRECTION('',(-3.330669073875E-16,-1.,0.));
#3382 = DEFINITIONAL_REPRESENTATION('',(#3383),#3387);
#3383 = LINE('',#3384,#3385);
#3384 = CARTESIAN_POINT('',(3.14159265359,0.));
#3385 = VECTOR('',#3386,1.);
#3386 = DIRECTION('',(0.,1.));
#3387 = ( GEOMETRIC_REPRESENTATION_CONTEXT(2) 
PARAMETRIC_REPRESENTATION_CONTEXT() REPRESENTATION_CONTEXT('2D SPACE',''
  ) );
#3388 = ORIENTED_EDGE('',*,*,#3389,.T.);
#3389 = EDGE_CURVE('',#3362,#3326,#3390,.T.);
#3390 = SURFACE_CURVE('',#3391,(#3395,#3424),.PCURVE_S1.);
#3391 = ( BOUNDED_CURVE() B_SPLINE_CURVE(2,(#3392,#3393,#3394),
.UNSPECIFIED.,.F.,.F.) B_SPLINE_CURVE_WITH_KNOTS((3,3),(0.9,
0.904913442125),.PIECEWISE_BEZIER_KNOTS.) CURVE() 
GEOMETRIC_REPRESENTATION_ITEM() RATIONAL_B_SPLINE_CURVE((1.,
0.901258536294,0.948065212761)) REPRESENTATION_ITEM('') );
#3392 = CARTESIAN_POINT('',(-25.56250000136,6.,-7.347880794884E-16));
#3393 = CARTESIAN_POINT('',(-25.53299150346,6.,2.453290445681));
#3394 = CARTESIAN_POINT('',(-25.5,4.281152878226,4.20377568779));
#3395 = PCURVE('',#3337,#3396);
#3396 = DEFINITIONAL_REPRESENTATION('',(#3397),#3423);
#3397 = B_SPLINE_CURVE_WITH_KNOTS('',3,(#3398,#3399,#3400,#3401,#3402,
    #3403,#3404,#3405,#3406,#3407,#3408,#3409,#3410,#3411,#3412,#3413,
    #3414,#3415,#3416,#3417,#3418,#3419,#3420,#3421,#3422),
  .UNSPECIFIED.,.F.,.F.,(4,1,1,1,1,1,1,1,1,1,1,1,1,1,1,1,1,1,1,1,1,1,4),
  (0.9,0.900223338278,0.900446676557,0.900670014835,0.900893353114,
    0.901116691392,0.90134002967,0.901563367949,0.901786706227,
    0.902010044506,0.902233382784,0.902456721062,0.902680059341,
    0.902903397619,0.903126735898,0.903350074176,0.903573412454,
    0.903796750733,0.904020089011,0.90424342729,0.904466765568,
    0.904690103846,0.904913442125),.QUASI_UNIFORM_KNOTS.);
#3398 = CARTESIAN_POINT('',(3.14159265359,-10.93749999863));
#3399 = CARTESIAN_POINT('',(3.13042581558,-10.93830587332));
#3400 = CARTESIAN_POINT('',(3.107991610847,-10.93994055042));
#3401 = CARTESIAN_POINT('',(3.074054935498,-10.9424582942));
#3402 = CARTESIAN_POINT('',(3.039848759137,-10.94503884137));
#3403 = CARTESIAN_POINT('',(3.00539017627,-10.94767881108));
#3404 = CARTESIAN_POINT('',(2.970697041832,-10.95037453286));
#3405 = CARTESIAN_POINT('',(2.935788043753,-10.95312201573));
#3406 = CARTESIAN_POINT('',(2.900682622612,-10.95591697453));
#3407 = CARTESIAN_POINT('',(2.865400924141,-10.95875484515));
#3408 = CARTESIAN_POINT('',(2.829963735151,-10.96163080709));
#3409 = CARTESIAN_POINT('',(2.794392416614,-10.96453980791));
#3410 = CARTESIAN_POINT('',(2.758708830805,-10.96747659101));
#3411 = CARTESIAN_POINT('',(2.722935264036,-10.97043572584));
#3412 = CARTESIAN_POINT('',(2.687094345393,-10.97341164046));
#3413 = CARTESIAN_POINT('',(2.651208962225,-10.9763986559));
#3414 = CARTESIAN_POINT('',(2.615302173206,-10.97939102198));
#3415 = CARTESIAN_POINT('',(2.579397119638,-10.98238295411));
#3416 = CARTESIAN_POINT('',(2.54351693637,-10.9853686704));
#3417 = CARTESIAN_POINT('',(2.507684661244,-10.98834242932));
#3418 = CARTESIAN_POINT('',(2.47192315119,-10.99129856456));
#3419 = CARTESIAN_POINT('',(2.43625497875,-10.99423152748));
#3420 = CARTESIAN_POINT('',(2.400702410824,-10.99713589569));
#3421 = CARTESIAN_POINT('',(2.377092199317,-10.99904963236));
#3422 = CARTESIAN_POINT('',(2.365313605925,-11.));
#3423 = ( GEOMETRIC_REPRESENTATION_CONTEXT(2) 
PARAMETRIC_REPRESENTATION_CONTEXT() REPRESENTATION_CONTEXT('2D SPACE',''
  ) );
#3424 = PCURVE('',#1421,#3425);
#3425 = DEFINITIONAL_REPRESENTATION('',(#3426),#3430);
#3426 = LINE('',#3427,#3428);
#3427 = CARTESIAN_POINT('',(7.619730417048E-13,0.));
#3428 = VECTOR('',#3429,1.);
#3429 = DIRECTION('',(-8.470708456252E-13,1.));
#3430 = ( GEOMETRIC_REPRESENTATION_CONTEXT(2) 
PARAMETRIC_REPRESENTATION_CONTEXT() REPRESENTATION_CONTEXT('2D SPACE',''
  ) );
#3431 = ADVANCED_FACE('',(#3432),#3450,.T.);
#3432 = FACE_BOUND('',#3433,.T.);
#3433 = EDGE_LOOP('',(#3434,#3490,#3518,#3567));
#3434 = ORIENTED_EDGE('',*,*,#3435,.F.);
#3435 = EDGE_CURVE('',#3436,#3438,#3440,.T.);
#3436 = VERTEX_POINT('',#3437);
#3437 = CARTESIAN_POINT('',(-26.,6.,-7.347880794884E-16));
#3438 = VERTEX_POINT('',#3439);
#3439 = CARTESIAN_POINT('',(-25.75,-6.,0.));
#3440 = SURFACE_CURVE('',#3441,(#3449,#3483),.PCURVE_S1.);
#3441 = ( BOUNDED_CURVE() B_SPLINE_CURVE(2,(#3442,#3443,#3444,#3445,
#3446,#3447,#3448),.UNSPECIFIED.,.F.,.F.) B_SPLINE_CURVE_WITH_KNOTS((3,2
    ,2,3),(0.9,0.906666666667,0.913333333333,0.92),
.PIECEWISE_BEZIER_KNOTS.) CURVE() GEOMETRIC_REPRESENTATION_ITEM() 
RATIONAL_B_SPLINE_CURVE((1.,0.866025403784,1.,0.866025403784,1.,
0.866025403784,1.)) REPRESENTATION_ITEM('') );
#3442 = CARTESIAN_POINT('',(-26.,6.,-7.347880794884E-16));
#3443 = CARTESIAN_POINT('',(-25.95833333333,6.,3.464101615138));
#3444 = CARTESIAN_POINT('',(-25.91666666666,3.,5.196152422707));
#3445 = CARTESIAN_POINT('',(-25.875,9.890796515123E-15,6.928203230276));
#3446 = CARTESIAN_POINT('',(-25.83333333333,-3.,5.196152422707));
#3447 = CARTESIAN_POINT('',(-25.79166666666,-6.,3.464101615138));
#3448 = CARTESIAN_POINT('',(-25.75,-6.,0.));
#3449 = PCURVE('',#3450,#3455);
#3450 = CYLINDRICAL_SURFACE('',#3451,6.);
#3451 = AXIS2_PLACEMENT_3D('',#3452,#3453,#3454);
#3452 = CARTESIAN_POINT('',(-36.5,1.215694211965E-14,0.));
#3453 = DIRECTION('',(-1.,3.330669073875E-16,-0.));
#3454 = DIRECTION('',(-3.330669073875E-16,-1.,0.));
#3455 = DEFINITIONAL_REPRESENTATION('',(#3456),#3482);
#3456 = B_SPLINE_CURVE_WITH_KNOTS('',3,(#3457,#3458,#3459,#3460,#3461,
    #3462,#3463,#3464,#3465,#3466,#3467,#3468,#3469,#3470,#3471,#3472,
    #3473,#3474,#3475,#3476,#3477,#3478,#3479,#3480,#3481),
  .UNSPECIFIED.,.F.,.F.,(4,1,1,1,1,1,1,1,1,1,1,1,1,1,1,1,1,1,1,1,1,1,4),
  (0.9,0.900909090909,0.901818181818,0.902727272727,0.903636363636,
    0.904545454545,0.905454545455,0.906363636364,0.907272727273,
    0.908181818182,0.909090909091,0.91,0.910909090909,0.911818181818,
    0.912727272727,0.913636363636,0.914545454545,0.915454545455,
    0.916363636364,0.917272727273,0.918181818182,0.919090909091,0.92),
  .QUASI_UNIFORM_KNOTS.);
#3457 = CARTESIAN_POINT('',(3.14159265359,-10.5));
#3458 = CARTESIAN_POINT('',(3.096155343903,-10.50327371411));
#3459 = CARTESIAN_POINT('',(3.003553149791,-10.51022500775));
#3460 = CARTESIAN_POINT('',(2.860815406578,-10.52155931482));
#3461 = CARTESIAN_POINT('',(2.71552633536,-10.53352294998));
#3462 = CARTESIAN_POINT('',(2.569197078639,-10.54574620611));
#3463 = CARTESIAN_POINT('',(2.423398202367,-10.55783679791));
#3464 = CARTESIAN_POINT('',(2.279619754427,-10.56942633436));
#3465 = CARTESIAN_POINT('',(2.139420152995,-10.58015343397));
#3466 = CARTESIAN_POINT('',(2.003420728269,-10.58990598565));
#3467 = CARTESIAN_POINT('',(1.861476954096,-10.60104502265));
#3468 = CARTESIAN_POINT('',(1.716968322946,-10.61281652551));
#3469 = CARTESIAN_POINT('',(1.570796326795,-10.625));
#3470 = CARTESIAN_POINT('',(1.424624330644,-10.63718347449));
#3471 = CARTESIAN_POINT('',(1.280115699493,-10.64895497735));
#3472 = CARTESIAN_POINT('',(1.138171925321,-10.66009401434));
#3473 = CARTESIAN_POINT('',(1.002172500595,-10.66984656602));
#3474 = CARTESIAN_POINT('',(0.861972899163,-10.68057366563));
#3475 = CARTESIAN_POINT('',(0.718194451223,-10.69216320208));
#3476 = CARTESIAN_POINT('',(0.57239557495,-10.70425379388));
#3477 = CARTESIAN_POINT('',(0.426066318229,-10.71647705001));
#3478 = CARTESIAN_POINT('',(0.280777247012,-10.72844068517));
#3479 = CARTESIAN_POINT('',(0.138039503798,-10.73977499225));
#3480 = CARTESIAN_POINT('',(4.543730968641E-02,-10.74672628588));
#3481 = CARTESIAN_POINT('',(0.,-10.75));
#3482 = ( GEOMETRIC_REPRESENTATION_CONTEXT(2) 
PARAMETRIC_REPRESENTATION_CONTEXT() REPRESENTATION_CONTEXT('2D SPACE',''
  ) );
#3483 = PCURVE('',#2216,#3484);
#3484 = DEFINITIONAL_REPRESENTATION('',(#3485),#3489);
#3485 = LINE('',#3486,#3487);
#3486 = CARTESIAN_POINT('',(1.,0.));
#3487 = VECTOR('',#3488,1.);
#3488 = DIRECTION('',(-1.110223024625E-13,1.));
#3489 = ( GEOMETRIC_REPRESENTATION_CONTEXT(2) 
PARAMETRIC_REPRESENTATION_CONTEXT() REPRESENTATION_CONTEXT('2D SPACE',''
  ) );
#3490 = ORIENTED_EDGE('',*,*,#3491,.T.);
#3491 = EDGE_CURVE('',#3436,#3492,#3494,.T.);
#3492 = VERTEX_POINT('',#3493);
#3493 = CARTESIAN_POINT('',(-26.06250000136,6.,-7.347880794884E-16));
#3494 = SURFACE_CURVE('',#3495,(#3499,#3506),.PCURVE_S1.);
#3495 = LINE('',#3496,#3497);
#3496 = CARTESIAN_POINT('',(-36.5,6.,7.347880794884E-16));
#3497 = VECTOR('',#3498,1.);
#3498 = DIRECTION('',(-1.,3.330669073875E-16,-0.));
#3499 = PCURVE('',#3450,#3500);
#3500 = DEFINITIONAL_REPRESENTATION('',(#3501),#3505);
#3501 = LINE('',#3502,#3503);
#3502 = CARTESIAN_POINT('',(3.14159265359,0.));
#3503 = VECTOR('',#3504,1.);
#3504 = DIRECTION('',(0.,1.));
#3505 = ( GEOMETRIC_REPRESENTATION_CONTEXT(2) 
PARAMETRIC_REPRESENTATION_CONTEXT() REPRESENTATION_CONTEXT('2D SPACE',''
  ) );
#3506 = PCURVE('',#3507,#3512);
#3507 = CYLINDRICAL_SURFACE('',#3508,6.);
#3508 = AXIS2_PLACEMENT_3D('',#3509,#3510,#3511);
#3509 = CARTESIAN_POINT('',(-36.5,1.215694211965E-14,0.));
#3510 = DIRECTION('',(-1.,3.330669073875E-16,-0.));
#3511 = DIRECTION('',(-3.330669073875E-16,-1.,0.));
#3512 = DEFINITIONAL_REPRESENTATION('',(#3513),#3517);
#3513 = LINE('',#3514,#3515);
#3514 = CARTESIAN_POINT('',(3.14159265359,0.));
#3515 = VECTOR('',#3516,1.);
#3516 = DIRECTION('',(0.,1.));
#3517 = ( GEOMETRIC_REPRESENTATION_CONTEXT(2) 
PARAMETRIC_REPRESENTATION_CONTEXT() REPRESENTATION_CONTEXT('2D SPACE',''
  ) );
#3518 = ORIENTED_EDGE('',*,*,#3519,.T.);
#3519 = EDGE_CURVE('',#3492,#3520,#3522,.T.);
#3520 = VERTEX_POINT('',#3521);
#3521 = CARTESIAN_POINT('',(-25.81250000136,-6.,0.));
#3522 = SURFACE_CURVE('',#3523,(#3531,#3560),.PCURVE_S1.);
#3523 = ( BOUNDED_CURVE() B_SPLINE_CURVE(2,(#3524,#3525,#3526,#3527,
#3528,#3529,#3530),.UNSPECIFIED.,.F.,.F.) B_SPLINE_CURVE_WITH_KNOTS((3,2
    ,2,3),(0.86,0.866666666667,0.873333333333,0.88),
.PIECEWISE_BEZIER_KNOTS.) CURVE() GEOMETRIC_REPRESENTATION_ITEM() 
RATIONAL_B_SPLINE_CURVE((1.,0.866025403784,1.,0.866025403784,1.,
0.866025403784,1.)) REPRESENTATION_ITEM('') );
#3524 = CARTESIAN_POINT('',(-26.06250000136,6.,-7.347880794884E-16));
#3525 = CARTESIAN_POINT('',(-26.02083333469,6.,3.464101615138));
#3526 = CARTESIAN_POINT('',(-25.97916666803,3.,5.196152422707));
#3527 = CARTESIAN_POINT('',(-25.93750000136,9.911613197289E-15,
    6.928203230276));
#3528 = CARTESIAN_POINT('',(-25.89583333469,-3.,5.196152422707));
#3529 = CARTESIAN_POINT('',(-25.85416666803,-6.,3.464101615138));
#3530 = CARTESIAN_POINT('',(-25.81250000136,-6.,0.));
#3531 = PCURVE('',#3450,#3532);
#3532 = DEFINITIONAL_REPRESENTATION('',(#3533),#3559);
#3533 = B_SPLINE_CURVE_WITH_KNOTS('',3,(#3534,#3535,#3536,#3537,#3538,
    #3539,#3540,#3541,#3542,#3543,#3544,#3545,#3546,#3547,#3548,#3549,
    #3550,#3551,#3552,#3553,#3554,#3555,#3556,#3557,#3558),
  .UNSPECIFIED.,.F.,.F.,(4,1,1,1,1,1,1,1,1,1,1,1,1,1,1,1,1,1,1,1,1,1,4),
  (0.86,0.860909090909,0.861818181818,0.862727272727,0.863636363636,
    0.864545454545,0.865454545455,0.866363636364,0.867272727273,
    0.868181818182,0.869090909091,0.87,0.870909090909,0.871818181818,
    0.872727272727,0.873636363636,0.874545454545,0.875454545455,
    0.876363636364,0.877272727273,0.878181818182,0.879090909091,0.88),
  .QUASI_UNIFORM_KNOTS.);
#3534 = CARTESIAN_POINT('',(3.14159265359,-10.43749999863));
#3535 = CARTESIAN_POINT('',(3.096155343903,-10.44077371275));
#3536 = CARTESIAN_POINT('',(3.003553149791,-10.44772500638));
#3537 = CARTESIAN_POINT('',(2.860815406578,-10.45905931345));
#3538 = CARTESIAN_POINT('',(2.71552633536,-10.47102294862));
#3539 = CARTESIAN_POINT('',(2.569197078639,-10.48324620474));
#3540 = CARTESIAN_POINT('',(2.423398202367,-10.49533679654));
#3541 = CARTESIAN_POINT('',(2.279619754427,-10.506926333));
#3542 = CARTESIAN_POINT('',(2.139420152995,-10.5176534326));
#3543 = CARTESIAN_POINT('',(2.003420728269,-10.52740598428));
#3544 = CARTESIAN_POINT('',(1.861476954096,-10.53854502128));
#3545 = CARTESIAN_POINT('',(1.716968322946,-10.55031652414));
#3546 = CARTESIAN_POINT('',(1.570796326795,-10.56249999863));
#3547 = CARTESIAN_POINT('',(1.424624330644,-10.57468347312));
#3548 = CARTESIAN_POINT('',(1.280115699493,-10.58645497598));
#3549 = CARTESIAN_POINT('',(1.138171925321,-10.59759401298));
#3550 = CARTESIAN_POINT('',(1.002172500595,-10.60734656466));
#3551 = CARTESIAN_POINT('',(0.861972899163,-10.61807366426));
#3552 = CARTESIAN_POINT('',(0.718194451223,-10.62966320072));
#3553 = CARTESIAN_POINT('',(0.57239557495,-10.64175379252));
#3554 = CARTESIAN_POINT('',(0.426066318229,-10.65397704864));
#3555 = CARTESIAN_POINT('',(0.280777247012,-10.66594068381));
#3556 = CARTESIAN_POINT('',(0.138039503798,-10.67727499088));
#3557 = CARTESIAN_POINT('',(4.543730968641E-02,-10.68422628451));
#3558 = CARTESIAN_POINT('',(0.,-10.68749999863));
#3559 = ( GEOMETRIC_REPRESENTATION_CONTEXT(2) 
PARAMETRIC_REPRESENTATION_CONTEXT() REPRESENTATION_CONTEXT('2D SPACE',''
  ) );
#3560 = PCURVE('',#1421,#3561);
#3561 = DEFINITIONAL_REPRESENTATION('',(#3562),#3566);
#3562 = LINE('',#3563,#3564);
#3563 = CARTESIAN_POINT('',(-1.832846833968E-13,1.110223024625E-16));
#3564 = VECTOR('',#3565,1.);
#3565 = DIRECTION('',(2.126674000452E-13,1.));
#3566 = ( GEOMETRIC_REPRESENTATION_CONTEXT(2) 
PARAMETRIC_REPRESENTATION_CONTEXT() REPRESENTATION_CONTEXT('2D SPACE',''
  ) );
#3567 = ORIENTED_EDGE('',*,*,#3568,.F.);
#3568 = EDGE_CURVE('',#3438,#3520,#3569,.T.);
#3569 = SURFACE_CURVE('',#3570,(#3574,#3581),.PCURVE_S1.);
#3570 = LINE('',#3571,#3572);
#3571 = CARTESIAN_POINT('',(-36.5,-6.,0.));
#3572 = VECTOR('',#3573,1.);
#3573 = DIRECTION('',(-1.,3.330669073875E-16,-0.));
#3574 = PCURVE('',#3450,#3575);
#3575 = DEFINITIONAL_REPRESENTATION('',(#3576),#3580);
#3576 = LINE('',#3577,#3578);
#3577 = CARTESIAN_POINT('',(0.,0.));
#3578 = VECTOR('',#3579,1.);
#3579 = DIRECTION('',(0.,1.));
#3580 = ( GEOMETRIC_REPRESENTATION_CONTEXT(2) 
PARAMETRIC_REPRESENTATION_CONTEXT() REPRESENTATION_CONTEXT('2D SPACE',''
  ) );
#3581 = PCURVE('',#3377,#3582);
#3582 = DEFINITIONAL_REPRESENTATION('',(#3583),#3587);
#3583 = LINE('',#3584,#3585);
#3584 = CARTESIAN_POINT('',(6.28318530718,0.));
#3585 = VECTOR('',#3586,1.);
#3586 = DIRECTION('',(0.,1.));
#3587 = ( GEOMETRIC_REPRESENTATION_CONTEXT(2) 
PARAMETRIC_REPRESENTATION_CONTEXT() REPRESENTATION_CONTEXT('2D SPACE',''
  ) );
#3588 = ADVANCED_FACE('',(#3589),#3607,.T.);
#3589 = FACE_BOUND('',#3590,.T.);
#3590 = EDGE_LOOP('',(#3591,#3647,#3675,#3724));
#3591 = ORIENTED_EDGE('',*,*,#3592,.F.);
#3592 = EDGE_CURVE('',#3593,#3595,#3597,.T.);
#3593 = VERTEX_POINT('',#3594);
#3594 = CARTESIAN_POINT('',(-26.5,6.,-7.347880794884E-16));
#3595 = VERTEX_POINT('',#3596);
#3596 = CARTESIAN_POINT('',(-26.25,-6.,0.));
#3597 = SURFACE_CURVE('',#3598,(#3606,#3640),.PCURVE_S1.);
#3598 = ( BOUNDED_CURVE() B_SPLINE_CURVE(2,(#3599,#3600,#3601,#3602,
#3603,#3604,#3605),.UNSPECIFIED.,.F.,.F.) B_SPLINE_CURVE_WITH_KNOTS((3,2
    ,2,3),(0.86,0.866666666667,0.873333333333,0.88),
.PIECEWISE_BEZIER_KNOTS.) CURVE() GEOMETRIC_REPRESENTATION_ITEM() 
RATIONAL_B_SPLINE_CURVE((1.,0.866025403784,1.,0.866025403784,1.,
0.866025403784,1.)) REPRESENTATION_ITEM('') );
#3599 = CARTESIAN_POINT('',(-26.5,6.,-7.347880794884E-16));
#3600 = CARTESIAN_POINT('',(-26.45833333333,6.,3.464101615138));
#3601 = CARTESIAN_POINT('',(-26.41666666666,3.,5.196152422707));
#3602 = CARTESIAN_POINT('',(-26.375,1.005732996882E-14,6.928203230276));
#3603 = CARTESIAN_POINT('',(-26.33333333333,-3.,5.196152422707));
#3604 = CARTESIAN_POINT('',(-26.29166666666,-6.,3.464101615138));
#3605 = CARTESIAN_POINT('',(-26.25,-6.,0.));
#3606 = PCURVE('',#3607,#3612);
#3607 = CYLINDRICAL_SURFACE('',#3608,6.);
#3608 = AXIS2_PLACEMENT_3D('',#3609,#3610,#3611);
#3609 = CARTESIAN_POINT('',(-36.5,1.215694211965E-14,0.));
#3610 = DIRECTION('',(-1.,3.330669073875E-16,-0.));
#3611 = DIRECTION('',(-3.330669073875E-16,-1.,0.));
#3612 = DEFINITIONAL_REPRESENTATION('',(#3613),#3639);
#3613 = B_SPLINE_CURVE_WITH_KNOTS('',3,(#3614,#3615,#3616,#3617,#3618,
    #3619,#3620,#3621,#3622,#3623,#3624,#3625,#3626,#3627,#3628,#3629,
    #3630,#3631,#3632,#3633,#3634,#3635,#3636,#3637,#3638),
  .UNSPECIFIED.,.F.,.F.,(4,1,1,1,1,1,1,1,1,1,1,1,1,1,1,1,1,1,1,1,1,1,4),
  (0.86,0.860909090909,0.861818181818,0.862727272727,0.863636363636,
    0.864545454545,0.865454545455,0.866363636364,0.867272727273,
    0.868181818182,0.869090909091,0.87,0.870909090909,0.871818181818,
    0.872727272727,0.873636363636,0.874545454545,0.875454545455,
    0.876363636364,0.877272727273,0.878181818182,0.879090909091,0.88),
  .QUASI_UNIFORM_KNOTS.);
#3614 = CARTESIAN_POINT('',(3.14159265359,-10.));
#3615 = CARTESIAN_POINT('',(3.096155343903,-10.00327371411));
#3616 = CARTESIAN_POINT('',(3.003553149791,-10.01022500775));
#3617 = CARTESIAN_POINT('',(2.860815406578,-10.02155931482));
#3618 = CARTESIAN_POINT('',(2.71552633536,-10.03352294998));
#3619 = CARTESIAN_POINT('',(2.569197078639,-10.04574620611));
#3620 = CARTESIAN_POINT('',(2.423398202367,-10.05783679791));
#3621 = CARTESIAN_POINT('',(2.279619754427,-10.06942633436));
#3622 = CARTESIAN_POINT('',(2.139420152995,-10.08015343397));
#3623 = CARTESIAN_POINT('',(2.003420728269,-10.08990598565));
#3624 = CARTESIAN_POINT('',(1.861476954096,-10.10104502265));
#3625 = CARTESIAN_POINT('',(1.716968322946,-10.11281652551));
#3626 = CARTESIAN_POINT('',(1.570796326795,-10.125));
#3627 = CARTESIAN_POINT('',(1.424624330644,-10.13718347449));
#3628 = CARTESIAN_POINT('',(1.280115699493,-10.14895497735));
#3629 = CARTESIAN_POINT('',(1.138171925321,-10.16009401434));
#3630 = CARTESIAN_POINT('',(1.002172500595,-10.16984656602));
#3631 = CARTESIAN_POINT('',(0.861972899163,-10.18057366563));
#3632 = CARTESIAN_POINT('',(0.718194451223,-10.19216320208));
#3633 = CARTESIAN_POINT('',(0.57239557495,-10.20425379388));
#3634 = CARTESIAN_POINT('',(0.426066318229,-10.21647705001));
#3635 = CARTESIAN_POINT('',(0.280777247012,-10.22844068517));
#3636 = CARTESIAN_POINT('',(0.138039503798,-10.23977499225));
#3637 = CARTESIAN_POINT('',(4.543730968641E-02,-10.24672628588));
#3638 = CARTESIAN_POINT('',(0.,-10.25));
#3639 = ( GEOMETRIC_REPRESENTATION_CONTEXT(2) 
PARAMETRIC_REPRESENTATION_CONTEXT() REPRESENTATION_CONTEXT('2D SPACE',''
  ) );
#3640 = PCURVE('',#2216,#3641);
#3641 = DEFINITIONAL_REPRESENTATION('',(#3642),#3646);
#3642 = LINE('',#3643,#3644);
#3643 = CARTESIAN_POINT('',(1.,1.110223024625E-16));
#3644 = VECTOR('',#3645,1.);
#3645 = DIRECTION('',(0.,1.));
#3646 = ( GEOMETRIC_REPRESENTATION_CONTEXT(2) 
PARAMETRIC_REPRESENTATION_CONTEXT() REPRESENTATION_CONTEXT('2D SPACE',''
  ) );
#3647 = ORIENTED_EDGE('',*,*,#3648,.T.);
#3648 = EDGE_CURVE('',#3593,#3649,#3651,.T.);
#3649 = VERTEX_POINT('',#3650);
#3650 = CARTESIAN_POINT('',(-26.56250000136,6.,-7.347880794884E-16));
#3651 = SURFACE_CURVE('',#3652,(#3656,#3663),.PCURVE_S1.);
#3652 = LINE('',#3653,#3654);
#3653 = CARTESIAN_POINT('',(-36.5,6.,7.347880794884E-16));
#3654 = VECTOR('',#3655,1.);
#3655 = DIRECTION('',(-1.,3.330669073875E-16,-0.));
#3656 = PCURVE('',#3607,#3657);
#3657 = DEFINITIONAL_REPRESENTATION('',(#3658),#3662);
#3658 = LINE('',#3659,#3660);
#3659 = CARTESIAN_POINT('',(3.14159265359,0.));
#3660 = VECTOR('',#3661,1.);
#3661 = DIRECTION('',(0.,1.));
#3662 = ( GEOMETRIC_REPRESENTATION_CONTEXT(2) 
PARAMETRIC_REPRESENTATION_CONTEXT() REPRESENTATION_CONTEXT('2D SPACE',''
  ) );
#3663 = PCURVE('',#3664,#3669);
#3664 = CYLINDRICAL_SURFACE('',#3665,6.);
#3665 = AXIS2_PLACEMENT_3D('',#3666,#3667,#3668);
#3666 = CARTESIAN_POINT('',(-36.5,1.215694211965E-14,0.));
#3667 = DIRECTION('',(-1.,3.330669073875E-16,-0.));
#3668 = DIRECTION('',(-3.330669073875E-16,-1.,0.));
#3669 = DEFINITIONAL_REPRESENTATION('',(#3670),#3674);
#3670 = LINE('',#3671,#3672);
#3671 = CARTESIAN_POINT('',(3.14159265359,0.));
#3672 = VECTOR('',#3673,1.);
#3673 = DIRECTION('',(0.,1.));
#3674 = ( GEOMETRIC_REPRESENTATION_CONTEXT(2) 
PARAMETRIC_REPRESENTATION_CONTEXT() REPRESENTATION_CONTEXT('2D SPACE',''
  ) );
#3675 = ORIENTED_EDGE('',*,*,#3676,.T.);
#3676 = EDGE_CURVE('',#3649,#3677,#3679,.T.);
#3677 = VERTEX_POINT('',#3678);
#3678 = CARTESIAN_POINT('',(-26.31250000136,-6.,0.));
#3679 = SURFACE_CURVE('',#3680,(#3688,#3717),.PCURVE_S1.);
#3680 = ( BOUNDED_CURVE() B_SPLINE_CURVE(2,(#3681,#3682,#3683,#3684,
#3685,#3686,#3687),.UNSPECIFIED.,.F.,.F.) B_SPLINE_CURVE_WITH_KNOTS((3,2
    ,2,3),(0.82,0.826666666667,0.833333333333,0.84),
.PIECEWISE_BEZIER_KNOTS.) CURVE() GEOMETRIC_REPRESENTATION_ITEM() 
RATIONAL_B_SPLINE_CURVE((1.,0.866025403784,1.,0.866025403784,1.,
0.866025403784,1.)) REPRESENTATION_ITEM('') );
#3681 = CARTESIAN_POINT('',(-26.56250000136,6.,-7.347880794884E-16));
#3682 = CARTESIAN_POINT('',(-26.52083333469,6.,3.464101615138));
#3683 = CARTESIAN_POINT('',(-26.47916666803,3.,5.196152422707));
#3684 = CARTESIAN_POINT('',(-26.43750000136,1.007814665098E-14,
    6.928203230276));
#3685 = CARTESIAN_POINT('',(-26.39583333469,-3.,5.196152422707));
#3686 = CARTESIAN_POINT('',(-26.35416666803,-6.,3.464101615138));
#3687 = CARTESIAN_POINT('',(-26.31250000136,-6.,0.));
#3688 = PCURVE('',#3607,#3689);
#3689 = DEFINITIONAL_REPRESENTATION('',(#3690),#3716);
#3690 = B_SPLINE_CURVE_WITH_KNOTS('',3,(#3691,#3692,#3693,#3694,#3695,
    #3696,#3697,#3698,#3699,#3700,#3701,#3702,#3703,#3704,#3705,#3706,
    #3707,#3708,#3709,#3710,#3711,#3712,#3713,#3714,#3715),
  .UNSPECIFIED.,.F.,.F.,(4,1,1,1,1,1,1,1,1,1,1,1,1,1,1,1,1,1,1,1,1,1,4),
  (0.82,0.820909090909,0.821818181818,0.822727272727,0.823636363636,
    0.824545454545,0.825454545455,0.826363636364,0.827272727273,
    0.828181818182,0.829090909091,0.83,0.830909090909,0.831818181818,
    0.832727272727,0.833636363636,0.834545454545,0.835454545455,
    0.836363636364,0.837272727273,0.838181818182,0.839090909091,0.84),
  .QUASI_UNIFORM_KNOTS.);
#3691 = CARTESIAN_POINT('',(3.14159265359,-9.937499998634));
#3692 = CARTESIAN_POINT('',(3.096155343903,-9.940773712753));
#3693 = CARTESIAN_POINT('',(3.003553149791,-9.947725006384));
#3694 = CARTESIAN_POINT('',(2.860815406578,-9.959059313455));
#3695 = CARTESIAN_POINT('',(2.71552633536,-9.971022948624));
#3696 = CARTESIAN_POINT('',(2.569197078639,-9.983246204748));
#3697 = CARTESIAN_POINT('',(2.423398202367,-9.995336796545));
#3698 = CARTESIAN_POINT('',(2.279619754427,-10.006926333));
#3699 = CARTESIAN_POINT('',(2.139420152995,-10.0176534326));
#3700 = CARTESIAN_POINT('',(2.003420728269,-10.02740598428));
#3701 = CARTESIAN_POINT('',(1.861476954096,-10.03854502128));
#3702 = CARTESIAN_POINT('',(1.716968322946,-10.05031652414));
#3703 = CARTESIAN_POINT('',(1.570796326795,-10.06249999863));
#3704 = CARTESIAN_POINT('',(1.424624330644,-10.07468347312));
#3705 = CARTESIAN_POINT('',(1.280115699494,-10.08645497598));
#3706 = CARTESIAN_POINT('',(1.138171925321,-10.09759401298));
#3707 = CARTESIAN_POINT('',(1.002172500595,-10.10734656466));
#3708 = CARTESIAN_POINT('',(0.861972899163,-10.11807366426));
#3709 = CARTESIAN_POINT('',(0.718194451223,-10.12966320072));
#3710 = CARTESIAN_POINT('',(0.57239557495,-10.14175379252));
#3711 = CARTESIAN_POINT('',(0.426066318229,-10.15397704864));
#3712 = CARTESIAN_POINT('',(0.280777247012,-10.16594068381));
#3713 = CARTESIAN_POINT('',(0.138039503798,-10.17727499088));
#3714 = CARTESIAN_POINT('',(4.543730968641E-02,-10.18422628451));
#3715 = CARTESIAN_POINT('',(0.,-10.18749999863));
#3716 = ( GEOMETRIC_REPRESENTATION_CONTEXT(2) 
PARAMETRIC_REPRESENTATION_CONTEXT() REPRESENTATION_CONTEXT('2D SPACE',''
  ) );
#3717 = PCURVE('',#1421,#3718);
#3718 = DEFINITIONAL_REPRESENTATION('',(#3719),#3723);
#3719 = LINE('',#3720,#3721);
#3720 = CARTESIAN_POINT('',(1.516602204928E-14,-1.110223024625E-16));
#3721 = VECTOR('',#3722,1.);
#3722 = DIRECTION('',(-1.851389614527E-14,1.));
#3723 = ( GEOMETRIC_REPRESENTATION_CONTEXT(2) 
PARAMETRIC_REPRESENTATION_CONTEXT() REPRESENTATION_CONTEXT('2D SPACE',''
  ) );
#3724 = ORIENTED_EDGE('',*,*,#3725,.F.);
#3725 = EDGE_CURVE('',#3595,#3677,#3726,.T.);
#3726 = SURFACE_CURVE('',#3727,(#3731,#3738),.PCURVE_S1.);
#3727 = LINE('',#3728,#3729);
#3728 = CARTESIAN_POINT('',(-36.5,-6.,0.));
#3729 = VECTOR('',#3730,1.);
#3730 = DIRECTION('',(-1.,3.330669073875E-16,-0.));
#3731 = PCURVE('',#3607,#3732);
#3732 = DEFINITIONAL_REPRESENTATION('',(#3733),#3737);
#3733 = LINE('',#3734,#3735);
#3734 = CARTESIAN_POINT('',(0.,0.));
#3735 = VECTOR('',#3736,1.);
#3736 = DIRECTION('',(0.,1.));
#3737 = ( GEOMETRIC_REPRESENTATION_CONTEXT(2) 
PARAMETRIC_REPRESENTATION_CONTEXT() REPRESENTATION_CONTEXT('2D SPACE',''
  ) );
#3738 = PCURVE('',#3507,#3739);
#3739 = DEFINITIONAL_REPRESENTATION('',(#3740),#3744);
#3740 = LINE('',#3741,#3742);
#3741 = CARTESIAN_POINT('',(6.28318530718,0.));
#3742 = VECTOR('',#3743,1.);
#3743 = DIRECTION('',(0.,1.));
#3744 = ( GEOMETRIC_REPRESENTATION_CONTEXT(2) 
PARAMETRIC_REPRESENTATION_CONTEXT() REPRESENTATION_CONTEXT('2D SPACE',''
  ) );
#3745 = ADVANCED_FACE('',(#3746),#3764,.T.);
#3746 = FACE_BOUND('',#3747,.T.);
#3747 = EDGE_LOOP('',(#3748,#3804,#3832,#3881));
#3748 = ORIENTED_EDGE('',*,*,#3749,.F.);
#3749 = EDGE_CURVE('',#3750,#3752,#3754,.T.);
#3750 = VERTEX_POINT('',#3751);
#3751 = CARTESIAN_POINT('',(-27.,6.,-7.347880794884E-16));
#3752 = VERTEX_POINT('',#3753);
#3753 = CARTESIAN_POINT('',(-26.75,-6.,0.));
#3754 = SURFACE_CURVE('',#3755,(#3763,#3797),.PCURVE_S1.);
#3755 = ( BOUNDED_CURVE() B_SPLINE_CURVE(2,(#3756,#3757,#3758,#3759,
#3760,#3761,#3762),.UNSPECIFIED.,.F.,.F.) B_SPLINE_CURVE_WITH_KNOTS((3,2
    ,2,3),(0.82,0.826666666667,0.833333333333,0.84),
.PIECEWISE_BEZIER_KNOTS.) CURVE() GEOMETRIC_REPRESENTATION_ITEM() 
RATIONAL_B_SPLINE_CURVE((1.,0.866025403784,1.,0.866025403784,1.,
0.866025403784,1.)) REPRESENTATION_ITEM('') );
#3756 = CARTESIAN_POINT('',(-27.,6.,-7.347880794884E-16));
#3757 = CARTESIAN_POINT('',(-26.95833333333,6.,3.464101615138));
#3758 = CARTESIAN_POINT('',(-26.91666666666,3.,5.196152422707));
#3759 = CARTESIAN_POINT('',(-26.875,1.022386342251E-14,6.928203230276));
#3760 = CARTESIAN_POINT('',(-26.83333333333,-3.,5.196152422707));
#3761 = CARTESIAN_POINT('',(-26.79166666666,-6.,3.464101615138));
#3762 = CARTESIAN_POINT('',(-26.75,-6.,0.));
#3763 = PCURVE('',#3764,#3769);
#3764 = CYLINDRICAL_SURFACE('',#3765,6.);
#3765 = AXIS2_PLACEMENT_3D('',#3766,#3767,#3768);
#3766 = CARTESIAN_POINT('',(-36.5,1.215694211965E-14,0.));
#3767 = DIRECTION('',(-1.,3.330669073875E-16,-0.));
#3768 = DIRECTION('',(-3.330669073875E-16,-1.,0.));
#3769 = DEFINITIONAL_REPRESENTATION('',(#3770),#3796);
#3770 = B_SPLINE_CURVE_WITH_KNOTS('',3,(#3771,#3772,#3773,#3774,#3775,
    #3776,#3777,#3778,#3779,#3780,#3781,#3782,#3783,#3784,#3785,#3786,
    #3787,#3788,#3789,#3790,#3791,#3792,#3793,#3794,#3795),
  .UNSPECIFIED.,.F.,.F.,(4,1,1,1,1,1,1,1,1,1,1,1,1,1,1,1,1,1,1,1,1,1,4),
  (0.82,0.820909090909,0.821818181818,0.822727272727,0.823636363636,
    0.824545454545,0.825454545455,0.826363636364,0.827272727273,
    0.828181818182,0.829090909091,0.83,0.830909090909,0.831818181818,
    0.832727272727,0.833636363636,0.834545454545,0.835454545455,
    0.836363636364,0.837272727273,0.838181818182,0.839090909091,0.84),
  .QUASI_UNIFORM_KNOTS.);
#3771 = CARTESIAN_POINT('',(3.14159265359,-9.5));
#3772 = CARTESIAN_POINT('',(3.096155343903,-9.503273714118));
#3773 = CARTESIAN_POINT('',(3.003553149791,-9.51022500775));
#3774 = CARTESIAN_POINT('',(2.860815406578,-9.521559314821));
#3775 = CARTESIAN_POINT('',(2.71552633536,-9.533522949989));
#3776 = CARTESIAN_POINT('',(2.569197078639,-9.545746206114));
#3777 = CARTESIAN_POINT('',(2.423398202367,-9.557836797911));
#3778 = CARTESIAN_POINT('',(2.279619754427,-9.569426334368));
#3779 = CARTESIAN_POINT('',(2.139420152995,-9.580153433971));
#3780 = CARTESIAN_POINT('',(2.003420728269,-9.589905985654));
#3781 = CARTESIAN_POINT('',(1.861476954096,-9.60104502265));
#3782 = CARTESIAN_POINT('',(1.716968322946,-9.61281652551));
#3783 = CARTESIAN_POINT('',(1.570796326795,-9.625));
#3784 = CARTESIAN_POINT('',(1.424624330644,-9.63718347449));
#3785 = CARTESIAN_POINT('',(1.280115699494,-9.64895497735));
#3786 = CARTESIAN_POINT('',(1.138171925321,-9.660094014345));
#3787 = CARTESIAN_POINT('',(1.002172500595,-9.669846566029));
#3788 = CARTESIAN_POINT('',(0.861972899163,-9.680573665632));
#3789 = CARTESIAN_POINT('',(0.718194451223,-9.692163202089));
#3790 = CARTESIAN_POINT('',(0.57239557495,-9.704253793886));
#3791 = CARTESIAN_POINT('',(0.426066318229,-9.716477050011));
#3792 = CARTESIAN_POINT('',(0.280777247012,-9.728440685179));
#3793 = CARTESIAN_POINT('',(0.138039503798,-9.73977499225));
#3794 = CARTESIAN_POINT('',(4.543730968641E-02,-9.746726285882));
#3795 = CARTESIAN_POINT('',(0.,-9.75));
#3796 = ( GEOMETRIC_REPRESENTATION_CONTEXT(2) 
PARAMETRIC_REPRESENTATION_CONTEXT() REPRESENTATION_CONTEXT('2D SPACE',''
  ) );
#3797 = PCURVE('',#2216,#3798);
#3798 = DEFINITIONAL_REPRESENTATION('',(#3799),#3803);
#3799 = LINE('',#3800,#3801);
#3800 = CARTESIAN_POINT('',(1.,-1.110223024625E-16));
#3801 = VECTOR('',#3802,1.);
#3802 = DIRECTION('',(0.,1.));
#3803 = ( GEOMETRIC_REPRESENTATION_CONTEXT(2) 
PARAMETRIC_REPRESENTATION_CONTEXT() REPRESENTATION_CONTEXT('2D SPACE',''
  ) );
#3804 = ORIENTED_EDGE('',*,*,#3805,.T.);
#3805 = EDGE_CURVE('',#3750,#3806,#3808,.T.);
#3806 = VERTEX_POINT('',#3807);
#3807 = CARTESIAN_POINT('',(-27.06250000136,6.,-7.347880794884E-16));
#3808 = SURFACE_CURVE('',#3809,(#3813,#3820),.PCURVE_S1.);
#3809 = LINE('',#3810,#3811);
#3810 = CARTESIAN_POINT('',(-36.5,6.,7.347880794884E-16));
#3811 = VECTOR('',#3812,1.);
#3812 = DIRECTION('',(-1.,3.330669073875E-16,-0.));
#3813 = PCURVE('',#3764,#3814);
#3814 = DEFINITIONAL_REPRESENTATION('',(#3815),#3819);
#3815 = LINE('',#3816,#3817);
#3816 = CARTESIAN_POINT('',(3.14159265359,0.));
#3817 = VECTOR('',#3818,1.);
#3818 = DIRECTION('',(0.,1.));
#3819 = ( GEOMETRIC_REPRESENTATION_CONTEXT(2) 
PARAMETRIC_REPRESENTATION_CONTEXT() REPRESENTATION_CONTEXT('2D SPACE',''
  ) );
#3820 = PCURVE('',#3821,#3826);
#3821 = CYLINDRICAL_SURFACE('',#3822,6.);
#3822 = AXIS2_PLACEMENT_3D('',#3823,#3824,#3825);
#3823 = CARTESIAN_POINT('',(-36.5,1.215694211965E-14,0.));
#3824 = DIRECTION('',(-1.,3.330669073875E-16,-0.));
#3825 = DIRECTION('',(-3.330669073875E-16,-1.,0.));
#3826 = DEFINITIONAL_REPRESENTATION('',(#3827),#3831);
#3827 = LINE('',#3828,#3829);
#3828 = CARTESIAN_POINT('',(3.14159265359,0.));
#3829 = VECTOR('',#3830,1.);
#3830 = DIRECTION('',(0.,1.));
#3831 = ( GEOMETRIC_REPRESENTATION_CONTEXT(2) 
PARAMETRIC_REPRESENTATION_CONTEXT() REPRESENTATION_CONTEXT('2D SPACE',''
  ) );
#3832 = ORIENTED_EDGE('',*,*,#3833,.T.);
#3833 = EDGE_CURVE('',#3806,#3834,#3836,.T.);
#3834 = VERTEX_POINT('',#3835);
#3835 = CARTESIAN_POINT('',(-26.81250000136,-6.,0.));
#3836 = SURFACE_CURVE('',#3837,(#3845,#3874),.PCURVE_S1.);
#3837 = ( BOUNDED_CURVE() B_SPLINE_CURVE(2,(#3838,#3839,#3840,#3841,
#3842,#3843,#3844),.UNSPECIFIED.,.F.,.F.) B_SPLINE_CURVE_WITH_KNOTS((3,2
    ,2,3),(0.78,0.786666666667,0.793333333333,0.8),
.PIECEWISE_BEZIER_KNOTS.) CURVE() GEOMETRIC_REPRESENTATION_ITEM() 
RATIONAL_B_SPLINE_CURVE((1.,0.866025403784,1.,0.866025403784,1.,
0.866025403784,1.)) REPRESENTATION_ITEM('') );
#3838 = CARTESIAN_POINT('',(-27.06250000136,6.,-7.347880794884E-16));
#3839 = CARTESIAN_POINT('',(-27.02083333469,6.,3.464101615138));
#3840 = CARTESIAN_POINT('',(-26.97916666803,3.,5.196152422707));
#3841 = CARTESIAN_POINT('',(-26.93750000136,1.024468010468E-14,
    6.928203230276));
#3842 = CARTESIAN_POINT('',(-26.89583333469,-3.,5.196152422707));
#3843 = CARTESIAN_POINT('',(-26.85416666803,-6.,3.464101615138));
#3844 = CARTESIAN_POINT('',(-26.81250000136,-6.,0.));
#3845 = PCURVE('',#3764,#3846);
#3846 = DEFINITIONAL_REPRESENTATION('',(#3847),#3873);
#3847 = B_SPLINE_CURVE_WITH_KNOTS('',3,(#3848,#3849,#3850,#3851,#3852,
    #3853,#3854,#3855,#3856,#3857,#3858,#3859,#3860,#3861,#3862,#3863,
    #3864,#3865,#3866,#3867,#3868,#3869,#3870,#3871,#3872),
  .UNSPECIFIED.,.F.,.F.,(4,1,1,1,1,1,1,1,1,1,1,1,1,1,1,1,1,1,1,1,1,1,4),
  (0.78,0.780909090909,0.781818181818,0.782727272727,0.783636363636,
    0.784545454545,0.785454545455,0.786363636364,0.787272727273,
    0.788181818182,0.789090909091,0.79,0.790909090909,0.791818181818,
    0.792727272727,0.793636363636,0.794545454545,0.795454545455,
    0.796363636364,0.797272727273,0.798181818182,0.799090909091,0.8),
  .QUASI_UNIFORM_KNOTS.);
#3848 = CARTESIAN_POINT('',(3.14159265359,-9.437499998634));
#3849 = CARTESIAN_POINT('',(3.096155343903,-9.440773712753));
#3850 = CARTESIAN_POINT('',(3.003553149791,-9.447725006384));
#3851 = CARTESIAN_POINT('',(2.860815406578,-9.459059313455));
#3852 = CARTESIAN_POINT('',(2.71552633536,-9.471022948624));
#3853 = CARTESIAN_POINT('',(2.569197078639,-9.483246204748));
#3854 = CARTESIAN_POINT('',(2.423398202367,-9.495336796545));
#3855 = CARTESIAN_POINT('',(2.279619754427,-9.506926333003));
#3856 = CARTESIAN_POINT('',(2.139420152995,-9.517653432606));
#3857 = CARTESIAN_POINT('',(2.003420728269,-9.527405984289));
#3858 = CARTESIAN_POINT('',(1.861476954096,-9.538545021285));
#3859 = CARTESIAN_POINT('',(1.716968322946,-9.550316524145));
#3860 = CARTESIAN_POINT('',(1.570796326795,-9.562499998634));
#3861 = CARTESIAN_POINT('',(1.424624330644,-9.574683473124));
#3862 = CARTESIAN_POINT('',(1.280115699493,-9.586454975984));
#3863 = CARTESIAN_POINT('',(1.138171925321,-9.59759401298));
#3864 = CARTESIAN_POINT('',(1.002172500595,-9.607346564663));
#3865 = CARTESIAN_POINT('',(0.861972899163,-9.618073664266));
#3866 = CARTESIAN_POINT('',(0.718194451223,-9.629663200723));
#3867 = CARTESIAN_POINT('',(0.57239557495,-9.64175379252));
#3868 = CARTESIAN_POINT('',(0.426066318229,-9.653977048645));
#3869 = CARTESIAN_POINT('',(0.280777247012,-9.665940683814));
#3870 = CARTESIAN_POINT('',(0.138039503798,-9.677274990885));
#3871 = CARTESIAN_POINT('',(4.543730968641E-02,-9.684226284516));
#3872 = CARTESIAN_POINT('',(0.,-9.687499998634));
#3873 = ( GEOMETRIC_REPRESENTATION_CONTEXT(2) 
PARAMETRIC_REPRESENTATION_CONTEXT() REPRESENTATION_CONTEXT('2D SPACE',''
  ) );
#3874 = PCURVE('',#1421,#3875);
#3875 = DEFINITIONAL_REPRESENTATION('',(#3876),#3880);
#3876 = LINE('',#3877,#3878);
#3877 = CARTESIAN_POINT('',(-1.544575919602E-14,0.));
#3878 = VECTOR('',#3879,1.);
#3879 = DIRECTION('',(1.930133312579E-14,1.));
#3880 = ( GEOMETRIC_REPRESENTATION_CONTEXT(2) 
PARAMETRIC_REPRESENTATION_CONTEXT() REPRESENTATION_CONTEXT('2D SPACE',''
  ) );
#3881 = ORIENTED_EDGE('',*,*,#3882,.F.);
#3882 = EDGE_CURVE('',#3752,#3834,#3883,.T.);
#3883 = SURFACE_CURVE('',#3884,(#3888,#3895),.PCURVE_S1.);
#3884 = LINE('',#3885,#3886);
#3885 = CARTESIAN_POINT('',(-36.5,-6.,0.));
#3886 = VECTOR('',#3887,1.);
#3887 = DIRECTION('',(-1.,3.330669073875E-16,-0.));
#3888 = PCURVE('',#3764,#3889);
#3889 = DEFINITIONAL_REPRESENTATION('',(#3890),#3894);
#3890 = LINE('',#3891,#3892);
#3891 = CARTESIAN_POINT('',(0.,0.));
#3892 = VECTOR('',#3893,1.);
#3893 = DIRECTION('',(0.,1.));
#3894 = ( GEOMETRIC_REPRESENTATION_CONTEXT(2) 
PARAMETRIC_REPRESENTATION_CONTEXT() REPRESENTATION_CONTEXT('2D SPACE',''
  ) );
#3895 = PCURVE('',#3664,#3896);
#3896 = DEFINITIONAL_REPRESENTATION('',(#3897),#3901);
#3897 = LINE('',#3898,#3899);
#3898 = CARTESIAN_POINT('',(6.28318530718,0.));
#3899 = VECTOR('',#3900,1.);
#3900 = DIRECTION('',(0.,1.));
#3901 = ( GEOMETRIC_REPRESENTATION_CONTEXT(2) 
PARAMETRIC_REPRESENTATION_CONTEXT() REPRESENTATION_CONTEXT('2D SPACE',''
  ) );
#3902 = ADVANCED_FACE('',(#3903),#3921,.T.);
#3903 = FACE_BOUND('',#3904,.T.);
#3904 = EDGE_LOOP('',(#3905,#3961,#3989,#4038));
#3905 = ORIENTED_EDGE('',*,*,#3906,.F.);
#3906 = EDGE_CURVE('',#3907,#3909,#3911,.T.);
#3907 = VERTEX_POINT('',#3908);
#3908 = CARTESIAN_POINT('',(-27.5,6.,-7.347880794884E-16));
#3909 = VERTEX_POINT('',#3910);
#3910 = CARTESIAN_POINT('',(-27.25,-6.,0.));
#3911 = SURFACE_CURVE('',#3912,(#3920,#3954),.PCURVE_S1.);
#3912 = ( BOUNDED_CURVE() B_SPLINE_CURVE(2,(#3913,#3914,#3915,#3916,
#3917,#3918,#3919),.UNSPECIFIED.,.F.,.F.) B_SPLINE_CURVE_WITH_KNOTS((3,2
    ,2,3),(0.78,0.786666666667,0.793333333333,0.8),
.PIECEWISE_BEZIER_KNOTS.) CURVE() GEOMETRIC_REPRESENTATION_ITEM() 
RATIONAL_B_SPLINE_CURVE((1.,0.866025403784,1.,0.866025403784,1.,
0.866025403784,1.)) REPRESENTATION_ITEM('') );
#3913 = CARTESIAN_POINT('',(-27.5,6.,-7.347880794884E-16));
#3914 = CARTESIAN_POINT('',(-27.45833333333,6.,3.464101615138));
#3915 = CARTESIAN_POINT('',(-27.41666666666,3.,5.196152422707));
#3916 = CARTESIAN_POINT('',(-27.375,1.03903968762E-14,6.928203230276));
#3917 = CARTESIAN_POINT('',(-27.33333333333,-3.,5.196152422707));
#3918 = CARTESIAN_POINT('',(-27.29166666666,-6.,3.464101615138));
#3919 = CARTESIAN_POINT('',(-27.25,-6.,0.));
#3920 = PCURVE('',#3921,#3926);
#3921 = CYLINDRICAL_SURFACE('',#3922,6.);
#3922 = AXIS2_PLACEMENT_3D('',#3923,#3924,#3925);
#3923 = CARTESIAN_POINT('',(-36.5,1.215694211965E-14,0.));
#3924 = DIRECTION('',(-1.,3.330669073875E-16,-0.));
#3925 = DIRECTION('',(-3.330669073875E-16,-1.,0.));
#3926 = DEFINITIONAL_REPRESENTATION('',(#3927),#3953);
#3927 = B_SPLINE_CURVE_WITH_KNOTS('',3,(#3928,#3929,#3930,#3931,#3932,
    #3933,#3934,#3935,#3936,#3937,#3938,#3939,#3940,#3941,#3942,#3943,
    #3944,#3945,#3946,#3947,#3948,#3949,#3950,#3951,#3952),
  .UNSPECIFIED.,.F.,.F.,(4,1,1,1,1,1,1,1,1,1,1,1,1,1,1,1,1,1,1,1,1,1,4),
  (0.78,0.780909090909,0.781818181818,0.782727272727,0.783636363636,
    0.784545454545,0.785454545455,0.786363636364,0.787272727273,
    0.788181818182,0.789090909091,0.79,0.790909090909,0.791818181818,
    0.792727272727,0.793636363636,0.794545454545,0.795454545455,
    0.796363636364,0.797272727273,0.798181818182,0.799090909091,0.8),
  .QUASI_UNIFORM_KNOTS.);
#3928 = CARTESIAN_POINT('',(3.14159265359,-9.));
#3929 = CARTESIAN_POINT('',(3.096155343903,-9.003273714118));
#3930 = CARTESIAN_POINT('',(3.003553149791,-9.01022500775));
#3931 = CARTESIAN_POINT('',(2.860815406578,-9.021559314821));
#3932 = CARTESIAN_POINT('',(2.71552633536,-9.033522949989));
#3933 = CARTESIAN_POINT('',(2.569197078639,-9.045746206114));
#3934 = CARTESIAN_POINT('',(2.423398202367,-9.057836797911));
#3935 = CARTESIAN_POINT('',(2.279619754427,-9.069426334368));
#3936 = CARTESIAN_POINT('',(2.139420152995,-9.080153433971));
#3937 = CARTESIAN_POINT('',(2.003420728269,-9.089905985654));
#3938 = CARTESIAN_POINT('',(1.861476954096,-9.10104502265));
#3939 = CARTESIAN_POINT('',(1.716968322946,-9.11281652551));
#3940 = CARTESIAN_POINT('',(1.570796326795,-9.125));
#3941 = CARTESIAN_POINT('',(1.424624330644,-9.13718347449));
#3942 = CARTESIAN_POINT('',(1.280115699493,-9.14895497735));
#3943 = CARTESIAN_POINT('',(1.138171925321,-9.160094014345));
#3944 = CARTESIAN_POINT('',(1.002172500595,-9.169846566029));
#3945 = CARTESIAN_POINT('',(0.861972899163,-9.180573665632));
#3946 = CARTESIAN_POINT('',(0.718194451223,-9.192163202089));
#3947 = CARTESIAN_POINT('',(0.57239557495,-9.204253793886));
#3948 = CARTESIAN_POINT('',(0.426066318229,-9.216477050011));
#3949 = CARTESIAN_POINT('',(0.280777247012,-9.228440685179));
#3950 = CARTESIAN_POINT('',(0.138039503798,-9.23977499225));
#3951 = CARTESIAN_POINT('',(4.543730968641E-02,-9.246726285882));
#3952 = CARTESIAN_POINT('',(0.,-9.25));
#3953 = ( GEOMETRIC_REPRESENTATION_CONTEXT(2) 
PARAMETRIC_REPRESENTATION_CONTEXT() REPRESENTATION_CONTEXT('2D SPACE',''
  ) );
#3954 = PCURVE('',#2216,#3955);
#3955 = DEFINITIONAL_REPRESENTATION('',(#3956),#3960);
#3956 = LINE('',#3957,#3958);
#3957 = CARTESIAN_POINT('',(1.,0.));
#3958 = VECTOR('',#3959,1.);
#3959 = DIRECTION('',(3.330669073875E-14,1.));
#3960 = ( GEOMETRIC_REPRESENTATION_CONTEXT(2) 
PARAMETRIC_REPRESENTATION_CONTEXT() REPRESENTATION_CONTEXT('2D SPACE',''
  ) );
#3961 = ORIENTED_EDGE('',*,*,#3962,.T.);
#3962 = EDGE_CURVE('',#3907,#3963,#3965,.T.);
#3963 = VERTEX_POINT('',#3964);
#3964 = CARTESIAN_POINT('',(-27.56250000136,6.,-7.347880794884E-16));
#3965 = SURFACE_CURVE('',#3966,(#3970,#3977),.PCURVE_S1.);
#3966 = LINE('',#3967,#3968);
#3967 = CARTESIAN_POINT('',(-36.5,6.,7.347880794884E-16));
#3968 = VECTOR('',#3969,1.);
#3969 = DIRECTION('',(-1.,3.330669073875E-16,-0.));
#3970 = PCURVE('',#3921,#3971);
#3971 = DEFINITIONAL_REPRESENTATION('',(#3972),#3976);
#3972 = LINE('',#3973,#3974);
#3973 = CARTESIAN_POINT('',(3.14159265359,0.));
#3974 = VECTOR('',#3975,1.);
#3975 = DIRECTION('',(0.,1.));
#3976 = ( GEOMETRIC_REPRESENTATION_CONTEXT(2) 
PARAMETRIC_REPRESENTATION_CONTEXT() REPRESENTATION_CONTEXT('2D SPACE',''
  ) );
#3977 = PCURVE('',#3978,#3983);
#3978 = CYLINDRICAL_SURFACE('',#3979,6.);
#3979 = AXIS2_PLACEMENT_3D('',#3980,#3981,#3982);
#3980 = CARTESIAN_POINT('',(-36.5,1.215694211965E-14,0.));
#3981 = DIRECTION('',(-1.,3.330669073875E-16,-0.));
#3982 = DIRECTION('',(-3.330669073875E-16,-1.,0.));
#3983 = DEFINITIONAL_REPRESENTATION('',(#3984),#3988);
#3984 = LINE('',#3985,#3986);
#3985 = CARTESIAN_POINT('',(3.14159265359,0.));
#3986 = VECTOR('',#3987,1.);
#3987 = DIRECTION('',(0.,1.));
#3988 = ( GEOMETRIC_REPRESENTATION_CONTEXT(2) 
PARAMETRIC_REPRESENTATION_CONTEXT() REPRESENTATION_CONTEXT('2D SPACE',''
  ) );
#3989 = ORIENTED_EDGE('',*,*,#3990,.T.);
#3990 = EDGE_CURVE('',#3963,#3991,#3993,.T.);
#3991 = VERTEX_POINT('',#3992);
#3992 = CARTESIAN_POINT('',(-27.31250000136,-6.,0.));
#3993 = SURFACE_CURVE('',#3994,(#4002,#4031),.PCURVE_S1.);
#3994 = ( BOUNDED_CURVE() B_SPLINE_CURVE(2,(#3995,#3996,#3997,#3998,
#3999,#4000,#4001),.UNSPECIFIED.,.F.,.F.) B_SPLINE_CURVE_WITH_KNOTS((3,2
    ,2,3),(0.74,0.746666666667,0.753333333333,0.76),
.PIECEWISE_BEZIER_KNOTS.) CURVE() GEOMETRIC_REPRESENTATION_ITEM() 
RATIONAL_B_SPLINE_CURVE((1.,0.866025403784,1.,0.866025403784,1.,
0.866025403784,1.)) REPRESENTATION_ITEM('') );
#3995 = CARTESIAN_POINT('',(-27.56250000136,6.,-7.347880794884E-16));
#3996 = CARTESIAN_POINT('',(-27.52083333469,6.,3.464101615138));
#3997 = CARTESIAN_POINT('',(-27.47916666803,3.,5.196152422707));
#3998 = CARTESIAN_POINT('',(-27.43750000136,1.041121355837E-14,
    6.928203230276));
#3999 = CARTESIAN_POINT('',(-27.39583333469,-3.,5.196152422707));
#4000 = CARTESIAN_POINT('',(-27.35416666803,-6.,3.464101615138));
#4001 = CARTESIAN_POINT('',(-27.31250000136,-6.,0.));
#4002 = PCURVE('',#3921,#4003);
#4003 = DEFINITIONAL_REPRESENTATION('',(#4004),#4030);
#4004 = B_SPLINE_CURVE_WITH_KNOTS('',3,(#4005,#4006,#4007,#4008,#4009,
    #4010,#4011,#4012,#4013,#4014,#4015,#4016,#4017,#4018,#4019,#4020,
    #4021,#4022,#4023,#4024,#4025,#4026,#4027,#4028,#4029),
  .UNSPECIFIED.,.F.,.F.,(4,1,1,1,1,1,1,1,1,1,1,1,1,1,1,1,1,1,1,1,1,1,4),
  (0.74,0.740909090909,0.741818181818,0.742727272727,0.743636363636,
    0.744545454545,0.745454545455,0.746363636364,0.747272727273,
    0.748181818182,0.749090909091,0.75,0.750909090909,0.751818181818,
    0.752727272727,0.753636363636,0.754545454545,0.755454545455,
    0.756363636364,0.757272727273,0.758181818182,0.759090909091,0.76),
  .QUASI_UNIFORM_KNOTS.);
#4005 = CARTESIAN_POINT('',(3.14159265359,-8.937499998634));
#4006 = CARTESIAN_POINT('',(3.096155343903,-8.940773712753));
#4007 = CARTESIAN_POINT('',(3.003553149791,-8.947725006384));
#4008 = CARTESIAN_POINT('',(2.860815406578,-8.959059313455));
#4009 = CARTESIAN_POINT('',(2.71552633536,-8.971022948624));
#4010 = CARTESIAN_POINT('',(2.569197078639,-8.983246204748));
#4011 = CARTESIAN_POINT('',(2.423398202367,-8.995336796545));
#4012 = CARTESIAN_POINT('',(2.279619754427,-9.006926333003));
#4013 = CARTESIAN_POINT('',(2.139420152995,-9.017653432606));
#4014 = CARTESIAN_POINT('',(2.003420728269,-9.027405984289));
#4015 = CARTESIAN_POINT('',(1.861476954096,-9.038545021285));
#4016 = CARTESIAN_POINT('',(1.716968322946,-9.050316524145));
#4017 = CARTESIAN_POINT('',(1.570796326795,-9.062499998634));
#4018 = CARTESIAN_POINT('',(1.424624330644,-9.074683473124));
#4019 = CARTESIAN_POINT('',(1.280115699493,-9.086454975984));
#4020 = CARTESIAN_POINT('',(1.138171925321,-9.09759401298));
#4021 = CARTESIAN_POINT('',(1.002172500595,-9.107346564663));
#4022 = CARTESIAN_POINT('',(0.861972899163,-9.118073664266));
#4023 = CARTESIAN_POINT('',(0.718194451223,-9.129663200723));
#4024 = CARTESIAN_POINT('',(0.57239557495,-9.14175379252));
#4025 = CARTESIAN_POINT('',(0.426066318229,-9.153977048645));
#4026 = CARTESIAN_POINT('',(0.280777247012,-9.165940683814));
#4027 = CARTESIAN_POINT('',(0.138039503798,-9.177274990885));
#4028 = CARTESIAN_POINT('',(4.543730968641E-02,-9.184226284516));
#4029 = CARTESIAN_POINT('',(0.,-9.187499998634));
#4030 = ( GEOMETRIC_REPRESENTATION_CONTEXT(2) 
PARAMETRIC_REPRESENTATION_CONTEXT() REPRESENTATION_CONTEXT('2D SPACE',''
  ) );
#4031 = PCURVE('',#1421,#4032);
#4032 = DEFINITIONAL_REPRESENTATION('',(#4033),#4037);
#4033 = LINE('',#4034,#4035);
#4034 = CARTESIAN_POINT('',(1.074210978416E-13,0.));
#4035 = VECTOR('',#4036,1.);
#4036 = DIRECTION('',(-1.418393939627E-13,1.));
#4037 = ( GEOMETRIC_REPRESENTATION_CONTEXT(2) 
PARAMETRIC_REPRESENTATION_CONTEXT() REPRESENTATION_CONTEXT('2D SPACE',''
  ) );
#4038 = ORIENTED_EDGE('',*,*,#4039,.F.);
#4039 = EDGE_CURVE('',#3909,#3991,#4040,.T.);
#4040 = SURFACE_CURVE('',#4041,(#4045,#4052),.PCURVE_S1.);
#4041 = LINE('',#4042,#4043);
#4042 = CARTESIAN_POINT('',(-36.5,-6.,0.));
#4043 = VECTOR('',#4044,1.);
#4044 = DIRECTION('',(-1.,3.330669073875E-16,-0.));
#4045 = PCURVE('',#3921,#4046);
#4046 = DEFINITIONAL_REPRESENTATION('',(#4047),#4051);
#4047 = LINE('',#4048,#4049);
#4048 = CARTESIAN_POINT('',(0.,0.));
#4049 = VECTOR('',#4050,1.);
#4050 = DIRECTION('',(0.,1.));
#4051 = ( GEOMETRIC_REPRESENTATION_CONTEXT(2) 
PARAMETRIC_REPRESENTATION_CONTEXT() REPRESENTATION_CONTEXT('2D SPACE',''
  ) );
#4052 = PCURVE('',#3821,#4053);
#4053 = DEFINITIONAL_REPRESENTATION('',(#4054),#4058);
#4054 = LINE('',#4055,#4056);
#4055 = CARTESIAN_POINT('',(6.28318530718,0.));
#4056 = VECTOR('',#4057,1.);
#4057 = DIRECTION('',(0.,1.));
#4058 = ( GEOMETRIC_REPRESENTATION_CONTEXT(2) 
PARAMETRIC_REPRESENTATION_CONTEXT() REPRESENTATION_CONTEXT('2D SPACE',''
  ) );
#4059 = ADVANCED_FACE('',(#4060),#4078,.T.);
#4060 = FACE_BOUND('',#4061,.T.);
#4061 = EDGE_LOOP('',(#4062,#4118,#4146,#4195));
#4062 = ORIENTED_EDGE('',*,*,#4063,.F.);
#4063 = EDGE_CURVE('',#4064,#4066,#4068,.T.);
#4064 = VERTEX_POINT('',#4065);
#4065 = CARTESIAN_POINT('',(-28.,6.,-7.347880794884E-16));
#4066 = VERTEX_POINT('',#4067);
#4067 = CARTESIAN_POINT('',(-27.75,-6.,0.));
#4068 = SURFACE_CURVE('',#4069,(#4077,#4111),.PCURVE_S1.);
#4069 = ( BOUNDED_CURVE() B_SPLINE_CURVE(2,(#4070,#4071,#4072,#4073,
#4074,#4075,#4076),.UNSPECIFIED.,.F.,.F.) B_SPLINE_CURVE_WITH_KNOTS((3,2
    ,2,3),(0.74,0.746666666667,0.753333333333,0.76),
.PIECEWISE_BEZIER_KNOTS.) CURVE() GEOMETRIC_REPRESENTATION_ITEM() 
RATIONAL_B_SPLINE_CURVE((1.,0.866025403784,1.,0.866025403784,1.,
0.866025403784,1.)) REPRESENTATION_ITEM('') );
#4070 = CARTESIAN_POINT('',(-28.,6.,-7.347880794884E-16));
#4071 = CARTESIAN_POINT('',(-27.95833333333,6.,3.464101615138));
#4072 = CARTESIAN_POINT('',(-27.91666666666,3.,5.196152422707));
#4073 = CARTESIAN_POINT('',(-27.875,1.05569303299E-14,6.928203230276));
#4074 = CARTESIAN_POINT('',(-27.83333333333,-3.,5.196152422707));
#4075 = CARTESIAN_POINT('',(-27.79166666666,-6.,3.464101615138));
#4076 = CARTESIAN_POINT('',(-27.75,-6.,0.));
#4077 = PCURVE('',#4078,#4083);
#4078 = CYLINDRICAL_SURFACE('',#4079,6.);
#4079 = AXIS2_PLACEMENT_3D('',#4080,#4081,#4082);
#4080 = CARTESIAN_POINT('',(-36.5,1.215694211965E-14,0.));
#4081 = DIRECTION('',(-1.,3.330669073875E-16,-0.));
#4082 = DIRECTION('',(-3.330669073875E-16,-1.,0.));
#4083 = DEFINITIONAL_REPRESENTATION('',(#4084),#4110);
#4084 = B_SPLINE_CURVE_WITH_KNOTS('',3,(#4085,#4086,#4087,#4088,#4089,
    #4090,#4091,#4092,#4093,#4094,#4095,#4096,#4097,#4098,#4099,#4100,
    #4101,#4102,#4103,#4104,#4105,#4106,#4107,#4108,#4109),
  .UNSPECIFIED.,.F.,.F.,(4,1,1,1,1,1,1,1,1,1,1,1,1,1,1,1,1,1,1,1,1,1,4),
  (0.74,0.740909090909,0.741818181818,0.742727272727,0.743636363636,
    0.744545454545,0.745454545455,0.746363636364,0.747272727273,
    0.748181818182,0.749090909091,0.75,0.750909090909,0.751818181818,
    0.752727272727,0.753636363636,0.754545454545,0.755454545455,
    0.756363636364,0.757272727273,0.758181818182,0.759090909091,0.76),
  .QUASI_UNIFORM_KNOTS.);
#4085 = CARTESIAN_POINT('',(3.14159265359,-8.5));
#4086 = CARTESIAN_POINT('',(3.096155343903,-8.503273714118));
#4087 = CARTESIAN_POINT('',(3.003553149791,-8.51022500775));
#4088 = CARTESIAN_POINT('',(2.860815406578,-8.521559314821));
#4089 = CARTESIAN_POINT('',(2.71552633536,-8.533522949989));
#4090 = CARTESIAN_POINT('',(2.569197078639,-8.545746206114));
#4091 = CARTESIAN_POINT('',(2.423398202367,-8.557836797911));
#4092 = CARTESIAN_POINT('',(2.279619754427,-8.569426334368));
#4093 = CARTESIAN_POINT('',(2.139420152995,-8.580153433971));
#4094 = CARTESIAN_POINT('',(2.003420728269,-8.589905985654));
#4095 = CARTESIAN_POINT('',(1.861476954096,-8.60104502265));
#4096 = CARTESIAN_POINT('',(1.716968322946,-8.61281652551));
#4097 = CARTESIAN_POINT('',(1.570796326795,-8.625));
#4098 = CARTESIAN_POINT('',(1.424624330644,-8.63718347449));
#4099 = CARTESIAN_POINT('',(1.280115699493,-8.64895497735));
#4100 = CARTESIAN_POINT('',(1.138171925321,-8.660094014345));
#4101 = CARTESIAN_POINT('',(1.002172500595,-8.669846566029));
#4102 = CARTESIAN_POINT('',(0.861972899163,-8.680573665632));
#4103 = CARTESIAN_POINT('',(0.718194451223,-8.692163202089));
#4104 = CARTESIAN_POINT('',(0.57239557495,-8.704253793886));
#4105 = CARTESIAN_POINT('',(0.426066318229,-8.716477050011));
#4106 = CARTESIAN_POINT('',(0.280777247012,-8.728440685179));
#4107 = CARTESIAN_POINT('',(0.138039503798,-8.73977499225));
#4108 = CARTESIAN_POINT('',(4.543730968641E-02,-8.746726285882));
#4109 = CARTESIAN_POINT('',(0.,-8.75));
#4110 = ( GEOMETRIC_REPRESENTATION_CONTEXT(2) 
PARAMETRIC_REPRESENTATION_CONTEXT() REPRESENTATION_CONTEXT('2D SPACE',''
  ) );
#4111 = PCURVE('',#2216,#4112);
#4112 = DEFINITIONAL_REPRESENTATION('',(#4113),#4117);
#4113 = LINE('',#4114,#4115);
#4114 = CARTESIAN_POINT('',(1.,0.));
#4115 = VECTOR('',#4116,1.);
#4116 = DIRECTION('',(0.,1.));
#4117 = ( GEOMETRIC_REPRESENTATION_CONTEXT(2) 
PARAMETRIC_REPRESENTATION_CONTEXT() REPRESENTATION_CONTEXT('2D SPACE',''
  ) );
#4118 = ORIENTED_EDGE('',*,*,#4119,.T.);
#4119 = EDGE_CURVE('',#4064,#4120,#4122,.T.);
#4120 = VERTEX_POINT('',#4121);
#4121 = CARTESIAN_POINT('',(-28.06250000136,6.,-7.347880794884E-16));
#4122 = SURFACE_CURVE('',#4123,(#4127,#4134),.PCURVE_S1.);
#4123 = LINE('',#4124,#4125);
#4124 = CARTESIAN_POINT('',(-36.5,6.,7.347880794884E-16));
#4125 = VECTOR('',#4126,1.);
#4126 = DIRECTION('',(-1.,3.330669073875E-16,-0.));
#4127 = PCURVE('',#4078,#4128);
#4128 = DEFINITIONAL_REPRESENTATION('',(#4129),#4133);
#4129 = LINE('',#4130,#4131);
#4130 = CARTESIAN_POINT('',(3.14159265359,0.));
#4131 = VECTOR('',#4132,1.);
#4132 = DIRECTION('',(0.,1.));
#4133 = ( GEOMETRIC_REPRESENTATION_CONTEXT(2) 
PARAMETRIC_REPRESENTATION_CONTEXT() REPRESENTATION_CONTEXT('2D SPACE',''
  ) );
#4134 = PCURVE('',#4135,#4140);
#4135 = CYLINDRICAL_SURFACE('',#4136,6.);
#4136 = AXIS2_PLACEMENT_3D('',#4137,#4138,#4139);
#4137 = CARTESIAN_POINT('',(-36.5,1.215694211965E-14,0.));
#4138 = DIRECTION('',(-1.,3.330669073875E-16,-0.));
#4139 = DIRECTION('',(-3.330669073875E-16,-1.,0.));
#4140 = DEFINITIONAL_REPRESENTATION('',(#4141),#4145);
#4141 = LINE('',#4142,#4143);
#4142 = CARTESIAN_POINT('',(3.14159265359,0.));
#4143 = VECTOR('',#4144,1.);
#4144 = DIRECTION('',(0.,1.));
#4145 = ( GEOMETRIC_REPRESENTATION_CONTEXT(2) 
PARAMETRIC_REPRESENTATION_CONTEXT() REPRESENTATION_CONTEXT('2D SPACE',''
  ) );
#4146 = ORIENTED_EDGE('',*,*,#4147,.T.);
#4147 = EDGE_CURVE('',#4120,#4148,#4150,.T.);
#4148 = VERTEX_POINT('',#4149);
#4149 = CARTESIAN_POINT('',(-27.81250000136,-6.,0.));
#4150 = SURFACE_CURVE('',#4151,(#4159,#4188),.PCURVE_S1.);
#4151 = ( BOUNDED_CURVE() B_SPLINE_CURVE(2,(#4152,#4153,#4154,#4155,
#4156,#4157,#4158),.UNSPECIFIED.,.F.,.F.) B_SPLINE_CURVE_WITH_KNOTS((3,2
    ,2,3),(0.7,0.706666666667,0.713333333333,0.72),
.PIECEWISE_BEZIER_KNOTS.) CURVE() GEOMETRIC_REPRESENTATION_ITEM() 
RATIONAL_B_SPLINE_CURVE((1.,0.866025403784,1.,0.866025403784,1.,
0.866025403784,1.)) REPRESENTATION_ITEM('') );
#4152 = CARTESIAN_POINT('',(-28.06250000136,6.,-7.347880794884E-16));
#4153 = CARTESIAN_POINT('',(-28.02083333469,6.,3.464101615138));
#4154 = CARTESIAN_POINT('',(-27.97916666803,3.,5.196152422707));
#4155 = CARTESIAN_POINT('',(-27.93750000136,1.057774701206E-14,
    6.928203230276));
#4156 = CARTESIAN_POINT('',(-27.89583333469,-3.,5.196152422707));
#4157 = CARTESIAN_POINT('',(-27.85416666803,-6.,3.464101615138));
#4158 = CARTESIAN_POINT('',(-27.81250000136,-6.,0.));
#4159 = PCURVE('',#4078,#4160);
#4160 = DEFINITIONAL_REPRESENTATION('',(#4161),#4187);
#4161 = B_SPLINE_CURVE_WITH_KNOTS('',3,(#4162,#4163,#4164,#4165,#4166,
    #4167,#4168,#4169,#4170,#4171,#4172,#4173,#4174,#4175,#4176,#4177,
    #4178,#4179,#4180,#4181,#4182,#4183,#4184,#4185,#4186),
  .UNSPECIFIED.,.F.,.F.,(4,1,1,1,1,1,1,1,1,1,1,1,1,1,1,1,1,1,1,1,1,1,4),
  (0.7,0.700909090909,0.701818181818,0.702727272727,0.703636363636,
    0.704545454545,0.705454545455,0.706363636364,0.707272727273,
    0.708181818182,0.709090909091,0.71,0.710909090909,0.711818181818,
    0.712727272727,0.713636363636,0.714545454545,0.715454545455,
    0.716363636364,0.717272727273,0.718181818182,0.719090909091,0.72),
  .QUASI_UNIFORM_KNOTS.);
#4162 = CARTESIAN_POINT('',(3.14159265359,-8.437499998634));
#4163 = CARTESIAN_POINT('',(3.096155343903,-8.440773712753));
#4164 = CARTESIAN_POINT('',(3.003553149791,-8.447725006384));
#4165 = CARTESIAN_POINT('',(2.860815406578,-8.459059313455));
#4166 = CARTESIAN_POINT('',(2.71552633536,-8.471022948624));
#4167 = CARTESIAN_POINT('',(2.569197078639,-8.483246204748));
#4168 = CARTESIAN_POINT('',(2.423398202367,-8.495336796545));
#4169 = CARTESIAN_POINT('',(2.279619754427,-8.506926333003));
#4170 = CARTESIAN_POINT('',(2.139420152995,-8.517653432606));
#4171 = CARTESIAN_POINT('',(2.003420728269,-8.527405984289));
#4172 = CARTESIAN_POINT('',(1.861476954096,-8.538545021285));
#4173 = CARTESIAN_POINT('',(1.716968322946,-8.550316524145));
#4174 = CARTESIAN_POINT('',(1.570796326795,-8.562499998634));
#4175 = CARTESIAN_POINT('',(1.424624330644,-8.574683473124));
#4176 = CARTESIAN_POINT('',(1.280115699494,-8.586454975984));
#4177 = CARTESIAN_POINT('',(1.138171925321,-8.59759401298));
#4178 = CARTESIAN_POINT('',(1.002172500595,-8.607346564663));
#4179 = CARTESIAN_POINT('',(0.861972899163,-8.618073664266));
#4180 = CARTESIAN_POINT('',(0.718194451223,-8.629663200723));
#4181 = CARTESIAN_POINT('',(0.57239557495,-8.64175379252));
#4182 = CARTESIAN_POINT('',(0.426066318229,-8.653977048645));
#4183 = CARTESIAN_POINT('',(0.280777247012,-8.665940683814));
#4184 = CARTESIAN_POINT('',(0.138039503798,-8.677274990885));
#4185 = CARTESIAN_POINT('',(4.543730968641E-02,-8.684226284516));
#4186 = CARTESIAN_POINT('',(0.,-8.687499998634));
#4187 = ( GEOMETRIC_REPRESENTATION_CONTEXT(2) 
PARAMETRIC_REPRESENTATION_CONTEXT() REPRESENTATION_CONTEXT('2D SPACE',''
  ) );
#4188 = PCURVE('',#1421,#4189);
#4189 = DEFINITIONAL_REPRESENTATION('',(#4190),#4194);
#4190 = LINE('',#4191,#4192);
#4191 = CARTESIAN_POINT('',(-1.028661476745E-13,1.110223024625E-16));
#4192 = VECTOR('',#4193,1.);
#4193 = DIRECTION('',(1.423462584783E-13,1.));
#4194 = ( GEOMETRIC_REPRESENTATION_CONTEXT(2) 
PARAMETRIC_REPRESENTATION_CONTEXT() REPRESENTATION_CONTEXT('2D SPACE',''
  ) );
#4195 = ORIENTED_EDGE('',*,*,#4196,.F.);
#4196 = EDGE_CURVE('',#4066,#4148,#4197,.T.);
#4197 = SURFACE_CURVE('',#4198,(#4202,#4209),.PCURVE_S1.);
#4198 = LINE('',#4199,#4200);
#4199 = CARTESIAN_POINT('',(-36.5,-6.,0.));
#4200 = VECTOR('',#4201,1.);
#4201 = DIRECTION('',(-1.,3.330669073875E-16,-0.));
#4202 = PCURVE('',#4078,#4203);
#4203 = DEFINITIONAL_REPRESENTATION('',(#4204),#4208);
#4204 = LINE('',#4205,#4206);
#4205 = CARTESIAN_POINT('',(0.,0.));
#4206 = VECTOR('',#4207,1.);
#4207 = DIRECTION('',(0.,1.));
#4208 = ( GEOMETRIC_REPRESENTATION_CONTEXT(2) 
PARAMETRIC_REPRESENTATION_CONTEXT() REPRESENTATION_CONTEXT('2D SPACE',''
  ) );
#4209 = PCURVE('',#3978,#4210);
#4210 = DEFINITIONAL_REPRESENTATION('',(#4211),#4215);
#4211 = LINE('',#4212,#4213);
#4212 = CARTESIAN_POINT('',(6.28318530718,0.));
#4213 = VECTOR('',#4214,1.);
#4214 = DIRECTION('',(0.,1.));
#4215 = ( GEOMETRIC_REPRESENTATION_CONTEXT(2) 
PARAMETRIC_REPRESENTATION_CONTEXT() REPRESENTATION_CONTEXT('2D SPACE',''
  ) );
#4216 = ADVANCED_FACE('',(#4217),#4235,.T.);
#4217 = FACE_BOUND('',#4218,.T.);
#4218 = EDGE_LOOP('',(#4219,#4275,#4303,#4352));
#4219 = ORIENTED_EDGE('',*,*,#4220,.F.);
#4220 = EDGE_CURVE('',#4221,#4223,#4225,.T.);
#4221 = VERTEX_POINT('',#4222);
#4222 = CARTESIAN_POINT('',(-28.5,6.,-7.347880794884E-16));
#4223 = VERTEX_POINT('',#4224);
#4224 = CARTESIAN_POINT('',(-28.25,-6.,0.));
#4225 = SURFACE_CURVE('',#4226,(#4234,#4268),.PCURVE_S1.);
#4226 = ( BOUNDED_CURVE() B_SPLINE_CURVE(2,(#4227,#4228,#4229,#4230,
#4231,#4232,#4233),.UNSPECIFIED.,.F.,.F.) B_SPLINE_CURVE_WITH_KNOTS((3,2
    ,2,3),(0.7,0.706666666667,0.713333333333,0.72),
.PIECEWISE_BEZIER_KNOTS.) CURVE() GEOMETRIC_REPRESENTATION_ITEM() 
RATIONAL_B_SPLINE_CURVE((1.,0.866025403784,1.,0.866025403784,1.,
0.866025403784,1.)) REPRESENTATION_ITEM('') );
#4227 = CARTESIAN_POINT('',(-28.5,6.,-7.347880794884E-16));
#4228 = CARTESIAN_POINT('',(-28.45833333333,6.,3.464101615138));
#4229 = CARTESIAN_POINT('',(-28.41666666666,3.,5.196152422707));
#4230 = CARTESIAN_POINT('',(-28.375,1.072346378359E-14,6.928203230276));
#4231 = CARTESIAN_POINT('',(-28.33333333333,-3.,5.196152422707));
#4232 = CARTESIAN_POINT('',(-28.29166666666,-6.,3.464101615138));
#4233 = CARTESIAN_POINT('',(-28.25,-6.,0.));
#4234 = PCURVE('',#4235,#4240);
#4235 = CYLINDRICAL_SURFACE('',#4236,6.);
#4236 = AXIS2_PLACEMENT_3D('',#4237,#4238,#4239);
#4237 = CARTESIAN_POINT('',(-36.5,1.215694211965E-14,0.));
#4238 = DIRECTION('',(-1.,3.330669073875E-16,-0.));
#4239 = DIRECTION('',(-3.330669073875E-16,-1.,0.));
#4240 = DEFINITIONAL_REPRESENTATION('',(#4241),#4267);
#4241 = B_SPLINE_CURVE_WITH_KNOTS('',3,(#4242,#4243,#4244,#4245,#4246,
    #4247,#4248,#4249,#4250,#4251,#4252,#4253,#4254,#4255,#4256,#4257,
    #4258,#4259,#4260,#4261,#4262,#4263,#4264,#4265,#4266),
  .UNSPECIFIED.,.F.,.F.,(4,1,1,1,1,1,1,1,1,1,1,1,1,1,1,1,1,1,1,1,1,1,4),
  (0.7,0.700909090909,0.701818181818,0.702727272727,0.703636363636,
    0.704545454545,0.705454545455,0.706363636364,0.707272727273,
    0.708181818182,0.709090909091,0.71,0.710909090909,0.711818181818,
    0.712727272727,0.713636363636,0.714545454545,0.715454545455,
    0.716363636364,0.717272727273,0.718181818182,0.719090909091,0.72),
  .QUASI_UNIFORM_KNOTS.);
#4242 = CARTESIAN_POINT('',(3.14159265359,-8.));
#4243 = CARTESIAN_POINT('',(3.096155343903,-8.003273714118));
#4244 = CARTESIAN_POINT('',(3.003553149791,-8.01022500775));
#4245 = CARTESIAN_POINT('',(2.860815406578,-8.021559314821));
#4246 = CARTESIAN_POINT('',(2.71552633536,-8.033522949989));
#4247 = CARTESIAN_POINT('',(2.569197078639,-8.045746206114));
#4248 = CARTESIAN_POINT('',(2.423398202367,-8.057836797911));
#4249 = CARTESIAN_POINT('',(2.279619754427,-8.069426334368));
#4250 = CARTESIAN_POINT('',(2.139420152995,-8.080153433971));
#4251 = CARTESIAN_POINT('',(2.003420728269,-8.089905985654));
#4252 = CARTESIAN_POINT('',(1.861476954096,-8.10104502265));
#4253 = CARTESIAN_POINT('',(1.716968322946,-8.11281652551));
#4254 = CARTESIAN_POINT('',(1.570796326795,-8.125));
#4255 = CARTESIAN_POINT('',(1.424624330644,-8.13718347449));
#4256 = CARTESIAN_POINT('',(1.280115699494,-8.14895497735));
#4257 = CARTESIAN_POINT('',(1.138171925321,-8.160094014345));
#4258 = CARTESIAN_POINT('',(1.002172500595,-8.169846566029));
#4259 = CARTESIAN_POINT('',(0.861972899163,-8.180573665632));
#4260 = CARTESIAN_POINT('',(0.718194451223,-8.192163202089));
#4261 = CARTESIAN_POINT('',(0.57239557495,-8.204253793886));
#4262 = CARTESIAN_POINT('',(0.426066318229,-8.216477050011));
#4263 = CARTESIAN_POINT('',(0.280777247012,-8.228440685179));
#4264 = CARTESIAN_POINT('',(0.138039503798,-8.23977499225));
#4265 = CARTESIAN_POINT('',(4.543730968641E-02,-8.246726285882));
#4266 = CARTESIAN_POINT('',(0.,-8.25));
#4267 = ( GEOMETRIC_REPRESENTATION_CONTEXT(2) 
PARAMETRIC_REPRESENTATION_CONTEXT() REPRESENTATION_CONTEXT('2D SPACE',''
  ) );
#4268 = PCURVE('',#2216,#4269);
#4269 = DEFINITIONAL_REPRESENTATION('',(#4270),#4274);
#4270 = LINE('',#4271,#4272);
#4271 = CARTESIAN_POINT('',(1.,1.110223024625E-16));
#4272 = VECTOR('',#4273,1.);
#4273 = DIRECTION('',(6.661338147751E-14,1.));
#4274 = ( GEOMETRIC_REPRESENTATION_CONTEXT(2) 
PARAMETRIC_REPRESENTATION_CONTEXT() REPRESENTATION_CONTEXT('2D SPACE',''
  ) );
#4275 = ORIENTED_EDGE('',*,*,#4276,.T.);
#4276 = EDGE_CURVE('',#4221,#4277,#4279,.T.);
#4277 = VERTEX_POINT('',#4278);
#4278 = CARTESIAN_POINT('',(-28.56250000136,6.,-7.347880794884E-16));
#4279 = SURFACE_CURVE('',#4280,(#4284,#4291),.PCURVE_S1.);
#4280 = LINE('',#4281,#4282);
#4281 = CARTESIAN_POINT('',(-36.5,6.,7.347880794884E-16));
#4282 = VECTOR('',#4283,1.);
#4283 = DIRECTION('',(-1.,3.330669073875E-16,-0.));
#4284 = PCURVE('',#4235,#4285);
#4285 = DEFINITIONAL_REPRESENTATION('',(#4286),#4290);
#4286 = LINE('',#4287,#4288);
#4287 = CARTESIAN_POINT('',(3.14159265359,0.));
#4288 = VECTOR('',#4289,1.);
#4289 = DIRECTION('',(0.,1.));
#4290 = ( GEOMETRIC_REPRESENTATION_CONTEXT(2) 
PARAMETRIC_REPRESENTATION_CONTEXT() REPRESENTATION_CONTEXT('2D SPACE',''
  ) );
#4291 = PCURVE('',#4292,#4297);
#4292 = CYLINDRICAL_SURFACE('',#4293,6.);
#4293 = AXIS2_PLACEMENT_3D('',#4294,#4295,#4296);
#4294 = CARTESIAN_POINT('',(-36.5,1.215694211965E-14,0.));
#4295 = DIRECTION('',(-1.,3.330669073875E-16,-0.));
#4296 = DIRECTION('',(-3.330669073875E-16,-1.,0.));
#4297 = DEFINITIONAL_REPRESENTATION('',(#4298),#4302);
#4298 = LINE('',#4299,#4300);
#4299 = CARTESIAN_POINT('',(3.14159265359,0.));
#4300 = VECTOR('',#4301,1.);
#4301 = DIRECTION('',(0.,1.));
#4302 = ( GEOMETRIC_REPRESENTATION_CONTEXT(2) 
PARAMETRIC_REPRESENTATION_CONTEXT() REPRESENTATION_CONTEXT('2D SPACE',''
  ) );
#4303 = ORIENTED_EDGE('',*,*,#4304,.T.);
#4304 = EDGE_CURVE('',#4277,#4305,#4307,.T.);
#4305 = VERTEX_POINT('',#4306);
#4306 = CARTESIAN_POINT('',(-28.31250000136,-6.,0.));
#4307 = SURFACE_CURVE('',#4308,(#4316,#4345),.PCURVE_S1.);
#4308 = ( BOUNDED_CURVE() B_SPLINE_CURVE(2,(#4309,#4310,#4311,#4312,
#4313,#4314,#4315),.UNSPECIFIED.,.F.,.F.) B_SPLINE_CURVE_WITH_KNOTS((3,2
    ,2,3),(0.66,0.666666666667,0.673333333333,0.68),
.PIECEWISE_BEZIER_KNOTS.) CURVE() GEOMETRIC_REPRESENTATION_ITEM() 
RATIONAL_B_SPLINE_CURVE((1.,0.866025403784,1.,0.866025403784,1.,
0.866025403784,1.)) REPRESENTATION_ITEM('') );
#4309 = CARTESIAN_POINT('',(-28.56250000136,6.,-7.347880794884E-16));
#4310 = CARTESIAN_POINT('',(-28.52083333469,6.,3.464101615138));
#4311 = CARTESIAN_POINT('',(-28.47916666803,3.,5.196152422707));
#4312 = CARTESIAN_POINT('',(-28.43750000136,1.074428046576E-14,
    6.928203230276));
#4313 = CARTESIAN_POINT('',(-28.39583333469,-3.,5.196152422707));
#4314 = CARTESIAN_POINT('',(-28.35416666803,-6.,3.464101615138));
#4315 = CARTESIAN_POINT('',(-28.31250000136,-6.,0.));
#4316 = PCURVE('',#4235,#4317);
#4317 = DEFINITIONAL_REPRESENTATION('',(#4318),#4344);
#4318 = B_SPLINE_CURVE_WITH_KNOTS('',3,(#4319,#4320,#4321,#4322,#4323,
    #4324,#4325,#4326,#4327,#4328,#4329,#4330,#4331,#4332,#4333,#4334,
    #4335,#4336,#4337,#4338,#4339,#4340,#4341,#4342,#4343),
  .UNSPECIFIED.,.F.,.F.,(4,1,1,1,1,1,1,1,1,1,1,1,1,1,1,1,1,1,1,1,1,1,4),
  (0.66,0.660909090909,0.661818181818,0.662727272727,0.663636363636,
    0.664545454545,0.665454545455,0.666363636364,0.667272727273,
    0.668181818182,0.669090909091,0.67,0.670909090909,0.671818181818,
    0.672727272727,0.673636363636,0.674545454545,0.675454545455,
    0.676363636364,0.677272727273,0.678181818182,0.679090909091,0.68),
  .QUASI_UNIFORM_KNOTS.);
#4319 = CARTESIAN_POINT('',(3.14159265359,-7.937499998634));
#4320 = CARTESIAN_POINT('',(3.096155343903,-7.940773712753));
#4321 = CARTESIAN_POINT('',(3.003553149791,-7.947725006384));
#4322 = CARTESIAN_POINT('',(2.860815406578,-7.959059313455));
#4323 = CARTESIAN_POINT('',(2.71552633536,-7.971022948624));
#4324 = CARTESIAN_POINT('',(2.569197078639,-7.983246204748));
#4325 = CARTESIAN_POINT('',(2.423398202367,-7.995336796545));
#4326 = CARTESIAN_POINT('',(2.279619754427,-8.006926333003));
#4327 = CARTESIAN_POINT('',(2.139420152995,-8.017653432606));
#4328 = CARTESIAN_POINT('',(2.003420728269,-8.027405984289));
#4329 = CARTESIAN_POINT('',(1.861476954096,-8.038545021285));
#4330 = CARTESIAN_POINT('',(1.716968322946,-8.050316524145));
#4331 = CARTESIAN_POINT('',(1.570796326795,-8.062499998634));
#4332 = CARTESIAN_POINT('',(1.424624330644,-8.074683473124));
#4333 = CARTESIAN_POINT('',(1.280115699493,-8.086454975984));
#4334 = CARTESIAN_POINT('',(1.138171925321,-8.09759401298));
#4335 = CARTESIAN_POINT('',(1.002172500595,-8.107346564663));
#4336 = CARTESIAN_POINT('',(0.861972899163,-8.118073664266));
#4337 = CARTESIAN_POINT('',(0.718194451223,-8.129663200723));
#4338 = CARTESIAN_POINT('',(0.57239557495,-8.14175379252));
#4339 = CARTESIAN_POINT('',(0.426066318229,-8.153977048645));
#4340 = CARTESIAN_POINT('',(0.280777247012,-8.165940683814));
#4341 = CARTESIAN_POINT('',(0.138039503798,-8.177274990885));
#4342 = CARTESIAN_POINT('',(4.543730968641E-02,-8.184226284516));
#4343 = CARTESIAN_POINT('',(0.,-8.187499998634));
#4344 = ( GEOMETRIC_REPRESENTATION_CONTEXT(2) 
PARAMETRIC_REPRESENTATION_CONTEXT() REPRESENTATION_CONTEXT('2D SPACE',''
  ) );
#4345 = PCURVE('',#1421,#4346);
#4346 = DEFINITIONAL_REPRESENTATION('',(#4347),#4351);
#4347 = LINE('',#4348,#4349);
#4348 = CARTESIAN_POINT('',(4.774001018722E-14,0.));
#4349 = VECTOR('',#4350,1.);
#4350 = DIRECTION('',(-7.077265206171E-14,1.));
#4351 = ( GEOMETRIC_REPRESENTATION_CONTEXT(2) 
PARAMETRIC_REPRESENTATION_CONTEXT() REPRESENTATION_CONTEXT('2D SPACE',''
  ) );
#4352 = ORIENTED_EDGE('',*,*,#4353,.F.);
#4353 = EDGE_CURVE('',#4223,#4305,#4354,.T.);
#4354 = SURFACE_CURVE('',#4355,(#4359,#4366),.PCURVE_S1.);
#4355 = LINE('',#4356,#4357);
#4356 = CARTESIAN_POINT('',(-36.5,-6.,0.));
#4357 = VECTOR('',#4358,1.);
#4358 = DIRECTION('',(-1.,3.330669073875E-16,-0.));
#4359 = PCURVE('',#4235,#4360);
#4360 = DEFINITIONAL_REPRESENTATION('',(#4361),#4365);
#4361 = LINE('',#4362,#4363);
#4362 = CARTESIAN_POINT('',(0.,0.));
#4363 = VECTOR('',#4364,1.);
#4364 = DIRECTION('',(0.,1.));
#4365 = ( GEOMETRIC_REPRESENTATION_CONTEXT(2) 
PARAMETRIC_REPRESENTATION_CONTEXT() REPRESENTATION_CONTEXT('2D SPACE',''
  ) );
#4366 = PCURVE('',#4135,#4367);
#4367 = DEFINITIONAL_REPRESENTATION('',(#4368),#4372);
#4368 = LINE('',#4369,#4370);
#4369 = CARTESIAN_POINT('',(6.28318530718,0.));
#4370 = VECTOR('',#4371,1.);
#4371 = DIRECTION('',(0.,1.));
#4372 = ( GEOMETRIC_REPRESENTATION_CONTEXT(2) 
PARAMETRIC_REPRESENTATION_CONTEXT() REPRESENTATION_CONTEXT('2D SPACE',''
  ) );
#4373 = ADVANCED_FACE('',(#4374),#4392,.T.);
#4374 = FACE_BOUND('',#4375,.T.);
#4375 = EDGE_LOOP('',(#4376,#4432,#4460,#4509));
#4376 = ORIENTED_EDGE('',*,*,#4377,.F.);
#4377 = EDGE_CURVE('',#4378,#4380,#4382,.T.);
#4378 = VERTEX_POINT('',#4379);
#4379 = CARTESIAN_POINT('',(-29.,6.,-7.347880794884E-16));
#4380 = VERTEX_POINT('',#4381);
#4381 = CARTESIAN_POINT('',(-28.75,-6.,0.));
#4382 = SURFACE_CURVE('',#4383,(#4391,#4425),.PCURVE_S1.);
#4383 = ( BOUNDED_CURVE() B_SPLINE_CURVE(2,(#4384,#4385,#4386,#4387,
#4388,#4389,#4390),.UNSPECIFIED.,.F.,.F.) B_SPLINE_CURVE_WITH_KNOTS((3,2
    ,2,3),(0.66,0.666666666667,0.673333333333,0.68),
.PIECEWISE_BEZIER_KNOTS.) CURVE() GEOMETRIC_REPRESENTATION_ITEM() 
RATIONAL_B_SPLINE_CURVE((1.,0.866025403784,1.,0.866025403784,1.,
0.866025403784,1.)) REPRESENTATION_ITEM('') );
#4384 = CARTESIAN_POINT('',(-29.,6.,-7.347880794884E-16));
#4385 = CARTESIAN_POINT('',(-28.95833333333,6.,3.464101615138));
#4386 = CARTESIAN_POINT('',(-28.91666666666,3.,5.196152422707));
#4387 = CARTESIAN_POINT('',(-28.875,1.088999723729E-14,6.928203230276));
#4388 = CARTESIAN_POINT('',(-28.83333333333,-3.,5.196152422707));
#4389 = CARTESIAN_POINT('',(-28.79166666666,-6.,3.464101615138));
#4390 = CARTESIAN_POINT('',(-28.75,-6.,0.));
#4391 = PCURVE('',#4392,#4397);
#4392 = CYLINDRICAL_SURFACE('',#4393,6.);
#4393 = AXIS2_PLACEMENT_3D('',#4394,#4395,#4396);
#4394 = CARTESIAN_POINT('',(-36.5,1.215694211965E-14,0.));
#4395 = DIRECTION('',(-1.,3.330669073875E-16,-0.));
#4396 = DIRECTION('',(-3.330669073875E-16,-1.,0.));
#4397 = DEFINITIONAL_REPRESENTATION('',(#4398),#4424);
#4398 = B_SPLINE_CURVE_WITH_KNOTS('',3,(#4399,#4400,#4401,#4402,#4403,
    #4404,#4405,#4406,#4407,#4408,#4409,#4410,#4411,#4412,#4413,#4414,
    #4415,#4416,#4417,#4418,#4419,#4420,#4421,#4422,#4423),
  .UNSPECIFIED.,.F.,.F.,(4,1,1,1,1,1,1,1,1,1,1,1,1,1,1,1,1,1,1,1,1,1,4),
  (0.66,0.660909090909,0.661818181818,0.662727272727,0.663636363636,
    0.664545454545,0.665454545455,0.666363636364,0.667272727273,
    0.668181818182,0.669090909091,0.67,0.670909090909,0.671818181818,
    0.672727272727,0.673636363636,0.674545454545,0.675454545455,
    0.676363636364,0.677272727273,0.678181818182,0.679090909091,0.68),
  .QUASI_UNIFORM_KNOTS.);
#4399 = CARTESIAN_POINT('',(3.14159265359,-7.5));
#4400 = CARTESIAN_POINT('',(3.096155343903,-7.503273714118));
#4401 = CARTESIAN_POINT('',(3.003553149791,-7.51022500775));
#4402 = CARTESIAN_POINT('',(2.860815406578,-7.521559314821));
#4403 = CARTESIAN_POINT('',(2.71552633536,-7.533522949989));
#4404 = CARTESIAN_POINT('',(2.569197078639,-7.545746206114));
#4405 = CARTESIAN_POINT('',(2.423398202367,-7.557836797911));
#4406 = CARTESIAN_POINT('',(2.279619754427,-7.569426334368));
#4407 = CARTESIAN_POINT('',(2.139420152995,-7.580153433971));
#4408 = CARTESIAN_POINT('',(2.003420728269,-7.589905985654));
#4409 = CARTESIAN_POINT('',(1.861476954096,-7.60104502265));
#4410 = CARTESIAN_POINT('',(1.716968322946,-7.61281652551));
#4411 = CARTESIAN_POINT('',(1.570796326795,-7.625));
#4412 = CARTESIAN_POINT('',(1.424624330644,-7.63718347449));
#4413 = CARTESIAN_POINT('',(1.280115699493,-7.64895497735));
#4414 = CARTESIAN_POINT('',(1.138171925321,-7.660094014345));
#4415 = CARTESIAN_POINT('',(1.002172500595,-7.669846566029));
#4416 = CARTESIAN_POINT('',(0.861972899163,-7.680573665632));
#4417 = CARTESIAN_POINT('',(0.718194451223,-7.692163202089));
#4418 = CARTESIAN_POINT('',(0.57239557495,-7.704253793886));
#4419 = CARTESIAN_POINT('',(0.426066318229,-7.716477050011));
#4420 = CARTESIAN_POINT('',(0.280777247012,-7.728440685179));
#4421 = CARTESIAN_POINT('',(0.138039503798,-7.73977499225));
#4422 = CARTESIAN_POINT('',(4.543730968641E-02,-7.746726285882));
#4423 = CARTESIAN_POINT('',(0.,-7.75));
#4424 = ( GEOMETRIC_REPRESENTATION_CONTEXT(2) 
PARAMETRIC_REPRESENTATION_CONTEXT() REPRESENTATION_CONTEXT('2D SPACE',''
  ) );
#4425 = PCURVE('',#2216,#4426);
#4426 = DEFINITIONAL_REPRESENTATION('',(#4427),#4431);
#4427 = LINE('',#4428,#4429);
#4428 = CARTESIAN_POINT('',(1.,0.));
#4429 = VECTOR('',#4430,1.);
#4430 = DIRECTION('',(0.,1.));
#4431 = ( GEOMETRIC_REPRESENTATION_CONTEXT(2) 
PARAMETRIC_REPRESENTATION_CONTEXT() REPRESENTATION_CONTEXT('2D SPACE',''
  ) );
#4432 = ORIENTED_EDGE('',*,*,#4433,.T.);
#4433 = EDGE_CURVE('',#4378,#4434,#4436,.T.);
#4434 = VERTEX_POINT('',#4435);
#4435 = CARTESIAN_POINT('',(-29.06250000136,6.,-7.347880794884E-16));
#4436 = SURFACE_CURVE('',#4437,(#4441,#4448),.PCURVE_S1.);
#4437 = LINE('',#4438,#4439);
#4438 = CARTESIAN_POINT('',(-36.5,6.,7.347880794884E-16));
#4439 = VECTOR('',#4440,1.);
#4440 = DIRECTION('',(-1.,3.330669073875E-16,-0.));
#4441 = PCURVE('',#4392,#4442);
#4442 = DEFINITIONAL_REPRESENTATION('',(#4443),#4447);
#4443 = LINE('',#4444,#4445);
#4444 = CARTESIAN_POINT('',(3.14159265359,0.));
#4445 = VECTOR('',#4446,1.);
#4446 = DIRECTION('',(0.,1.));
#4447 = ( GEOMETRIC_REPRESENTATION_CONTEXT(2) 
PARAMETRIC_REPRESENTATION_CONTEXT() REPRESENTATION_CONTEXT('2D SPACE',''
  ) );
#4448 = PCURVE('',#4449,#4454);
#4449 = CYLINDRICAL_SURFACE('',#4450,6.);
#4450 = AXIS2_PLACEMENT_3D('',#4451,#4452,#4453);
#4451 = CARTESIAN_POINT('',(-36.5,1.215694211965E-14,0.));
#4452 = DIRECTION('',(-1.,3.330669073875E-16,-0.));
#4453 = DIRECTION('',(-3.330669073875E-16,-1.,0.));
#4454 = DEFINITIONAL_REPRESENTATION('',(#4455),#4459);
#4455 = LINE('',#4456,#4457);
#4456 = CARTESIAN_POINT('',(3.14159265359,0.));
#4457 = VECTOR('',#4458,1.);
#4458 = DIRECTION('',(0.,1.));
#4459 = ( GEOMETRIC_REPRESENTATION_CONTEXT(2) 
PARAMETRIC_REPRESENTATION_CONTEXT() REPRESENTATION_CONTEXT('2D SPACE',''
  ) );
#4460 = ORIENTED_EDGE('',*,*,#4461,.T.);
#4461 = EDGE_CURVE('',#4434,#4462,#4464,.T.);
#4462 = VERTEX_POINT('',#4463);
#4463 = CARTESIAN_POINT('',(-28.81250000136,-6.,0.));
#4464 = SURFACE_CURVE('',#4465,(#4473,#4502),.PCURVE_S1.);
#4465 = ( BOUNDED_CURVE() B_SPLINE_CURVE(2,(#4466,#4467,#4468,#4469,
#4470,#4471,#4472),.UNSPECIFIED.,.F.,.F.) B_SPLINE_CURVE_WITH_KNOTS((3,2
    ,2,3),(0.62,0.626666666667,0.633333333333,0.64),
.PIECEWISE_BEZIER_KNOTS.) CURVE() GEOMETRIC_REPRESENTATION_ITEM() 
RATIONAL_B_SPLINE_CURVE((1.,0.866025403784,1.,0.866025403784,1.,
0.866025403784,1.)) REPRESENTATION_ITEM('') );
#4466 = CARTESIAN_POINT('',(-29.06250000136,6.,-7.347880794884E-16));
#4467 = CARTESIAN_POINT('',(-29.02083333469,6.,3.464101615138));
#4468 = CARTESIAN_POINT('',(-28.97916666803,3.,5.196152422707));
#4469 = CARTESIAN_POINT('',(-28.93750000136,1.091081391945E-14,
    6.928203230276));
#4470 = CARTESIAN_POINT('',(-28.89583333469,-3.,5.196152422707));
#4471 = CARTESIAN_POINT('',(-28.85416666803,-6.,3.464101615138));
#4472 = CARTESIAN_POINT('',(-28.81250000136,-6.,0.));
#4473 = PCURVE('',#4392,#4474);
#4474 = DEFINITIONAL_REPRESENTATION('',(#4475),#4501);
#4475 = B_SPLINE_CURVE_WITH_KNOTS('',3,(#4476,#4477,#4478,#4479,#4480,
    #4481,#4482,#4483,#4484,#4485,#4486,#4487,#4488,#4489,#4490,#4491,
    #4492,#4493,#4494,#4495,#4496,#4497,#4498,#4499,#4500),
  .UNSPECIFIED.,.F.,.F.,(4,1,1,1,1,1,1,1,1,1,1,1,1,1,1,1,1,1,1,1,1,1,4),
  (0.62,0.620909090909,0.621818181818,0.622727272727,0.623636363636,
    0.624545454545,0.625454545455,0.626363636364,0.627272727273,
    0.628181818182,0.629090909091,0.63,0.630909090909,0.631818181818,
    0.632727272727,0.633636363636,0.634545454545,0.635454545455,
    0.636363636364,0.637272727273,0.638181818182,0.639090909091,0.64),
  .QUASI_UNIFORM_KNOTS.);
#4476 = CARTESIAN_POINT('',(3.14159265359,-7.437499998634));
#4477 = CARTESIAN_POINT('',(3.096155343903,-7.440773712753));
#4478 = CARTESIAN_POINT('',(3.003553149791,-7.447725006384));
#4479 = CARTESIAN_POINT('',(2.860815406578,-7.459059313455));
#4480 = CARTESIAN_POINT('',(2.71552633536,-7.471022948624));
#4481 = CARTESIAN_POINT('',(2.569197078639,-7.483246204748));
#4482 = CARTESIAN_POINT('',(2.423398202367,-7.495336796545));
#4483 = CARTESIAN_POINT('',(2.279619754427,-7.506926333003));
#4484 = CARTESIAN_POINT('',(2.139420152995,-7.517653432606));
#4485 = CARTESIAN_POINT('',(2.003420728269,-7.527405984289));
#4486 = CARTESIAN_POINT('',(1.861476954096,-7.538545021285));
#4487 = CARTESIAN_POINT('',(1.716968322946,-7.550316524145));
#4488 = CARTESIAN_POINT('',(1.570796326795,-7.562499998634));
#4489 = CARTESIAN_POINT('',(1.424624330644,-7.574683473124));
#4490 = CARTESIAN_POINT('',(1.280115699493,-7.586454975984));
#4491 = CARTESIAN_POINT('',(1.138171925321,-7.59759401298));
#4492 = CARTESIAN_POINT('',(1.002172500595,-7.607346564663));
#4493 = CARTESIAN_POINT('',(0.861972899163,-7.618073664266));
#4494 = CARTESIAN_POINT('',(0.718194451223,-7.629663200723));
#4495 = CARTESIAN_POINT('',(0.57239557495,-7.64175379252));
#4496 = CARTESIAN_POINT('',(0.426066318229,-7.653977048645));
#4497 = CARTESIAN_POINT('',(0.280777247012,-7.665940683814));
#4498 = CARTESIAN_POINT('',(0.138039503798,-7.677274990885));
#4499 = CARTESIAN_POINT('',(4.543730968641E-02,-7.684226284516));
#4500 = CARTESIAN_POINT('',(0.,-7.687499998634));
#4501 = ( GEOMETRIC_REPRESENTATION_CONTEXT(2) 
PARAMETRIC_REPRESENTATION_CONTEXT() REPRESENTATION_CONTEXT('2D SPACE',''
  ) );
#4502 = PCURVE('',#1421,#4503);
#4503 = DEFINITIONAL_REPRESENTATION('',(#4504),#4508);
#4504 = LINE('',#4505,#4506);
#4505 = CARTESIAN_POINT('',(-9.024024509026E-14,0.));
#4506 = VECTOR('',#4507,1.);
#4507 = DIRECTION('',(1.426181735311E-13,1.));
#4508 = ( GEOMETRIC_REPRESENTATION_CONTEXT(2) 
PARAMETRIC_REPRESENTATION_CONTEXT() REPRESENTATION_CONTEXT('2D SPACE',''
  ) );
#4509 = ORIENTED_EDGE('',*,*,#4510,.F.);
#4510 = EDGE_CURVE('',#4380,#4462,#4511,.T.);
#4511 = SURFACE_CURVE('',#4512,(#4516,#4523),.PCURVE_S1.);
#4512 = LINE('',#4513,#4514);
#4513 = CARTESIAN_POINT('',(-36.5,-6.,0.));
#4514 = VECTOR('',#4515,1.);
#4515 = DIRECTION('',(-1.,3.330669073875E-16,-0.));
#4516 = PCURVE('',#4392,#4517);
#4517 = DEFINITIONAL_REPRESENTATION('',(#4518),#4522);
#4518 = LINE('',#4519,#4520);
#4519 = CARTESIAN_POINT('',(0.,0.));
#4520 = VECTOR('',#4521,1.);
#4521 = DIRECTION('',(0.,1.));
#4522 = ( GEOMETRIC_REPRESENTATION_CONTEXT(2) 
PARAMETRIC_REPRESENTATION_CONTEXT() REPRESENTATION_CONTEXT('2D SPACE',''
  ) );
#4523 = PCURVE('',#4292,#4524);
#4524 = DEFINITIONAL_REPRESENTATION('',(#4525),#4529);
#4525 = LINE('',#4526,#4527);
#4526 = CARTESIAN_POINT('',(6.28318530718,0.));
#4527 = VECTOR('',#4528,1.);
#4528 = DIRECTION('',(0.,1.));
#4529 = ( GEOMETRIC_REPRESENTATION_CONTEXT(2) 
PARAMETRIC_REPRESENTATION_CONTEXT() REPRESENTATION_CONTEXT('2D SPACE',''
  ) );
#4530 = ADVANCED_FACE('',(#4531),#4549,.T.);
#4531 = FACE_BOUND('',#4532,.T.);
#4532 = EDGE_LOOP('',(#4533,#4589,#4617,#4666));
#4533 = ORIENTED_EDGE('',*,*,#4534,.F.);
#4534 = EDGE_CURVE('',#4535,#4537,#4539,.T.);
#4535 = VERTEX_POINT('',#4536);
#4536 = CARTESIAN_POINT('',(-29.5,6.,-7.347880794884E-16));
#4537 = VERTEX_POINT('',#4538);
#4538 = CARTESIAN_POINT('',(-29.25,-6.,0.));
#4539 = SURFACE_CURVE('',#4540,(#4548,#4582),.PCURVE_S1.);
#4540 = ( BOUNDED_CURVE() B_SPLINE_CURVE(2,(#4541,#4542,#4543,#4544,
#4545,#4546,#4547),.UNSPECIFIED.,.F.,.F.) B_SPLINE_CURVE_WITH_KNOTS((3,2
    ,2,3),(0.62,0.626666666667,0.633333333333,0.64),
.PIECEWISE_BEZIER_KNOTS.) CURVE() GEOMETRIC_REPRESENTATION_ITEM() 
RATIONAL_B_SPLINE_CURVE((1.,0.866025403784,1.,0.866025403784,1.,
0.866025403784,1.)) REPRESENTATION_ITEM('') );
#4541 = CARTESIAN_POINT('',(-29.5,6.,-7.347880794884E-16));
#4542 = CARTESIAN_POINT('',(-29.45833333333,6.,3.464101615138));
#4543 = CARTESIAN_POINT('',(-29.41666666666,3.,5.196152422707));
#4544 = CARTESIAN_POINT('',(-29.375,1.105653069098E-14,6.928203230276));
#4545 = CARTESIAN_POINT('',(-29.33333333333,-3.,5.196152422707));
#4546 = CARTESIAN_POINT('',(-29.29166666666,-6.,3.464101615138));
#4547 = CARTESIAN_POINT('',(-29.25,-6.,0.));
#4548 = PCURVE('',#4549,#4554);
#4549 = CYLINDRICAL_SURFACE('',#4550,6.);
#4550 = AXIS2_PLACEMENT_3D('',#4551,#4552,#4553);
#4551 = CARTESIAN_POINT('',(-36.5,1.215694211965E-14,0.));
#4552 = DIRECTION('',(-1.,3.330669073875E-16,-0.));
#4553 = DIRECTION('',(-3.330669073875E-16,-1.,0.));
#4554 = DEFINITIONAL_REPRESENTATION('',(#4555),#4581);
#4555 = B_SPLINE_CURVE_WITH_KNOTS('',3,(#4556,#4557,#4558,#4559,#4560,
    #4561,#4562,#4563,#4564,#4565,#4566,#4567,#4568,#4569,#4570,#4571,
    #4572,#4573,#4574,#4575,#4576,#4577,#4578,#4579,#4580),
  .UNSPECIFIED.,.F.,.F.,(4,1,1,1,1,1,1,1,1,1,1,1,1,1,1,1,1,1,1,1,1,1,4),
  (0.62,0.620909090909,0.621818181818,0.622727272727,0.623636363636,
    0.624545454545,0.625454545455,0.626363636364,0.627272727273,
    0.628181818182,0.629090909091,0.63,0.630909090909,0.631818181818,
    0.632727272727,0.633636363636,0.634545454545,0.635454545455,
    0.636363636364,0.637272727273,0.638181818182,0.639090909091,0.64),
  .QUASI_UNIFORM_KNOTS.);
#4556 = CARTESIAN_POINT('',(3.14159265359,-7.));
#4557 = CARTESIAN_POINT('',(3.096155343903,-7.003273714118));
#4558 = CARTESIAN_POINT('',(3.003553149791,-7.01022500775));
#4559 = CARTESIAN_POINT('',(2.860815406578,-7.021559314821));
#4560 = CARTESIAN_POINT('',(2.71552633536,-7.033522949989));
#4561 = CARTESIAN_POINT('',(2.569197078639,-7.045746206114));
#4562 = CARTESIAN_POINT('',(2.423398202367,-7.057836797911));
#4563 = CARTESIAN_POINT('',(2.279619754427,-7.069426334368));
#4564 = CARTESIAN_POINT('',(2.139420152995,-7.080153433971));
#4565 = CARTESIAN_POINT('',(2.003420728269,-7.089905985654));
#4566 = CARTESIAN_POINT('',(1.861476954096,-7.10104502265));
#4567 = CARTESIAN_POINT('',(1.716968322946,-7.11281652551));
#4568 = CARTESIAN_POINT('',(1.570796326795,-7.125));
#4569 = CARTESIAN_POINT('',(1.424624330644,-7.13718347449));
#4570 = CARTESIAN_POINT('',(1.280115699493,-7.14895497735));
#4571 = CARTESIAN_POINT('',(1.138171925321,-7.160094014345));
#4572 = CARTESIAN_POINT('',(1.002172500595,-7.169846566029));
#4573 = CARTESIAN_POINT('',(0.861972899163,-7.180573665632));
#4574 = CARTESIAN_POINT('',(0.718194451223,-7.192163202089));
#4575 = CARTESIAN_POINT('',(0.57239557495,-7.204253793886));
#4576 = CARTESIAN_POINT('',(0.426066318229,-7.216477050011));
#4577 = CARTESIAN_POINT('',(0.280777247012,-7.228440685179));
#4578 = CARTESIAN_POINT('',(0.138039503798,-7.23977499225));
#4579 = CARTESIAN_POINT('',(4.543730968641E-02,-7.246726285882));
#4580 = CARTESIAN_POINT('',(0.,-7.25));
#4581 = ( GEOMETRIC_REPRESENTATION_CONTEXT(2) 
PARAMETRIC_REPRESENTATION_CONTEXT() REPRESENTATION_CONTEXT('2D SPACE',''
  ) );
#4582 = PCURVE('',#2216,#4583);
#4583 = DEFINITIONAL_REPRESENTATION('',(#4584),#4588);
#4584 = LINE('',#4585,#4586);
#4585 = CARTESIAN_POINT('',(1.,0.));
#4586 = VECTOR('',#4587,1.);
#4587 = DIRECTION('',(-2.109423746788E-13,1.));
#4588 = ( GEOMETRIC_REPRESENTATION_CONTEXT(2) 
PARAMETRIC_REPRESENTATION_CONTEXT() REPRESENTATION_CONTEXT('2D SPACE',''
  ) );
#4589 = ORIENTED_EDGE('',*,*,#4590,.T.);
#4590 = EDGE_CURVE('',#4535,#4591,#4593,.T.);
#4591 = VERTEX_POINT('',#4592);
#4592 = CARTESIAN_POINT('',(-29.56250000136,6.,-7.347880794884E-16));
#4593 = SURFACE_CURVE('',#4594,(#4598,#4605),.PCURVE_S1.);
#4594 = LINE('',#4595,#4596);
#4595 = CARTESIAN_POINT('',(-36.5,6.,7.347880794884E-16));
#4596 = VECTOR('',#4597,1.);
#4597 = DIRECTION('',(-1.,3.330669073875E-16,-0.));
#4598 = PCURVE('',#4549,#4599);
#4599 = DEFINITIONAL_REPRESENTATION('',(#4600),#4604);
#4600 = LINE('',#4601,#4602);
#4601 = CARTESIAN_POINT('',(3.14159265359,0.));
#4602 = VECTOR('',#4603,1.);
#4603 = DIRECTION('',(0.,1.));
#4604 = ( GEOMETRIC_REPRESENTATION_CONTEXT(2) 
PARAMETRIC_REPRESENTATION_CONTEXT() REPRESENTATION_CONTEXT('2D SPACE',''
  ) );
#4605 = PCURVE('',#4606,#4611);
#4606 = CYLINDRICAL_SURFACE('',#4607,6.);
#4607 = AXIS2_PLACEMENT_3D('',#4608,#4609,#4610);
#4608 = CARTESIAN_POINT('',(-36.5,1.215694211965E-14,0.));
#4609 = DIRECTION('',(-1.,3.330669073875E-16,-0.));
#4610 = DIRECTION('',(-3.330669073875E-16,-1.,0.));
#4611 = DEFINITIONAL_REPRESENTATION('',(#4612),#4616);
#4612 = LINE('',#4613,#4614);
#4613 = CARTESIAN_POINT('',(3.14159265359,0.));
#4614 = VECTOR('',#4615,1.);
#4615 = DIRECTION('',(0.,1.));
#4616 = ( GEOMETRIC_REPRESENTATION_CONTEXT(2) 
PARAMETRIC_REPRESENTATION_CONTEXT() REPRESENTATION_CONTEXT('2D SPACE',''
  ) );
#4617 = ORIENTED_EDGE('',*,*,#4618,.T.);
#4618 = EDGE_CURVE('',#4591,#4619,#4621,.T.);
#4619 = VERTEX_POINT('',#4620);
#4620 = CARTESIAN_POINT('',(-29.31250000136,-6.,0.));
#4621 = SURFACE_CURVE('',#4622,(#4630,#4659),.PCURVE_S1.);
#4622 = ( BOUNDED_CURVE() B_SPLINE_CURVE(2,(#4623,#4624,#4625,#4626,
#4627,#4628,#4629),.UNSPECIFIED.,.F.,.F.) B_SPLINE_CURVE_WITH_KNOTS((3,2
    ,2,3),(0.58,0.586666666667,0.593333333333,0.6),
.PIECEWISE_BEZIER_KNOTS.) CURVE() GEOMETRIC_REPRESENTATION_ITEM() 
RATIONAL_B_SPLINE_CURVE((1.,0.866025403784,1.,0.866025403784,1.,
0.866025403784,1.)) REPRESENTATION_ITEM('') );
#4623 = CARTESIAN_POINT('',(-29.56250000136,6.,-7.347880794884E-16));
#4624 = CARTESIAN_POINT('',(-29.52083333469,6.,3.464101615138));
#4625 = CARTESIAN_POINT('',(-29.47916666803,3.,5.196152422707));
#4626 = CARTESIAN_POINT('',(-29.43750000136,1.107734737315E-14,
    6.928203230276));
#4627 = CARTESIAN_POINT('',(-29.39583333469,-3.,5.196152422707));
#4628 = CARTESIAN_POINT('',(-29.35416666803,-6.,3.464101615138));
#4629 = CARTESIAN_POINT('',(-29.31250000136,-6.,0.));
#4630 = PCURVE('',#4549,#4631);
#4631 = DEFINITIONAL_REPRESENTATION('',(#4632),#4658);
#4632 = B_SPLINE_CURVE_WITH_KNOTS('',3,(#4633,#4634,#4635,#4636,#4637,
    #4638,#4639,#4640,#4641,#4642,#4643,#4644,#4645,#4646,#4647,#4648,
    #4649,#4650,#4651,#4652,#4653,#4654,#4655,#4656,#4657),
  .UNSPECIFIED.,.F.,.F.,(4,1,1,1,1,1,1,1,1,1,1,1,1,1,1,1,1,1,1,1,1,1,4),
  (0.58,0.580909090909,0.581818181818,0.582727272727,0.583636363636,
    0.584545454545,0.585454545455,0.586363636364,0.587272727273,
    0.588181818182,0.589090909091,0.59,0.590909090909,0.591818181818,
    0.592727272727,0.593636363636,0.594545454545,0.595454545455,
    0.596363636364,0.597272727273,0.598181818182,0.599090909091,0.6),
  .QUASI_UNIFORM_KNOTS.);
#4633 = CARTESIAN_POINT('',(3.14159265359,-6.937499998634));
#4634 = CARTESIAN_POINT('',(3.096155343903,-6.940773712753));
#4635 = CARTESIAN_POINT('',(3.003553149791,-6.947725006384));
#4636 = CARTESIAN_POINT('',(2.860815406578,-6.959059313455));
#4637 = CARTESIAN_POINT('',(2.71552633536,-6.971022948624));
#4638 = CARTESIAN_POINT('',(2.569197078639,-6.983246204748));
#4639 = CARTESIAN_POINT('',(2.423398202367,-6.995336796545));
#4640 = CARTESIAN_POINT('',(2.279619754427,-7.006926333003));
#4641 = CARTESIAN_POINT('',(2.139420152995,-7.017653432606));
#4642 = CARTESIAN_POINT('',(2.003420728269,-7.027405984289));
#4643 = CARTESIAN_POINT('',(1.861476954096,-7.038545021285));
#4644 = CARTESIAN_POINT('',(1.716968322946,-7.050316524145));
#4645 = CARTESIAN_POINT('',(1.570796326795,-7.062499998634));
#4646 = CARTESIAN_POINT('',(1.424624330644,-7.074683473124));
#4647 = CARTESIAN_POINT('',(1.280115699494,-7.086454975984));
#4648 = CARTESIAN_POINT('',(1.138171925321,-7.09759401298));
#4649 = CARTESIAN_POINT('',(1.002172500595,-7.107346564663));
#4650 = CARTESIAN_POINT('',(0.861972899163,-7.118073664266));
#4651 = CARTESIAN_POINT('',(0.718194451223,-7.129663200723));
#4652 = CARTESIAN_POINT('',(0.57239557495,-7.14175379252));
#4653 = CARTESIAN_POINT('',(0.426066318229,-7.153977048645));
#4654 = CARTESIAN_POINT('',(0.280777247012,-7.165940683814));
#4655 = CARTESIAN_POINT('',(0.138039503798,-7.177274990885));
#4656 = CARTESIAN_POINT('',(4.543730968641E-02,-7.184226284516));
#4657 = CARTESIAN_POINT('',(0.,-7.187499998634));
#4658 = ( GEOMETRIC_REPRESENTATION_CONTEXT(2) 
PARAMETRIC_REPRESENTATION_CONTEXT() REPRESENTATION_CONTEXT('2D SPACE',''
  ) );
#4659 = PCURVE('',#1421,#4660);
#4660 = DEFINITIONAL_REPRESENTATION('',(#4661),#4665);
#4661 = LINE('',#4662,#4663);
#4662 = CARTESIAN_POINT('',(-4.174910200536E-14,0.));
#4663 = VECTOR('',#4664,1.);
#4664 = DIRECTION('',(7.130729925801E-14,1.));
#4665 = ( GEOMETRIC_REPRESENTATION_CONTEXT(2) 
PARAMETRIC_REPRESENTATION_CONTEXT() REPRESENTATION_CONTEXT('2D SPACE',''
  ) );
#4666 = ORIENTED_EDGE('',*,*,#4667,.F.);
#4667 = EDGE_CURVE('',#4537,#4619,#4668,.T.);
#4668 = SURFACE_CURVE('',#4669,(#4673,#4680),.PCURVE_S1.);
#4669 = LINE('',#4670,#4671);
#4670 = CARTESIAN_POINT('',(-36.5,-6.,0.));
#4671 = VECTOR('',#4672,1.);
#4672 = DIRECTION('',(-1.,3.330669073875E-16,-0.));
#4673 = PCURVE('',#4549,#4674);
#4674 = DEFINITIONAL_REPRESENTATION('',(#4675),#4679);
#4675 = LINE('',#4676,#4677);
#4676 = CARTESIAN_POINT('',(0.,0.));
#4677 = VECTOR('',#4678,1.);
#4678 = DIRECTION('',(0.,1.));
#4679 = ( GEOMETRIC_REPRESENTATION_CONTEXT(2) 
PARAMETRIC_REPRESENTATION_CONTEXT() REPRESENTATION_CONTEXT('2D SPACE',''
  ) );
#4680 = PCURVE('',#4449,#4681);
#4681 = DEFINITIONAL_REPRESENTATION('',(#4682),#4686);
#4682 = LINE('',#4683,#4684);
#4683 = CARTESIAN_POINT('',(6.28318530718,0.));
#4684 = VECTOR('',#4685,1.);
#4685 = DIRECTION('',(0.,1.));
#4686 = ( GEOMETRIC_REPRESENTATION_CONTEXT(2) 
PARAMETRIC_REPRESENTATION_CONTEXT() REPRESENTATION_CONTEXT('2D SPACE',''
  ) );
#4687 = ADVANCED_FACE('',(#4688),#4706,.T.);
#4688 = FACE_BOUND('',#4689,.T.);
#4689 = EDGE_LOOP('',(#4690,#4746,#4774,#4823));
#4690 = ORIENTED_EDGE('',*,*,#4691,.F.);
#4691 = EDGE_CURVE('',#4692,#4694,#4696,.T.);
#4692 = VERTEX_POINT('',#4693);
#4693 = CARTESIAN_POINT('',(-30.,6.,-7.347880794884E-16));
#4694 = VERTEX_POINT('',#4695);
#4695 = CARTESIAN_POINT('',(-29.75,-6.,0.));
#4696 = SURFACE_CURVE('',#4697,(#4705,#4739),.PCURVE_S1.);
#4697 = ( BOUNDED_CURVE() B_SPLINE_CURVE(2,(#4698,#4699,#4700,#4701,
#4702,#4703,#4704),.UNSPECIFIED.,.F.,.F.) B_SPLINE_CURVE_WITH_KNOTS((3,2
    ,2,3),(0.58,0.586666666667,0.593333333333,0.6),
.PIECEWISE_BEZIER_KNOTS.) CURVE() GEOMETRIC_REPRESENTATION_ITEM() 
RATIONAL_B_SPLINE_CURVE((1.,0.866025403784,1.,0.866025403784,1.,
0.866025403784,1.)) REPRESENTATION_ITEM('') );
#4698 = CARTESIAN_POINT('',(-30.,6.,-7.347880794884E-16));
#4699 = CARTESIAN_POINT('',(-29.95833333333,6.,3.464101615138));
#4700 = CARTESIAN_POINT('',(-29.91666666666,3.,5.196152422707));
#4701 = CARTESIAN_POINT('',(-29.875,1.122306414467E-14,6.928203230276));
#4702 = CARTESIAN_POINT('',(-29.83333333333,-3.,5.196152422707));
#4703 = CARTESIAN_POINT('',(-29.79166666666,-6.,3.464101615138));
#4704 = CARTESIAN_POINT('',(-29.75,-6.,0.));
#4705 = PCURVE('',#4706,#4711);
#4706 = CYLINDRICAL_SURFACE('',#4707,6.);
#4707 = AXIS2_PLACEMENT_3D('',#4708,#4709,#4710);
#4708 = CARTESIAN_POINT('',(-36.5,1.215694211965E-14,0.));
#4709 = DIRECTION('',(-1.,3.330669073875E-16,-0.));
#4710 = DIRECTION('',(-3.330669073875E-16,-1.,0.));
#4711 = DEFINITIONAL_REPRESENTATION('',(#4712),#4738);
#4712 = B_SPLINE_CURVE_WITH_KNOTS('',3,(#4713,#4714,#4715,#4716,#4717,
    #4718,#4719,#4720,#4721,#4722,#4723,#4724,#4725,#4726,#4727,#4728,
    #4729,#4730,#4731,#4732,#4733,#4734,#4735,#4736,#4737),
  .UNSPECIFIED.,.F.,.F.,(4,1,1,1,1,1,1,1,1,1,1,1,1,1,1,1,1,1,1,1,1,1,4),
  (0.58,0.580909090909,0.581818181818,0.582727272727,0.583636363636,
    0.584545454545,0.585454545455,0.586363636364,0.587272727273,
    0.588181818182,0.589090909091,0.59,0.590909090909,0.591818181818,
    0.592727272727,0.593636363636,0.594545454545,0.595454545455,
    0.596363636364,0.597272727273,0.598181818182,0.599090909091,0.6),
  .QUASI_UNIFORM_KNOTS.);
#4713 = CARTESIAN_POINT('',(3.14159265359,-6.5));
#4714 = CARTESIAN_POINT('',(3.096155343903,-6.503273714118));
#4715 = CARTESIAN_POINT('',(3.003553149791,-6.51022500775));
#4716 = CARTESIAN_POINT('',(2.860815406578,-6.521559314821));
#4717 = CARTESIAN_POINT('',(2.71552633536,-6.533522949989));
#4718 = CARTESIAN_POINT('',(2.569197078639,-6.545746206114));
#4719 = CARTESIAN_POINT('',(2.423398202367,-6.557836797911));
#4720 = CARTESIAN_POINT('',(2.279619754427,-6.569426334368));
#4721 = CARTESIAN_POINT('',(2.139420152995,-6.580153433971));
#4722 = CARTESIAN_POINT('',(2.003420728269,-6.589905985654));
#4723 = CARTESIAN_POINT('',(1.861476954096,-6.60104502265));
#4724 = CARTESIAN_POINT('',(1.716968322946,-6.61281652551));
#4725 = CARTESIAN_POINT('',(1.570796326795,-6.625));
#4726 = CARTESIAN_POINT('',(1.424624330644,-6.63718347449));
#4727 = CARTESIAN_POINT('',(1.280115699494,-6.64895497735));
#4728 = CARTESIAN_POINT('',(1.138171925321,-6.660094014345));
#4729 = CARTESIAN_POINT('',(1.002172500595,-6.669846566029));
#4730 = CARTESIAN_POINT('',(0.861972899163,-6.680573665632));
#4731 = CARTESIAN_POINT('',(0.718194451223,-6.692163202089));
#4732 = CARTESIAN_POINT('',(0.57239557495,-6.704253793886));
#4733 = CARTESIAN_POINT('',(0.426066318229,-6.716477050011));
#4734 = CARTESIAN_POINT('',(0.280777247012,-6.728440685179));
#4735 = CARTESIAN_POINT('',(0.138039503798,-6.73977499225));
#4736 = CARTESIAN_POINT('',(4.543730968641E-02,-6.746726285882));
#4737 = CARTESIAN_POINT('',(0.,-6.75));
#4738 = ( GEOMETRIC_REPRESENTATION_CONTEXT(2) 
PARAMETRIC_REPRESENTATION_CONTEXT() REPRESENTATION_CONTEXT('2D SPACE',''
  ) );
#4739 = PCURVE('',#2216,#4740);
#4740 = DEFINITIONAL_REPRESENTATION('',(#4741),#4745);
#4741 = LINE('',#4742,#4743);
#4742 = CARTESIAN_POINT('',(1.,0.));
#4743 = VECTOR('',#4744,1.);
#4744 = DIRECTION('',(6.661338147751E-14,1.));
#4745 = ( GEOMETRIC_REPRESENTATION_CONTEXT(2) 
PARAMETRIC_REPRESENTATION_CONTEXT() REPRESENTATION_CONTEXT('2D SPACE',''
  ) );
#4746 = ORIENTED_EDGE('',*,*,#4747,.T.);
#4747 = EDGE_CURVE('',#4692,#4748,#4750,.T.);
#4748 = VERTEX_POINT('',#4749);
#4749 = CARTESIAN_POINT('',(-30.06250000136,6.,-7.347880794884E-16));
#4750 = SURFACE_CURVE('',#4751,(#4755,#4762),.PCURVE_S1.);
#4751 = LINE('',#4752,#4753);
#4752 = CARTESIAN_POINT('',(-36.5,6.,7.347880794884E-16));
#4753 = VECTOR('',#4754,1.);
#4754 = DIRECTION('',(-1.,3.330669073875E-16,-0.));
#4755 = PCURVE('',#4706,#4756);
#4756 = DEFINITIONAL_REPRESENTATION('',(#4757),#4761);
#4757 = LINE('',#4758,#4759);
#4758 = CARTESIAN_POINT('',(3.14159265359,0.));
#4759 = VECTOR('',#4760,1.);
#4760 = DIRECTION('',(0.,1.));
#4761 = ( GEOMETRIC_REPRESENTATION_CONTEXT(2) 
PARAMETRIC_REPRESENTATION_CONTEXT() REPRESENTATION_CONTEXT('2D SPACE',''
  ) );
#4762 = PCURVE('',#4763,#4768);
#4763 = CYLINDRICAL_SURFACE('',#4764,6.);
#4764 = AXIS2_PLACEMENT_3D('',#4765,#4766,#4767);
#4765 = CARTESIAN_POINT('',(-36.5,1.215694211965E-14,0.));
#4766 = DIRECTION('',(-1.,3.330669073875E-16,-0.));
#4767 = DIRECTION('',(-3.330669073875E-16,-1.,0.));
#4768 = DEFINITIONAL_REPRESENTATION('',(#4769),#4773);
#4769 = LINE('',#4770,#4771);
#4770 = CARTESIAN_POINT('',(3.14159265359,0.));
#4771 = VECTOR('',#4772,1.);
#4772 = DIRECTION('',(0.,1.));
#4773 = ( GEOMETRIC_REPRESENTATION_CONTEXT(2) 
PARAMETRIC_REPRESENTATION_CONTEXT() REPRESENTATION_CONTEXT('2D SPACE',''
  ) );
#4774 = ORIENTED_EDGE('',*,*,#4775,.T.);
#4775 = EDGE_CURVE('',#4748,#4776,#4778,.T.);
#4776 = VERTEX_POINT('',#4777);
#4777 = CARTESIAN_POINT('',(-29.81250000136,-6.,0.));
#4778 = SURFACE_CURVE('',#4779,(#4787,#4816),.PCURVE_S1.);
#4779 = ( BOUNDED_CURVE() B_SPLINE_CURVE(2,(#4780,#4781,#4782,#4783,
#4784,#4785,#4786),.UNSPECIFIED.,.F.,.F.) B_SPLINE_CURVE_WITH_KNOTS((3,2
    ,2,3),(0.54,0.546666666667,0.553333333333,0.56),
.PIECEWISE_BEZIER_KNOTS.) CURVE() GEOMETRIC_REPRESENTATION_ITEM() 
RATIONAL_B_SPLINE_CURVE((1.,0.866025403784,1.,0.866025403784,1.,
0.866025403784,1.)) REPRESENTATION_ITEM('') );
#4780 = CARTESIAN_POINT('',(-30.06250000136,6.,-7.347880794884E-16));
#4781 = CARTESIAN_POINT('',(-30.02083333469,6.,3.464101615138));
#4782 = CARTESIAN_POINT('',(-29.97916666803,3.,5.196152422707));
#4783 = CARTESIAN_POINT('',(-29.93750000136,1.124388082684E-14,
    6.928203230276));
#4784 = CARTESIAN_POINT('',(-29.89583333469,-3.,5.196152422707));
#4785 = CARTESIAN_POINT('',(-29.85416666803,-6.,3.464101615138));
#4786 = CARTESIAN_POINT('',(-29.81250000136,-6.,0.));
#4787 = PCURVE('',#4706,#4788);
#4788 = DEFINITIONAL_REPRESENTATION('',(#4789),#4815);
#4789 = B_SPLINE_CURVE_WITH_KNOTS('',3,(#4790,#4791,#4792,#4793,#4794,
    #4795,#4796,#4797,#4798,#4799,#4800,#4801,#4802,#4803,#4804,#4805,
    #4806,#4807,#4808,#4809,#4810,#4811,#4812,#4813,#4814),
  .UNSPECIFIED.,.F.,.F.,(4,1,1,1,1,1,1,1,1,1,1,1,1,1,1,1,1,1,1,1,1,1,4),
  (0.54,0.540909090909,0.541818181818,0.542727272727,0.543636363636,
    0.544545454545,0.545454545455,0.546363636364,0.547272727273,
    0.548181818182,0.549090909091,0.55,0.550909090909,0.551818181818,
    0.552727272727,0.553636363636,0.554545454545,0.555454545455,
    0.556363636364,0.557272727273,0.558181818182,0.559090909091,0.56),
  .QUASI_UNIFORM_KNOTS.);
#4790 = CARTESIAN_POINT('',(3.14159265359,-6.437499998634));
#4791 = CARTESIAN_POINT('',(3.096155343903,-6.440773712753));
#4792 = CARTESIAN_POINT('',(3.003553149791,-6.447725006384));
#4793 = CARTESIAN_POINT('',(2.860815406578,-6.459059313455));
#4794 = CARTESIAN_POINT('',(2.71552633536,-6.471022948624));
#4795 = CARTESIAN_POINT('',(2.569197078639,-6.483246204748));
#4796 = CARTESIAN_POINT('',(2.423398202367,-6.495336796545));
#4797 = CARTESIAN_POINT('',(2.279619754427,-6.506926333003));
#4798 = CARTESIAN_POINT('',(2.139420152995,-6.517653432606));
#4799 = CARTESIAN_POINT('',(2.003420728269,-6.527405984289));
#4800 = CARTESIAN_POINT('',(1.861476954096,-6.538545021285));
#4801 = CARTESIAN_POINT('',(1.716968322946,-6.550316524145));
#4802 = CARTESIAN_POINT('',(1.570796326795,-6.562499998634));
#4803 = CARTESIAN_POINT('',(1.424624330644,-6.574683473124));
#4804 = CARTESIAN_POINT('',(1.280115699493,-6.586454975984));
#4805 = CARTESIAN_POINT('',(1.138171925321,-6.59759401298));
#4806 = CARTESIAN_POINT('',(1.002172500595,-6.607346564663));
#4807 = CARTESIAN_POINT('',(0.861972899163,-6.618073664266));
#4808 = CARTESIAN_POINT('',(0.718194451223,-6.629663200723));
#4809 = CARTESIAN_POINT('',(0.57239557495,-6.64175379252));
#4810 = CARTESIAN_POINT('',(0.426066318229,-6.653977048645));
#4811 = CARTESIAN_POINT('',(0.280777247012,-6.665940683814));
#4812 = CARTESIAN_POINT('',(0.138039503798,-6.677274990885));
#4813 = CARTESIAN_POINT('',(4.543730968641E-02,-6.684226284516));
#4814 = CARTESIAN_POINT('',(0.,-6.687499998634));
#4815 = ( GEOMETRIC_REPRESENTATION_CONTEXT(2) 
PARAMETRIC_REPRESENTATION_CONTEXT() REPRESENTATION_CONTEXT('2D SPACE',''
  ) );
#4816 = PCURVE('',#1421,#4817);
#4817 = DEFINITIONAL_REPRESENTATION('',(#4818),#4822);
#4818 = LINE('',#4819,#4820);
#4819 = CARTESIAN_POINT('',(-7.883079120777E-14,0.));
#4820 = VECTOR('',#4821,1.);
#4821 = DIRECTION('',(1.426181735311E-13,1.));
#4822 = ( GEOMETRIC_REPRESENTATION_CONTEXT(2) 
PARAMETRIC_REPRESENTATION_CONTEXT() REPRESENTATION_CONTEXT('2D SPACE',''
  ) );
#4823 = ORIENTED_EDGE('',*,*,#4824,.F.);
#4824 = EDGE_CURVE('',#4694,#4776,#4825,.T.);
#4825 = SURFACE_CURVE('',#4826,(#4830,#4837),.PCURVE_S1.);
#4826 = LINE('',#4827,#4828);
#4827 = CARTESIAN_POINT('',(-36.5,-6.,0.));
#4828 = VECTOR('',#4829,1.);
#4829 = DIRECTION('',(-1.,3.330669073875E-16,-0.));
#4830 = PCURVE('',#4706,#4831);
#4831 = DEFINITIONAL_REPRESENTATION('',(#4832),#4836);
#4832 = LINE('',#4833,#4834);
#4833 = CARTESIAN_POINT('',(0.,0.));
#4834 = VECTOR('',#4835,1.);
#4835 = DIRECTION('',(0.,1.));
#4836 = ( GEOMETRIC_REPRESENTATION_CONTEXT(2) 
PARAMETRIC_REPRESENTATION_CONTEXT() REPRESENTATION_CONTEXT('2D SPACE',''
  ) );
#4837 = PCURVE('',#4606,#4838);
#4838 = DEFINITIONAL_REPRESENTATION('',(#4839),#4843);
#4839 = LINE('',#4840,#4841);
#4840 = CARTESIAN_POINT('',(6.28318530718,0.));
#4841 = VECTOR('',#4842,1.);
#4842 = DIRECTION('',(0.,1.));
#4843 = ( GEOMETRIC_REPRESENTATION_CONTEXT(2) 
PARAMETRIC_REPRESENTATION_CONTEXT() REPRESENTATION_CONTEXT('2D SPACE',''
  ) );
#4844 = ADVANCED_FACE('',(#4845),#4863,.T.);
#4845 = FACE_BOUND('',#4846,.T.);
#4846 = EDGE_LOOP('',(#4847,#4903,#4931,#4980));
#4847 = ORIENTED_EDGE('',*,*,#4848,.F.);
#4848 = EDGE_CURVE('',#4849,#4851,#4853,.T.);
#4849 = VERTEX_POINT('',#4850);
#4850 = CARTESIAN_POINT('',(-30.5,6.,-7.347880794884E-16));
#4851 = VERTEX_POINT('',#4852);
#4852 = CARTESIAN_POINT('',(-30.25,-6.,0.));
#4853 = SURFACE_CURVE('',#4854,(#4862,#4896),.PCURVE_S1.);
#4854 = ( BOUNDED_CURVE() B_SPLINE_CURVE(2,(#4855,#4856,#4857,#4858,
#4859,#4860,#4861),.UNSPECIFIED.,.F.,.F.) B_SPLINE_CURVE_WITH_KNOTS((3,2
    ,2,3),(0.54,0.546666666667,0.553333333333,0.56),
.PIECEWISE_BEZIER_KNOTS.) CURVE() GEOMETRIC_REPRESENTATION_ITEM() 
RATIONAL_B_SPLINE_CURVE((1.,0.866025403784,1.,0.866025403784,1.,
0.866025403784,1.)) REPRESENTATION_ITEM('') );
#4855 = CARTESIAN_POINT('',(-30.5,6.,-7.347880794884E-16));
#4856 = CARTESIAN_POINT('',(-30.45833333333,6.,3.464101615138));
#4857 = CARTESIAN_POINT('',(-30.41666666666,3.,5.196152422707));
#4858 = CARTESIAN_POINT('',(-30.375,1.138959759837E-14,6.928203230276));
#4859 = CARTESIAN_POINT('',(-30.33333333333,-3.,5.196152422707));
#4860 = CARTESIAN_POINT('',(-30.29166666666,-6.,3.464101615138));
#4861 = CARTESIAN_POINT('',(-30.25,-6.,0.));
#4862 = PCURVE('',#4863,#4868);
#4863 = CYLINDRICAL_SURFACE('',#4864,6.);
#4864 = AXIS2_PLACEMENT_3D('',#4865,#4866,#4867);
#4865 = CARTESIAN_POINT('',(-36.5,1.215694211965E-14,0.));
#4866 = DIRECTION('',(-1.,3.330669073875E-16,-0.));
#4867 = DIRECTION('',(-3.330669073875E-16,-1.,0.));
#4868 = DEFINITIONAL_REPRESENTATION('',(#4869),#4895);
#4869 = B_SPLINE_CURVE_WITH_KNOTS('',3,(#4870,#4871,#4872,#4873,#4874,
    #4875,#4876,#4877,#4878,#4879,#4880,#4881,#4882,#4883,#4884,#4885,
    #4886,#4887,#4888,#4889,#4890,#4891,#4892,#4893,#4894),
  .UNSPECIFIED.,.F.,.F.,(4,1,1,1,1,1,1,1,1,1,1,1,1,1,1,1,1,1,1,1,1,1,4),
  (0.54,0.540909090909,0.541818181818,0.542727272727,0.543636363636,
    0.544545454545,0.545454545455,0.546363636364,0.547272727273,
    0.548181818182,0.549090909091,0.55,0.550909090909,0.551818181818,
    0.552727272727,0.553636363636,0.554545454545,0.555454545455,
    0.556363636364,0.557272727273,0.558181818182,0.559090909091,0.56),
  .QUASI_UNIFORM_KNOTS.);
#4870 = CARTESIAN_POINT('',(3.14159265359,-6.));
#4871 = CARTESIAN_POINT('',(3.096155343903,-6.003273714118));
#4872 = CARTESIAN_POINT('',(3.003553149791,-6.01022500775));
#4873 = CARTESIAN_POINT('',(2.860815406578,-6.021559314821));
#4874 = CARTESIAN_POINT('',(2.71552633536,-6.033522949989));
#4875 = CARTESIAN_POINT('',(2.569197078639,-6.045746206114));
#4876 = CARTESIAN_POINT('',(2.423398202367,-6.057836797911));
#4877 = CARTESIAN_POINT('',(2.279619754427,-6.069426334368));
#4878 = CARTESIAN_POINT('',(2.139420152995,-6.080153433971));
#4879 = CARTESIAN_POINT('',(2.003420728269,-6.089905985654));
#4880 = CARTESIAN_POINT('',(1.861476954096,-6.10104502265));
#4881 = CARTESIAN_POINT('',(1.716968322946,-6.11281652551));
#4882 = CARTESIAN_POINT('',(1.570796326795,-6.125));
#4883 = CARTESIAN_POINT('',(1.424624330644,-6.13718347449));
#4884 = CARTESIAN_POINT('',(1.280115699493,-6.14895497735));
#4885 = CARTESIAN_POINT('',(1.138171925321,-6.160094014345));
#4886 = CARTESIAN_POINT('',(1.002172500595,-6.169846566029));
#4887 = CARTESIAN_POINT('',(0.861972899163,-6.180573665632));
#4888 = CARTESIAN_POINT('',(0.718194451223,-6.192163202089));
#4889 = CARTESIAN_POINT('',(0.57239557495,-6.204253793886));
#4890 = CARTESIAN_POINT('',(0.426066318229,-6.216477050011));
#4891 = CARTESIAN_POINT('',(0.280777247012,-6.228440685179));
#4892 = CARTESIAN_POINT('',(0.138039503798,-6.23977499225));
#4893 = CARTESIAN_POINT('',(4.543730968641E-02,-6.246726285882));
#4894 = CARTESIAN_POINT('',(0.,-6.25));
#4895 = ( GEOMETRIC_REPRESENTATION_CONTEXT(2) 
PARAMETRIC_REPRESENTATION_CONTEXT() REPRESENTATION_CONTEXT('2D SPACE',''
  ) );
#4896 = PCURVE('',#2216,#4897);
#4897 = DEFINITIONAL_REPRESENTATION('',(#4898),#4902);
#4898 = LINE('',#4899,#4900);
#4899 = CARTESIAN_POINT('',(1.,0.));
#4900 = VECTOR('',#4901,1.);
#4901 = DIRECTION('',(0.,1.));
#4902 = ( GEOMETRIC_REPRESENTATION_CONTEXT(2) 
PARAMETRIC_REPRESENTATION_CONTEXT() REPRESENTATION_CONTEXT('2D SPACE',''
  ) );
#4903 = ORIENTED_EDGE('',*,*,#4904,.T.);
#4904 = EDGE_CURVE('',#4849,#4905,#4907,.T.);
#4905 = VERTEX_POINT('',#4906);
#4906 = CARTESIAN_POINT('',(-30.56250000136,6.,-7.347880794884E-16));
#4907 = SURFACE_CURVE('',#4908,(#4912,#4919),.PCURVE_S1.);
#4908 = LINE('',#4909,#4910);
#4909 = CARTESIAN_POINT('',(-36.5,6.,7.347880794884E-16));
#4910 = VECTOR('',#4911,1.);
#4911 = DIRECTION('',(-1.,3.330669073875E-16,-0.));
#4912 = PCURVE('',#4863,#4913);
#4913 = DEFINITIONAL_REPRESENTATION('',(#4914),#4918);
#4914 = LINE('',#4915,#4916);
#4915 = CARTESIAN_POINT('',(3.14159265359,0.));
#4916 = VECTOR('',#4917,1.);
#4917 = DIRECTION('',(0.,1.));
#4918 = ( GEOMETRIC_REPRESENTATION_CONTEXT(2) 
PARAMETRIC_REPRESENTATION_CONTEXT() REPRESENTATION_CONTEXT('2D SPACE',''
  ) );
#4919 = PCURVE('',#4920,#4925);
#4920 = CYLINDRICAL_SURFACE('',#4921,6.);
#4921 = AXIS2_PLACEMENT_3D('',#4922,#4923,#4924);
#4922 = CARTESIAN_POINT('',(-36.5,1.215694211965E-14,0.));
#4923 = DIRECTION('',(-1.,3.330669073875E-16,-0.));
#4924 = DIRECTION('',(-3.330669073875E-16,-1.,0.));
#4925 = DEFINITIONAL_REPRESENTATION('',(#4926),#4930);
#4926 = LINE('',#4927,#4928);
#4927 = CARTESIAN_POINT('',(3.14159265359,0.));
#4928 = VECTOR('',#4929,1.);
#4929 = DIRECTION('',(0.,1.));
#4930 = ( GEOMETRIC_REPRESENTATION_CONTEXT(2) 
PARAMETRIC_REPRESENTATION_CONTEXT() REPRESENTATION_CONTEXT('2D SPACE',''
  ) );
#4931 = ORIENTED_EDGE('',*,*,#4932,.T.);
#4932 = EDGE_CURVE('',#4905,#4933,#4935,.T.);
#4933 = VERTEX_POINT('',#4934);
#4934 = CARTESIAN_POINT('',(-30.31250000136,-6.,0.));
#4935 = SURFACE_CURVE('',#4936,(#4944,#4973),.PCURVE_S1.);
#4936 = ( BOUNDED_CURVE() B_SPLINE_CURVE(2,(#4937,#4938,#4939,#4940,
#4941,#4942,#4943),.UNSPECIFIED.,.F.,.F.) B_SPLINE_CURVE_WITH_KNOTS((3,2
    ,2,3),(0.5,0.506666666667,0.513333333333,0.52),
.PIECEWISE_BEZIER_KNOTS.) CURVE() GEOMETRIC_REPRESENTATION_ITEM() 
RATIONAL_B_SPLINE_CURVE((1.,0.866025403784,1.,0.866025403784,1.,
0.866025403784,1.)) REPRESENTATION_ITEM('') );
#4937 = CARTESIAN_POINT('',(-30.56250000136,6.,-7.347880794884E-16));
#4938 = CARTESIAN_POINT('',(-30.52083333469,6.,3.464101615138));
#4939 = CARTESIAN_POINT('',(-30.47916666803,3.,5.196152422707));
#4940 = CARTESIAN_POINT('',(-30.43750000136,1.141041428053E-14,
    6.928203230276));
#4941 = CARTESIAN_POINT('',(-30.39583333469,-3.,5.196152422707));
#4942 = CARTESIAN_POINT('',(-30.35416666803,-6.,3.464101615138));
#4943 = CARTESIAN_POINT('',(-30.31250000136,-6.,0.));
#4944 = PCURVE('',#4863,#4945);
#4945 = DEFINITIONAL_REPRESENTATION('',(#4946),#4972);
#4946 = B_SPLINE_CURVE_WITH_KNOTS('',3,(#4947,#4948,#4949,#4950,#4951,
    #4952,#4953,#4954,#4955,#4956,#4957,#4958,#4959,#4960,#4961,#4962,
    #4963,#4964,#4965,#4966,#4967,#4968,#4969,#4970,#4971),
  .UNSPECIFIED.,.F.,.F.,(4,1,1,1,1,1,1,1,1,1,1,1,1,1,1,1,1,1,1,1,1,1,4),
  (0.5,0.500909090909,0.501818181818,0.502727272727,0.503636363636,
    0.504545454545,0.505454545455,0.506363636364,0.507272727273,
    0.508181818182,0.509090909091,0.51,0.510909090909,0.511818181818,
    0.512727272727,0.513636363636,0.514545454545,0.515454545455,
    0.516363636364,0.517272727273,0.518181818182,0.519090909091,0.52),
  .QUASI_UNIFORM_KNOTS.);
#4947 = CARTESIAN_POINT('',(3.14159265359,-5.937499998634));
#4948 = CARTESIAN_POINT('',(3.096155343903,-5.940773712753));
#4949 = CARTESIAN_POINT('',(3.003553149791,-5.947725006384));
#4950 = CARTESIAN_POINT('',(2.860815406578,-5.959059313455));
#4951 = CARTESIAN_POINT('',(2.71552633536,-5.971022948624));
#4952 = CARTESIAN_POINT('',(2.569197078639,-5.983246204748));
#4953 = CARTESIAN_POINT('',(2.423398202367,-5.995336796545));
#4954 = CARTESIAN_POINT('',(2.279619754427,-6.006926333003));
#4955 = CARTESIAN_POINT('',(2.139420152995,-6.017653432606));
#4956 = CARTESIAN_POINT('',(2.003420728269,-6.027405984289));
#4957 = CARTESIAN_POINT('',(1.861476954096,-6.038545021285));
#4958 = CARTESIAN_POINT('',(1.716968322946,-6.050316524145));
#4959 = CARTESIAN_POINT('',(1.570796326795,-6.062499998634));
#4960 = CARTESIAN_POINT('',(1.424624330644,-6.074683473124));
#4961 = CARTESIAN_POINT('',(1.280115699493,-6.086454975984));
#4962 = CARTESIAN_POINT('',(1.138171925321,-6.09759401298));
#4963 = CARTESIAN_POINT('',(1.002172500595,-6.107346564663));
#4964 = CARTESIAN_POINT('',(0.861972899163,-6.118073664266));
#4965 = CARTESIAN_POINT('',(0.718194451223,-6.129663200723));
#4966 = CARTESIAN_POINT('',(0.57239557495,-6.14175379252));
#4967 = CARTESIAN_POINT('',(0.426066318229,-6.153977048645));
#4968 = CARTESIAN_POINT('',(0.280777247012,-6.165940683814));
#4969 = CARTESIAN_POINT('',(0.138039503798,-6.177274990885));
#4970 = CARTESIAN_POINT('',(4.543730968641E-02,-6.184226284516));
#4971 = CARTESIAN_POINT('',(0.,-6.187499998634));
#4972 = ( GEOMETRIC_REPRESENTATION_CONTEXT(2) 
PARAMETRIC_REPRESENTATION_CONTEXT() REPRESENTATION_CONTEXT('2D SPACE',''
  ) );
#4973 = PCURVE('',#1421,#4974);
#4974 = DEFINITIONAL_REPRESENTATION('',(#4975),#4979);
#4975 = LINE('',#4976,#4977);
#4976 = CARTESIAN_POINT('',(7.07478535898E-14,5.551115123126E-17));
#4977 = VECTOR('',#4978,1.);
#4978 = DIRECTION('',(-1.422598257657E-13,1.));
#4979 = ( GEOMETRIC_REPRESENTATION_CONTEXT(2) 
PARAMETRIC_REPRESENTATION_CONTEXT() REPRESENTATION_CONTEXT('2D SPACE',''
  ) );
#4980 = ORIENTED_EDGE('',*,*,#4981,.F.);
#4981 = EDGE_CURVE('',#4851,#4933,#4982,.T.);
#4982 = SURFACE_CURVE('',#4983,(#4987,#4994),.PCURVE_S1.);
#4983 = LINE('',#4984,#4985);
#4984 = CARTESIAN_POINT('',(-36.5,-6.,0.));
#4985 = VECTOR('',#4986,1.);
#4986 = DIRECTION('',(-1.,3.330669073875E-16,-0.));
#4987 = PCURVE('',#4863,#4988);
#4988 = DEFINITIONAL_REPRESENTATION('',(#4989),#4993);
#4989 = LINE('',#4990,#4991);
#4990 = CARTESIAN_POINT('',(0.,0.));
#4991 = VECTOR('',#4992,1.);
#4992 = DIRECTION('',(0.,1.));
#4993 = ( GEOMETRIC_REPRESENTATION_CONTEXT(2) 
PARAMETRIC_REPRESENTATION_CONTEXT() REPRESENTATION_CONTEXT('2D SPACE',''
  ) );
#4994 = PCURVE('',#4763,#4995);
#4995 = DEFINITIONAL_REPRESENTATION('',(#4996),#5000);
#4996 = LINE('',#4997,#4998);
#4997 = CARTESIAN_POINT('',(6.28318530718,0.));
#4998 = VECTOR('',#4999,1.);
#4999 = DIRECTION('',(0.,1.));
#5000 = ( GEOMETRIC_REPRESENTATION_CONTEXT(2) 
PARAMETRIC_REPRESENTATION_CONTEXT() REPRESENTATION_CONTEXT('2D SPACE',''
  ) );
#5001 = ADVANCED_FACE('',(#5002),#5020,.T.);
#5002 = FACE_BOUND('',#5003,.T.);
#5003 = EDGE_LOOP('',(#5004,#5060,#5088,#5137));
#5004 = ORIENTED_EDGE('',*,*,#5005,.F.);
#5005 = EDGE_CURVE('',#5006,#5008,#5010,.T.);
#5006 = VERTEX_POINT('',#5007);
#5007 = CARTESIAN_POINT('',(-31.,6.,-7.347880794884E-16));
#5008 = VERTEX_POINT('',#5009);
#5009 = CARTESIAN_POINT('',(-30.75,-6.,0.));
#5010 = SURFACE_CURVE('',#5011,(#5019,#5053),.PCURVE_S1.);
#5011 = ( BOUNDED_CURVE() B_SPLINE_CURVE(2,(#5012,#5013,#5014,#5015,
#5016,#5017,#5018),.UNSPECIFIED.,.F.,.F.) B_SPLINE_CURVE_WITH_KNOTS((3,2
    ,2,3),(0.5,0.506666666667,0.513333333333,0.52),
.PIECEWISE_BEZIER_KNOTS.) CURVE() GEOMETRIC_REPRESENTATION_ITEM() 
RATIONAL_B_SPLINE_CURVE((1.,0.866025403784,1.,0.866025403784,1.,
0.866025403784,1.)) REPRESENTATION_ITEM('') );
#5012 = CARTESIAN_POINT('',(-31.,6.,-7.347880794884E-16));
#5013 = CARTESIAN_POINT('',(-30.95833333333,6.,3.464101615138));
#5014 = CARTESIAN_POINT('',(-30.91666666666,3.,5.196152422707));
#5015 = CARTESIAN_POINT('',(-30.875,1.155613105206E-14,6.928203230276));
#5016 = CARTESIAN_POINT('',(-30.83333333333,-3.,5.196152422707));
#5017 = CARTESIAN_POINT('',(-30.79166666666,-6.,3.464101615138));
#5018 = CARTESIAN_POINT('',(-30.75,-6.,0.));
#5019 = PCURVE('',#5020,#5025);
#5020 = CYLINDRICAL_SURFACE('',#5021,6.);
#5021 = AXIS2_PLACEMENT_3D('',#5022,#5023,#5024);
#5022 = CARTESIAN_POINT('',(-36.5,1.215694211965E-14,0.));
#5023 = DIRECTION('',(-1.,3.330669073875E-16,-0.));
#5024 = DIRECTION('',(-3.330669073875E-16,-1.,0.));
#5025 = DEFINITIONAL_REPRESENTATION('',(#5026),#5052);
#5026 = B_SPLINE_CURVE_WITH_KNOTS('',3,(#5027,#5028,#5029,#5030,#5031,
    #5032,#5033,#5034,#5035,#5036,#5037,#5038,#5039,#5040,#5041,#5042,
    #5043,#5044,#5045,#5046,#5047,#5048,#5049,#5050,#5051),
  .UNSPECIFIED.,.F.,.F.,(4,1,1,1,1,1,1,1,1,1,1,1,1,1,1,1,1,1,1,1,1,1,4),
  (0.5,0.500909090909,0.501818181818,0.502727272727,0.503636363636,
    0.504545454545,0.505454545455,0.506363636364,0.507272727273,
    0.508181818182,0.509090909091,0.51,0.510909090909,0.511818181818,
    0.512727272727,0.513636363636,0.514545454545,0.515454545455,
    0.516363636364,0.517272727273,0.518181818182,0.519090909091,0.52),
  .QUASI_UNIFORM_KNOTS.);
#5027 = CARTESIAN_POINT('',(3.14159265359,-5.5));
#5028 = CARTESIAN_POINT('',(3.096155343903,-5.503273714118));
#5029 = CARTESIAN_POINT('',(3.003553149791,-5.51022500775));
#5030 = CARTESIAN_POINT('',(2.860815406578,-5.521559314821));
#5031 = CARTESIAN_POINT('',(2.71552633536,-5.533522949989));
#5032 = CARTESIAN_POINT('',(2.569197078639,-5.545746206114));
#5033 = CARTESIAN_POINT('',(2.423398202367,-5.557836797911));
#5034 = CARTESIAN_POINT('',(2.279619754427,-5.569426334368));
#5035 = CARTESIAN_POINT('',(2.139420152995,-5.580153433971));
#5036 = CARTESIAN_POINT('',(2.003420728269,-5.589905985654));
#5037 = CARTESIAN_POINT('',(1.861476954096,-5.60104502265));
#5038 = CARTESIAN_POINT('',(1.716968322946,-5.61281652551));
#5039 = CARTESIAN_POINT('',(1.570796326795,-5.625));
#5040 = CARTESIAN_POINT('',(1.424624330644,-5.63718347449));
#5041 = CARTESIAN_POINT('',(1.280115699493,-5.64895497735));
#5042 = CARTESIAN_POINT('',(1.138171925321,-5.660094014345));
#5043 = CARTESIAN_POINT('',(1.002172500595,-5.669846566029));
#5044 = CARTESIAN_POINT('',(0.861972899163,-5.680573665632));
#5045 = CARTESIAN_POINT('',(0.718194451223,-5.692163202089));
#5046 = CARTESIAN_POINT('',(0.57239557495,-5.704253793886));
#5047 = CARTESIAN_POINT('',(0.426066318229,-5.716477050011));
#5048 = CARTESIAN_POINT('',(0.280777247012,-5.728440685179));
#5049 = CARTESIAN_POINT('',(0.138039503798,-5.73977499225));
#5050 = CARTESIAN_POINT('',(4.543730968641E-02,-5.746726285882));
#5051 = CARTESIAN_POINT('',(0.,-5.75));
#5052 = ( GEOMETRIC_REPRESENTATION_CONTEXT(2) 
PARAMETRIC_REPRESENTATION_CONTEXT() REPRESENTATION_CONTEXT('2D SPACE',''
  ) );
#5053 = PCURVE('',#2216,#5054);
#5054 = DEFINITIONAL_REPRESENTATION('',(#5055),#5059);
#5055 = LINE('',#5056,#5057);
#5056 = CARTESIAN_POINT('',(1.,5.551115123126E-17));
#5057 = VECTOR('',#5058,1.);
#5058 = DIRECTION('',(6.661338147751E-14,1.));
#5059 = ( GEOMETRIC_REPRESENTATION_CONTEXT(2) 
PARAMETRIC_REPRESENTATION_CONTEXT() REPRESENTATION_CONTEXT('2D SPACE',''
  ) );
#5060 = ORIENTED_EDGE('',*,*,#5061,.T.);
#5061 = EDGE_CURVE('',#5006,#5062,#5064,.T.);
#5062 = VERTEX_POINT('',#5063);
#5063 = CARTESIAN_POINT('',(-31.06250000136,6.,-7.347880794884E-16));
#5064 = SURFACE_CURVE('',#5065,(#5069,#5076),.PCURVE_S1.);
#5065 = LINE('',#5066,#5067);
#5066 = CARTESIAN_POINT('',(-36.5,6.,7.347880794884E-16));
#5067 = VECTOR('',#5068,1.);
#5068 = DIRECTION('',(-1.,3.330669073875E-16,-0.));
#5069 = PCURVE('',#5020,#5070);
#5070 = DEFINITIONAL_REPRESENTATION('',(#5071),#5075);
#5071 = LINE('',#5072,#5073);
#5072 = CARTESIAN_POINT('',(3.14159265359,0.));
#5073 = VECTOR('',#5074,1.);
#5074 = DIRECTION('',(0.,1.));
#5075 = ( GEOMETRIC_REPRESENTATION_CONTEXT(2) 
PARAMETRIC_REPRESENTATION_CONTEXT() REPRESENTATION_CONTEXT('2D SPACE',''
  ) );
#5076 = PCURVE('',#5077,#5082);
#5077 = CYLINDRICAL_SURFACE('',#5078,6.);
#5078 = AXIS2_PLACEMENT_3D('',#5079,#5080,#5081);
#5079 = CARTESIAN_POINT('',(-36.5,1.215694211965E-14,0.));
#5080 = DIRECTION('',(-1.,3.330669073875E-16,-0.));
#5081 = DIRECTION('',(-3.330669073875E-16,-1.,0.));
#5082 = DEFINITIONAL_REPRESENTATION('',(#5083),#5087);
#5083 = LINE('',#5084,#5085);
#5084 = CARTESIAN_POINT('',(3.14159265359,0.));
#5085 = VECTOR('',#5086,1.);
#5086 = DIRECTION('',(0.,1.));
#5087 = ( GEOMETRIC_REPRESENTATION_CONTEXT(2) 
PARAMETRIC_REPRESENTATION_CONTEXT() REPRESENTATION_CONTEXT('2D SPACE',''
  ) );
#5088 = ORIENTED_EDGE('',*,*,#5089,.T.);
#5089 = EDGE_CURVE('',#5062,#5090,#5092,.T.);
#5090 = VERTEX_POINT('',#5091);
#5091 = CARTESIAN_POINT('',(-30.81250000136,-6.,0.));
#5092 = SURFACE_CURVE('',#5093,(#5101,#5130),.PCURVE_S1.);
#5093 = ( BOUNDED_CURVE() B_SPLINE_CURVE(2,(#5094,#5095,#5096,#5097,
#5098,#5099,#5100),.UNSPECIFIED.,.F.,.F.) B_SPLINE_CURVE_WITH_KNOTS((3,2
    ,2,3),(0.46,0.466666666667,0.473333333333,0.48),
.PIECEWISE_BEZIER_KNOTS.) CURVE() GEOMETRIC_REPRESENTATION_ITEM() 
RATIONAL_B_SPLINE_CURVE((1.,0.866025403784,1.,0.866025403784,1.,
0.866025403784,1.)) REPRESENTATION_ITEM('') );
#5094 = CARTESIAN_POINT('',(-31.06250000136,6.,-7.347880794884E-16));
#5095 = CARTESIAN_POINT('',(-31.02083333469,6.,3.464101615138));
#5096 = CARTESIAN_POINT('',(-30.97916666803,3.,5.196152422707));
#5097 = CARTESIAN_POINT('',(-30.93750000136,1.157694773423E-14,
    6.928203230276));
#5098 = CARTESIAN_POINT('',(-30.89583333469,-3.,5.196152422707));
#5099 = CARTESIAN_POINT('',(-30.85416666803,-6.,3.464101615138));
#5100 = CARTESIAN_POINT('',(-30.81250000136,-6.,0.));
#5101 = PCURVE('',#5020,#5102);
#5102 = DEFINITIONAL_REPRESENTATION('',(#5103),#5129);
#5103 = B_SPLINE_CURVE_WITH_KNOTS('',3,(#5104,#5105,#5106,#5107,#5108,
    #5109,#5110,#5111,#5112,#5113,#5114,#5115,#5116,#5117,#5118,#5119,
    #5120,#5121,#5122,#5123,#5124,#5125,#5126,#5127,#5128),
  .UNSPECIFIED.,.F.,.F.,(4,1,1,1,1,1,1,1,1,1,1,1,1,1,1,1,1,1,1,1,1,1,4),
  (0.46,0.460909090909,0.461818181818,0.462727272727,0.463636363636,
    0.464545454545,0.465454545455,0.466363636364,0.467272727273,
    0.468181818182,0.469090909091,0.47,0.470909090909,0.471818181818,
    0.472727272727,0.473636363636,0.474545454545,0.475454545455,
    0.476363636364,0.477272727273,0.478181818182,0.479090909091,0.48),
  .QUASI_UNIFORM_KNOTS.);
#5104 = CARTESIAN_POINT('',(3.14159265359,-5.437499998634));
#5105 = CARTESIAN_POINT('',(3.096155343903,-5.440773712753));
#5106 = CARTESIAN_POINT('',(3.003553149791,-5.447725006384));
#5107 = CARTESIAN_POINT('',(2.860815406578,-5.459059313455));
#5108 = CARTESIAN_POINT('',(2.71552633536,-5.471022948624));
#5109 = CARTESIAN_POINT('',(2.569197078639,-5.483246204748));
#5110 = CARTESIAN_POINT('',(2.423398202367,-5.495336796545));
#5111 = CARTESIAN_POINT('',(2.279619754427,-5.506926333003));
#5112 = CARTESIAN_POINT('',(2.139420152995,-5.517653432606));
#5113 = CARTESIAN_POINT('',(2.003420728269,-5.527405984289));
#5114 = CARTESIAN_POINT('',(1.861476954096,-5.538545021285));
#5115 = CARTESIAN_POINT('',(1.716968322946,-5.550316524145));
#5116 = CARTESIAN_POINT('',(1.570796326795,-5.562499998634));
#5117 = CARTESIAN_POINT('',(1.424624330644,-5.574683473124));
#5118 = CARTESIAN_POINT('',(1.280115699493,-5.586454975984));
#5119 = CARTESIAN_POINT('',(1.138171925321,-5.59759401298));
#5120 = CARTESIAN_POINT('',(1.002172500595,-5.607346564663));
#5121 = CARTESIAN_POINT('',(0.861972899163,-5.618073664266));
#5122 = CARTESIAN_POINT('',(0.718194451223,-5.629663200723));
#5123 = CARTESIAN_POINT('',(0.57239557495,-5.64175379252));
#5124 = CARTESIAN_POINT('',(0.426066318229,-5.653977048645));
#5125 = CARTESIAN_POINT('',(0.280777247012,-5.665940683814));
#5126 = CARTESIAN_POINT('',(0.138039503798,-5.677274990885));
#5127 = CARTESIAN_POINT('',(4.543730968641E-02,-5.684226284516));
#5128 = CARTESIAN_POINT('',(0.,-5.687499998634));
#5129 = ( GEOMETRIC_REPRESENTATION_CONTEXT(2) 
PARAMETRIC_REPRESENTATION_CONTEXT() REPRESENTATION_CONTEXT('2D SPACE',''
  ) );
#5130 = PCURVE('',#1421,#5131);
#5131 = DEFINITIONAL_REPRESENTATION('',(#5132),#5136);
#5132 = LINE('',#5133,#5134);
#5133 = CARTESIAN_POINT('',(3.542389363613E-14,0.));
#5134 = VECTOR('',#5135,1.);
#5135 = DIRECTION('',(-7.164272430513E-14,1.));
#5136 = ( GEOMETRIC_REPRESENTATION_CONTEXT(2) 
PARAMETRIC_REPRESENTATION_CONTEXT() REPRESENTATION_CONTEXT('2D SPACE',''
  ) );
#5137 = ORIENTED_EDGE('',*,*,#5138,.F.);
#5138 = EDGE_CURVE('',#5008,#5090,#5139,.T.);
#5139 = SURFACE_CURVE('',#5140,(#5144,#5151),.PCURVE_S1.);
#5140 = LINE('',#5141,#5142);
#5141 = CARTESIAN_POINT('',(-36.5,-6.,0.));
#5142 = VECTOR('',#5143,1.);
#5143 = DIRECTION('',(-1.,3.330669073875E-16,-0.));
#5144 = PCURVE('',#5020,#5145);
#5145 = DEFINITIONAL_REPRESENTATION('',(#5146),#5150);
#5146 = LINE('',#5147,#5148);
#5147 = CARTESIAN_POINT('',(0.,0.));
#5148 = VECTOR('',#5149,1.);
#5149 = DIRECTION('',(0.,1.));
#5150 = ( GEOMETRIC_REPRESENTATION_CONTEXT(2) 
PARAMETRIC_REPRESENTATION_CONTEXT() REPRESENTATION_CONTEXT('2D SPACE',''
  ) );
#5151 = PCURVE('',#4920,#5152);
#5152 = DEFINITIONAL_REPRESENTATION('',(#5153),#5157);
#5153 = LINE('',#5154,#5155);
#5154 = CARTESIAN_POINT('',(6.28318530718,0.));
#5155 = VECTOR('',#5156,1.);
#5156 = DIRECTION('',(0.,1.));
#5157 = ( GEOMETRIC_REPRESENTATION_CONTEXT(2) 
PARAMETRIC_REPRESENTATION_CONTEXT() REPRESENTATION_CONTEXT('2D SPACE',''
  ) );
#5158 = ADVANCED_FACE('',(#5159),#5177,.T.);
#5159 = FACE_BOUND('',#5160,.T.);
#5160 = EDGE_LOOP('',(#5161,#5217,#5245,#5294));
#5161 = ORIENTED_EDGE('',*,*,#5162,.F.);
#5162 = EDGE_CURVE('',#5163,#5165,#5167,.T.);
#5163 = VERTEX_POINT('',#5164);
#5164 = CARTESIAN_POINT('',(-31.5,6.,-7.347880794884E-16));
#5165 = VERTEX_POINT('',#5166);
#5166 = CARTESIAN_POINT('',(-31.25,-6.,0.));
#5167 = SURFACE_CURVE('',#5168,(#5176,#5210),.PCURVE_S1.);
#5168 = ( BOUNDED_CURVE() B_SPLINE_CURVE(2,(#5169,#5170,#5171,#5172,
#5173,#5174,#5175),.UNSPECIFIED.,.F.,.F.) B_SPLINE_CURVE_WITH_KNOTS((3,2
    ,2,3),(0.46,0.466666666667,0.473333333333,0.48),
.PIECEWISE_BEZIER_KNOTS.) CURVE() GEOMETRIC_REPRESENTATION_ITEM() 
RATIONAL_B_SPLINE_CURVE((1.,0.866025403784,1.,0.866025403784,1.,
0.866025403784,1.)) REPRESENTATION_ITEM('') );
#5169 = CARTESIAN_POINT('',(-31.5,6.,-7.347880794884E-16));
#5170 = CARTESIAN_POINT('',(-31.45833333333,6.,3.464101615138));
#5171 = CARTESIAN_POINT('',(-31.41666666666,3.,5.196152422707));
#5172 = CARTESIAN_POINT('',(-31.375,1.172266450575E-14,6.928203230276));
#5173 = CARTESIAN_POINT('',(-31.33333333333,-3.,5.196152422707));
#5174 = CARTESIAN_POINT('',(-31.29166666666,-6.,3.464101615138));
#5175 = CARTESIAN_POINT('',(-31.25,-6.,0.));
#5176 = PCURVE('',#5177,#5182);
#5177 = CYLINDRICAL_SURFACE('',#5178,6.);
#5178 = AXIS2_PLACEMENT_3D('',#5179,#5180,#5181);
#5179 = CARTESIAN_POINT('',(-36.5,1.215694211965E-14,0.));
#5180 = DIRECTION('',(-1.,3.330669073875E-16,-0.));
#5181 = DIRECTION('',(-3.330669073875E-16,-1.,0.));
#5182 = DEFINITIONAL_REPRESENTATION('',(#5183),#5209);
#5183 = B_SPLINE_CURVE_WITH_KNOTS('',3,(#5184,#5185,#5186,#5187,#5188,
    #5189,#5190,#5191,#5192,#5193,#5194,#5195,#5196,#5197,#5198,#5199,
    #5200,#5201,#5202,#5203,#5204,#5205,#5206,#5207,#5208),
  .UNSPECIFIED.,.F.,.F.,(4,1,1,1,1,1,1,1,1,1,1,1,1,1,1,1,1,1,1,1,1,1,4),
  (0.46,0.460909090909,0.461818181818,0.462727272727,0.463636363636,
    0.464545454545,0.465454545455,0.466363636364,0.467272727273,
    0.468181818182,0.469090909091,0.47,0.470909090909,0.471818181818,
    0.472727272727,0.473636363636,0.474545454545,0.475454545455,
    0.476363636364,0.477272727273,0.478181818182,0.479090909091,0.48),
  .QUASI_UNIFORM_KNOTS.);
#5184 = CARTESIAN_POINT('',(3.14159265359,-5.));
#5185 = CARTESIAN_POINT('',(3.096155343903,-5.003273714118));
#5186 = CARTESIAN_POINT('',(3.003553149791,-5.01022500775));
#5187 = CARTESIAN_POINT('',(2.860815406578,-5.021559314821));
#5188 = CARTESIAN_POINT('',(2.71552633536,-5.033522949989));
#5189 = CARTESIAN_POINT('',(2.569197078639,-5.045746206114));
#5190 = CARTESIAN_POINT('',(2.423398202367,-5.057836797911));
#5191 = CARTESIAN_POINT('',(2.279619754427,-5.069426334368));
#5192 = CARTESIAN_POINT('',(2.139420152995,-5.080153433971));
#5193 = CARTESIAN_POINT('',(2.003420728269,-5.089905985654));
#5194 = CARTESIAN_POINT('',(1.861476954096,-5.10104502265));
#5195 = CARTESIAN_POINT('',(1.716968322946,-5.11281652551));
#5196 = CARTESIAN_POINT('',(1.570796326795,-5.125));
#5197 = CARTESIAN_POINT('',(1.424624330644,-5.13718347449));
#5198 = CARTESIAN_POINT('',(1.280115699493,-5.14895497735));
#5199 = CARTESIAN_POINT('',(1.138171925321,-5.160094014345));
#5200 = CARTESIAN_POINT('',(1.002172500595,-5.169846566029));
#5201 = CARTESIAN_POINT('',(0.861972899163,-5.180573665632));
#5202 = CARTESIAN_POINT('',(0.718194451223,-5.192163202089));
#5203 = CARTESIAN_POINT('',(0.57239557495,-5.204253793886));
#5204 = CARTESIAN_POINT('',(0.426066318229,-5.216477050011));
#5205 = CARTESIAN_POINT('',(0.280777247012,-5.228440685179));
#5206 = CARTESIAN_POINT('',(0.138039503798,-5.23977499225));
#5207 = CARTESIAN_POINT('',(4.543730968641E-02,-5.246726285882));
#5208 = CARTESIAN_POINT('',(0.,-5.25));
#5209 = ( GEOMETRIC_REPRESENTATION_CONTEXT(2) 
PARAMETRIC_REPRESENTATION_CONTEXT() REPRESENTATION_CONTEXT('2D SPACE',''
  ) );
#5210 = PCURVE('',#2216,#5211);
#5211 = DEFINITIONAL_REPRESENTATION('',(#5212),#5216);
#5212 = LINE('',#5213,#5214);
#5213 = CARTESIAN_POINT('',(1.,0.));
#5214 = VECTOR('',#5215,1.);
#5215 = DIRECTION('',(0.,1.));
#5216 = ( GEOMETRIC_REPRESENTATION_CONTEXT(2) 
PARAMETRIC_REPRESENTATION_CONTEXT() REPRESENTATION_CONTEXT('2D SPACE',''
  ) );
#5217 = ORIENTED_EDGE('',*,*,#5218,.T.);
#5218 = EDGE_CURVE('',#5163,#5219,#5221,.T.);
#5219 = VERTEX_POINT('',#5220);
#5220 = CARTESIAN_POINT('',(-31.56250000136,6.,-7.347880794884E-16));
#5221 = SURFACE_CURVE('',#5222,(#5226,#5233),.PCURVE_S1.);
#5222 = LINE('',#5223,#5224);
#5223 = CARTESIAN_POINT('',(-36.5,6.,7.347880794884E-16));
#5224 = VECTOR('',#5225,1.);
#5225 = DIRECTION('',(-1.,3.330669073875E-16,-0.));
#5226 = PCURVE('',#5177,#5227);
#5227 = DEFINITIONAL_REPRESENTATION('',(#5228),#5232);
#5228 = LINE('',#5229,#5230);
#5229 = CARTESIAN_POINT('',(3.14159265359,0.));
#5230 = VECTOR('',#5231,1.);
#5231 = DIRECTION('',(0.,1.));
#5232 = ( GEOMETRIC_REPRESENTATION_CONTEXT(2) 
PARAMETRIC_REPRESENTATION_CONTEXT() REPRESENTATION_CONTEXT('2D SPACE',''
  ) );
#5233 = PCURVE('',#5234,#5239);
#5234 = CYLINDRICAL_SURFACE('',#5235,6.);
#5235 = AXIS2_PLACEMENT_3D('',#5236,#5237,#5238);
#5236 = CARTESIAN_POINT('',(-36.5,1.215694211965E-14,0.));
#5237 = DIRECTION('',(-1.,3.330669073875E-16,-0.));
#5238 = DIRECTION('',(-3.330669073875E-16,-1.,0.));
#5239 = DEFINITIONAL_REPRESENTATION('',(#5240),#5244);
#5240 = LINE('',#5241,#5242);
#5241 = CARTESIAN_POINT('',(3.14159265359,0.));
#5242 = VECTOR('',#5243,1.);
#5243 = DIRECTION('',(0.,1.));
#5244 = ( GEOMETRIC_REPRESENTATION_CONTEXT(2) 
PARAMETRIC_REPRESENTATION_CONTEXT() REPRESENTATION_CONTEXT('2D SPACE',''
  ) );
#5245 = ORIENTED_EDGE('',*,*,#5246,.T.);
#5246 = EDGE_CURVE('',#5219,#5247,#5249,.T.);
#5247 = VERTEX_POINT('',#5248);
#5248 = CARTESIAN_POINT('',(-31.31250000136,-6.,0.));
#5249 = SURFACE_CURVE('',#5250,(#5258,#5287),.PCURVE_S1.);
#5250 = ( BOUNDED_CURVE() B_SPLINE_CURVE(2,(#5251,#5252,#5253,#5254,
#5255,#5256,#5257),.UNSPECIFIED.,.F.,.F.) B_SPLINE_CURVE_WITH_KNOTS((3,2
    ,2,3),(0.42,0.426666666667,0.433333333333,0.44),
.PIECEWISE_BEZIER_KNOTS.) CURVE() GEOMETRIC_REPRESENTATION_ITEM() 
RATIONAL_B_SPLINE_CURVE((1.,0.866025403784,1.,0.866025403784,1.,
0.866025403784,1.)) REPRESENTATION_ITEM('') );
#5251 = CARTESIAN_POINT('',(-31.56250000136,6.,-7.347880794884E-16));
#5252 = CARTESIAN_POINT('',(-31.52083333469,6.,3.464101615138));
#5253 = CARTESIAN_POINT('',(-31.47916666803,3.,5.196152422707));
#5254 = CARTESIAN_POINT('',(-31.43750000136,1.174348118792E-14,
    6.928203230276));
#5255 = CARTESIAN_POINT('',(-31.39583333469,-3.,5.196152422707));
#5256 = CARTESIAN_POINT('',(-31.35416666803,-6.,3.464101615138));
#5257 = CARTESIAN_POINT('',(-31.31250000136,-6.,0.));
#5258 = PCURVE('',#5177,#5259);
#5259 = DEFINITIONAL_REPRESENTATION('',(#5260),#5286);
#5260 = B_SPLINE_CURVE_WITH_KNOTS('',3,(#5261,#5262,#5263,#5264,#5265,
    #5266,#5267,#5268,#5269,#5270,#5271,#5272,#5273,#5274,#5275,#5276,
    #5277,#5278,#5279,#5280,#5281,#5282,#5283,#5284,#5285),
  .UNSPECIFIED.,.F.,.F.,(4,1,1,1,1,1,1,1,1,1,1,1,1,1,1,1,1,1,1,1,1,1,4),
  (0.42,0.420909090909,0.421818181818,0.422727272727,0.423636363636,
    0.424545454545,0.425454545455,0.426363636364,0.427272727273,
    0.428181818182,0.429090909091,0.43,0.430909090909,0.431818181818,
    0.432727272727,0.433636363636,0.434545454545,0.435454545455,
    0.436363636364,0.437272727273,0.438181818182,0.439090909091,0.44),
  .QUASI_UNIFORM_KNOTS.);
#5261 = CARTESIAN_POINT('',(3.14159265359,-4.937499998634));
#5262 = CARTESIAN_POINT('',(3.096155343903,-4.940773712753));
#5263 = CARTESIAN_POINT('',(3.003553149791,-4.947725006384));
#5264 = CARTESIAN_POINT('',(2.860815406578,-4.959059313455));
#5265 = CARTESIAN_POINT('',(2.71552633536,-4.971022948624));
#5266 = CARTESIAN_POINT('',(2.569197078639,-4.983246204748));
#5267 = CARTESIAN_POINT('',(2.423398202367,-4.995336796545));
#5268 = CARTESIAN_POINT('',(2.279619754427,-5.006926333003));
#5269 = CARTESIAN_POINT('',(2.139420152995,-5.017653432606));
#5270 = CARTESIAN_POINT('',(2.003420728269,-5.027405984289));
#5271 = CARTESIAN_POINT('',(1.861476954096,-5.038545021285));
#5272 = CARTESIAN_POINT('',(1.716968322946,-5.050316524145));
#5273 = CARTESIAN_POINT('',(1.570796326795,-5.062499998634));
#5274 = CARTESIAN_POINT('',(1.424624330644,-5.074683473124));
#5275 = CARTESIAN_POINT('',(1.280115699494,-5.086454975984));
#5276 = CARTESIAN_POINT('',(1.138171925321,-5.09759401298));
#5277 = CARTESIAN_POINT('',(1.002172500595,-5.107346564663));
#5278 = CARTESIAN_POINT('',(0.861972899163,-5.118073664266));
#5279 = CARTESIAN_POINT('',(0.718194451223,-5.129663200723));
#5280 = CARTESIAN_POINT('',(0.57239557495,-5.14175379252));
#5281 = CARTESIAN_POINT('',(0.426066318229,-5.153977048645));
#5282 = CARTESIAN_POINT('',(0.280777247012,-5.165940683814));
#5283 = CARTESIAN_POINT('',(0.138039503798,-5.177274990885));
#5284 = CARTESIAN_POINT('',(4.543730968641E-02,-5.184226284516));
#5285 = CARTESIAN_POINT('',(0.,-5.187499998634));
#5286 = ( GEOMETRIC_REPRESENTATION_CONTEXT(2) 
PARAMETRIC_REPRESENTATION_CONTEXT() REPRESENTATION_CONTEXT('2D SPACE',''
  ) );
#5287 = PCURVE('',#1421,#5288);
#5288 = DEFINITIONAL_REPRESENTATION('',(#5289),#5293);
#5289 = LINE('',#5290,#5291);
#5290 = CARTESIAN_POINT('',(-3.194868686014E-14,5.551115123126E-17));
#5291 = VECTOR('',#5292,1.);
#5292 = DIRECTION('',(7.175385502781E-14,1.));
#5293 = ( GEOMETRIC_REPRESENTATION_CONTEXT(2) 
PARAMETRIC_REPRESENTATION_CONTEXT() REPRESENTATION_CONTEXT('2D SPACE',''
  ) );
#5294 = ORIENTED_EDGE('',*,*,#5295,.F.);
#5295 = EDGE_CURVE('',#5165,#5247,#5296,.T.);
#5296 = SURFACE_CURVE('',#5297,(#5301,#5308),.PCURVE_S1.);
#5297 = LINE('',#5298,#5299);
#5298 = CARTESIAN_POINT('',(-36.5,-6.,0.));
#5299 = VECTOR('',#5300,1.);
#5300 = DIRECTION('',(-1.,3.330669073875E-16,-0.));
#5301 = PCURVE('',#5177,#5302);
#5302 = DEFINITIONAL_REPRESENTATION('',(#5303),#5307);
#5303 = LINE('',#5304,#5305);
#5304 = CARTESIAN_POINT('',(0.,0.));
#5305 = VECTOR('',#5306,1.);
#5306 = DIRECTION('',(0.,1.));
#5307 = ( GEOMETRIC_REPRESENTATION_CONTEXT(2) 
PARAMETRIC_REPRESENTATION_CONTEXT() REPRESENTATION_CONTEXT('2D SPACE',''
  ) );
#5308 = PCURVE('',#5077,#5309);
#5309 = DEFINITIONAL_REPRESENTATION('',(#5310),#5314);
#5310 = LINE('',#5311,#5312);
#5311 = CARTESIAN_POINT('',(6.28318530718,0.));
#5312 = VECTOR('',#5313,1.);
#5313 = DIRECTION('',(0.,1.));
#5314 = ( GEOMETRIC_REPRESENTATION_CONTEXT(2) 
PARAMETRIC_REPRESENTATION_CONTEXT() REPRESENTATION_CONTEXT('2D SPACE',''
  ) );
#5315 = ADVANCED_FACE('',(#5316),#5334,.T.);
#5316 = FACE_BOUND('',#5317,.T.);
#5317 = EDGE_LOOP('',(#5318,#5374,#5402,#5451));
#5318 = ORIENTED_EDGE('',*,*,#5319,.F.);
#5319 = EDGE_CURVE('',#5320,#5322,#5324,.T.);
#5320 = VERTEX_POINT('',#5321);
#5321 = CARTESIAN_POINT('',(-32.,6.,-7.347880794884E-16));
#5322 = VERTEX_POINT('',#5323);
#5323 = CARTESIAN_POINT('',(-31.75,-6.,0.));
#5324 = SURFACE_CURVE('',#5325,(#5333,#5367),.PCURVE_S1.);
#5325 = ( BOUNDED_CURVE() B_SPLINE_CURVE(2,(#5326,#5327,#5328,#5329,
#5330,#5331,#5332),.UNSPECIFIED.,.F.,.F.) B_SPLINE_CURVE_WITH_KNOTS((3,2
    ,2,3),(0.42,0.426666666667,0.433333333333,0.44),
.PIECEWISE_BEZIER_KNOTS.) CURVE() GEOMETRIC_REPRESENTATION_ITEM() 
RATIONAL_B_SPLINE_CURVE((1.,0.866025403784,1.,0.866025403784,1.,
0.866025403784,1.)) REPRESENTATION_ITEM('') );
#5326 = CARTESIAN_POINT('',(-32.,6.,-7.347880794884E-16));
#5327 = CARTESIAN_POINT('',(-31.95833333333,6.,3.464101615138));
#5328 = CARTESIAN_POINT('',(-31.91666666666,3.,5.196152422707));
#5329 = CARTESIAN_POINT('',(-31.875,1.188919795945E-14,6.928203230276));
#5330 = CARTESIAN_POINT('',(-31.83333333333,-3.,5.196152422707));
#5331 = CARTESIAN_POINT('',(-31.79166666666,-6.,3.464101615138));
#5332 = CARTESIAN_POINT('',(-31.75,-6.,0.));
#5333 = PCURVE('',#5334,#5339);
#5334 = CYLINDRICAL_SURFACE('',#5335,6.);
#5335 = AXIS2_PLACEMENT_3D('',#5336,#5337,#5338);
#5336 = CARTESIAN_POINT('',(-36.5,1.215694211965E-14,0.));
#5337 = DIRECTION('',(-1.,3.330669073875E-16,-0.));
#5338 = DIRECTION('',(-3.330669073875E-16,-1.,0.));
#5339 = DEFINITIONAL_REPRESENTATION('',(#5340),#5366);
#5340 = B_SPLINE_CURVE_WITH_KNOTS('',3,(#5341,#5342,#5343,#5344,#5345,
    #5346,#5347,#5348,#5349,#5350,#5351,#5352,#5353,#5354,#5355,#5356,
    #5357,#5358,#5359,#5360,#5361,#5362,#5363,#5364,#5365),
  .UNSPECIFIED.,.F.,.F.,(4,1,1,1,1,1,1,1,1,1,1,1,1,1,1,1,1,1,1,1,1,1,4),
  (0.42,0.420909090909,0.421818181818,0.422727272727,0.423636363636,
    0.424545454545,0.425454545455,0.426363636364,0.427272727273,
    0.428181818182,0.429090909091,0.43,0.430909090909,0.431818181818,
    0.432727272727,0.433636363636,0.434545454545,0.435454545455,
    0.436363636364,0.437272727273,0.438181818182,0.439090909091,0.44),
  .QUASI_UNIFORM_KNOTS.);
#5341 = CARTESIAN_POINT('',(3.14159265359,-4.5));
#5342 = CARTESIAN_POINT('',(3.096155343903,-4.503273714118));
#5343 = CARTESIAN_POINT('',(3.003553149791,-4.51022500775));
#5344 = CARTESIAN_POINT('',(2.860815406578,-4.521559314821));
#5345 = CARTESIAN_POINT('',(2.71552633536,-4.533522949989));
#5346 = CARTESIAN_POINT('',(2.569197078639,-4.545746206114));
#5347 = CARTESIAN_POINT('',(2.423398202367,-4.557836797911));
#5348 = CARTESIAN_POINT('',(2.279619754427,-4.569426334368));
#5349 = CARTESIAN_POINT('',(2.139420152995,-4.580153433971));
#5350 = CARTESIAN_POINT('',(2.003420728269,-4.589905985654));
#5351 = CARTESIAN_POINT('',(1.861476954096,-4.60104502265));
#5352 = CARTESIAN_POINT('',(1.716968322946,-4.61281652551));
#5353 = CARTESIAN_POINT('',(1.570796326795,-4.625));
#5354 = CARTESIAN_POINT('',(1.424624330644,-4.63718347449));
#5355 = CARTESIAN_POINT('',(1.280115699494,-4.64895497735));
#5356 = CARTESIAN_POINT('',(1.138171925321,-4.660094014345));
#5357 = CARTESIAN_POINT('',(1.002172500595,-4.669846566029));
#5358 = CARTESIAN_POINT('',(0.861972899163,-4.680573665632));
#5359 = CARTESIAN_POINT('',(0.718194451223,-4.692163202089));
#5360 = CARTESIAN_POINT('',(0.57239557495,-4.704253793886));
#5361 = CARTESIAN_POINT('',(0.426066318229,-4.716477050011));
#5362 = CARTESIAN_POINT('',(0.280777247012,-4.728440685179));
#5363 = CARTESIAN_POINT('',(0.138039503798,-4.73977499225));
#5364 = CARTESIAN_POINT('',(4.543730968641E-02,-4.746726285882));
#5365 = CARTESIAN_POINT('',(0.,-4.75));
#5366 = ( GEOMETRIC_REPRESENTATION_CONTEXT(2) 
PARAMETRIC_REPRESENTATION_CONTEXT() REPRESENTATION_CONTEXT('2D SPACE',''
  ) );
#5367 = PCURVE('',#2216,#5368);
#5368 = DEFINITIONAL_REPRESENTATION('',(#5369),#5373);
#5369 = LINE('',#5370,#5371);
#5370 = CARTESIAN_POINT('',(1.,5.551115123126E-17));
#5371 = VECTOR('',#5372,1.);
#5372 = DIRECTION('',(1.387778780781E-13,1.));
#5373 = ( GEOMETRIC_REPRESENTATION_CONTEXT(2) 
PARAMETRIC_REPRESENTATION_CONTEXT() REPRESENTATION_CONTEXT('2D SPACE',''
  ) );
#5374 = ORIENTED_EDGE('',*,*,#5375,.T.);
#5375 = EDGE_CURVE('',#5320,#5376,#5378,.T.);
#5376 = VERTEX_POINT('',#5377);
#5377 = CARTESIAN_POINT('',(-32.06250000136,6.,-7.347880794884E-16));
#5378 = SURFACE_CURVE('',#5379,(#5383,#5390),.PCURVE_S1.);
#5379 = LINE('',#5380,#5381);
#5380 = CARTESIAN_POINT('',(-36.5,6.,7.347880794884E-16));
#5381 = VECTOR('',#5382,1.);
#5382 = DIRECTION('',(-1.,3.330669073875E-16,-0.));
#5383 = PCURVE('',#5334,#5384);
#5384 = DEFINITIONAL_REPRESENTATION('',(#5385),#5389);
#5385 = LINE('',#5386,#5387);
#5386 = CARTESIAN_POINT('',(3.14159265359,0.));
#5387 = VECTOR('',#5388,1.);
#5388 = DIRECTION('',(0.,1.));
#5389 = ( GEOMETRIC_REPRESENTATION_CONTEXT(2) 
PARAMETRIC_REPRESENTATION_CONTEXT() REPRESENTATION_CONTEXT('2D SPACE',''
  ) );
#5390 = PCURVE('',#5391,#5396);
#5391 = CYLINDRICAL_SURFACE('',#5392,6.);
#5392 = AXIS2_PLACEMENT_3D('',#5393,#5394,#5395);
#5393 = CARTESIAN_POINT('',(-36.5,1.215694211965E-14,0.));
#5394 = DIRECTION('',(-1.,3.330669073875E-16,-0.));
#5395 = DIRECTION('',(-3.330669073875E-16,-1.,0.));
#5396 = DEFINITIONAL_REPRESENTATION('',(#5397),#5401);
#5397 = LINE('',#5398,#5399);
#5398 = CARTESIAN_POINT('',(3.14159265359,0.));
#5399 = VECTOR('',#5400,1.);
#5400 = DIRECTION('',(0.,1.));
#5401 = ( GEOMETRIC_REPRESENTATION_CONTEXT(2) 
PARAMETRIC_REPRESENTATION_CONTEXT() REPRESENTATION_CONTEXT('2D SPACE',''
  ) );
#5402 = ORIENTED_EDGE('',*,*,#5403,.T.);
#5403 = EDGE_CURVE('',#5376,#5404,#5406,.T.);
#5404 = VERTEX_POINT('',#5405);
#5405 = CARTESIAN_POINT('',(-31.81250000136,-6.,0.));
#5406 = SURFACE_CURVE('',#5407,(#5415,#5444),.PCURVE_S1.);
#5407 = ( BOUNDED_CURVE() B_SPLINE_CURVE(2,(#5408,#5409,#5410,#5411,
#5412,#5413,#5414),.UNSPECIFIED.,.F.,.F.) B_SPLINE_CURVE_WITH_KNOTS((3,2
    ,2,3),(0.38,0.386666666667,0.393333333333,0.4),
.PIECEWISE_BEZIER_KNOTS.) CURVE() GEOMETRIC_REPRESENTATION_ITEM() 
RATIONAL_B_SPLINE_CURVE((1.,0.866025403784,1.,0.866025403784,1.,
0.866025403784,1.)) REPRESENTATION_ITEM('') );
#5408 = CARTESIAN_POINT('',(-32.06250000136,6.,-7.347880794884E-16));
#5409 = CARTESIAN_POINT('',(-32.02083333469,6.,3.464101615138));
#5410 = CARTESIAN_POINT('',(-31.97916666803,3.,5.196152422707));
#5411 = CARTESIAN_POINT('',(-31.93750000136,1.191001464161E-14,
    6.928203230276));
#5412 = CARTESIAN_POINT('',(-31.89583333469,-3.,5.196152422707));
#5413 = CARTESIAN_POINT('',(-31.85416666803,-6.,3.464101615138));
#5414 = CARTESIAN_POINT('',(-31.81250000136,-6.,0.));
#5415 = PCURVE('',#5334,#5416);
#5416 = DEFINITIONAL_REPRESENTATION('',(#5417),#5443);
#5417 = B_SPLINE_CURVE_WITH_KNOTS('',3,(#5418,#5419,#5420,#5421,#5422,
    #5423,#5424,#5425,#5426,#5427,#5428,#5429,#5430,#5431,#5432,#5433,
    #5434,#5435,#5436,#5437,#5438,#5439,#5440,#5441,#5442),
  .UNSPECIFIED.,.F.,.F.,(4,1,1,1,1,1,1,1,1,1,1,1,1,1,1,1,1,1,1,1,1,1,4),
  (0.38,0.380909090909,0.381818181818,0.382727272727,0.383636363636,
    0.384545454545,0.385454545455,0.386363636364,0.387272727273,
    0.388181818182,0.389090909091,0.39,0.390909090909,0.391818181818,
    0.392727272727,0.393636363636,0.394545454545,0.395454545455,
    0.396363636364,0.397272727273,0.398181818182,0.399090909091,0.4),
  .QUASI_UNIFORM_KNOTS.);
#5418 = CARTESIAN_POINT('',(3.14159265359,-4.437499998634));
#5419 = CARTESIAN_POINT('',(3.096155343903,-4.440773712753));
#5420 = CARTESIAN_POINT('',(3.003553149791,-4.447725006384));
#5421 = CARTESIAN_POINT('',(2.860815406578,-4.459059313455));
#5422 = CARTESIAN_POINT('',(2.71552633536,-4.471022948624));
#5423 = CARTESIAN_POINT('',(2.569197078639,-4.483246204748));
#5424 = CARTESIAN_POINT('',(2.423398202367,-4.495336796545));
#5425 = CARTESIAN_POINT('',(2.279619754427,-4.506926333003));
#5426 = CARTESIAN_POINT('',(2.139420152995,-4.517653432606));
#5427 = CARTESIAN_POINT('',(2.003420728269,-4.527405984289));
#5428 = CARTESIAN_POINT('',(1.861476954096,-4.538545021285));
#5429 = CARTESIAN_POINT('',(1.716968322946,-4.550316524145));
#5430 = CARTESIAN_POINT('',(1.570796326795,-4.562499998634));
#5431 = CARTESIAN_POINT('',(1.424624330644,-4.574683473124));
#5432 = CARTESIAN_POINT('',(1.280115699493,-4.586454975984));
#5433 = CARTESIAN_POINT('',(1.138171925321,-4.59759401298));
#5434 = CARTESIAN_POINT('',(1.002172500595,-4.607346564663));
#5435 = CARTESIAN_POINT('',(0.861972899163,-4.618073664266));
#5436 = CARTESIAN_POINT('',(0.718194451223,-4.629663200723));
#5437 = CARTESIAN_POINT('',(0.57239557495,-4.64175379252));
#5438 = CARTESIAN_POINT('',(0.426066318229,-4.653977048645));
#5439 = CARTESIAN_POINT('',(0.280777247012,-4.665940683814));
#5440 = CARTESIAN_POINT('',(0.138039503798,-4.677274990885));
#5441 = CARTESIAN_POINT('',(4.543730968641E-02,-4.684226284516));
#5442 = CARTESIAN_POINT('',(0.,-4.687499998634));
#5443 = ( GEOMETRIC_REPRESENTATION_CONTEXT(2) 
PARAMETRIC_REPRESENTATION_CONTEXT() REPRESENTATION_CONTEXT('2D SPACE',''
  ) );
#5444 = PCURVE('',#1421,#5445);
#5445 = DEFINITIONAL_REPRESENTATION('',(#5446),#5450);
#5446 = LINE('',#5447,#5448);
#5447 = CARTESIAN_POINT('',(-4.583132647267E-14,0.));
#5448 = VECTOR('',#5449,1.);
#5449 = DIRECTION('',(1.233205432303E-13,1.));
#5450 = ( GEOMETRIC_REPRESENTATION_CONTEXT(2) 
PARAMETRIC_REPRESENTATION_CONTEXT() REPRESENTATION_CONTEXT('2D SPACE',''
  ) );
#5451 = ORIENTED_EDGE('',*,*,#5452,.F.);
#5452 = EDGE_CURVE('',#5322,#5404,#5453,.T.);
#5453 = SURFACE_CURVE('',#5454,(#5458,#5465),.PCURVE_S1.);
#5454 = LINE('',#5455,#5456);
#5455 = CARTESIAN_POINT('',(-36.5,-6.,0.));
#5456 = VECTOR('',#5457,1.);
#5457 = DIRECTION('',(-1.,3.330669073875E-16,-0.));
#5458 = PCURVE('',#5334,#5459);
#5459 = DEFINITIONAL_REPRESENTATION('',(#5460),#5464);
#5460 = LINE('',#5461,#5462);
#5461 = CARTESIAN_POINT('',(0.,0.));
#5462 = VECTOR('',#5463,1.);
#5463 = DIRECTION('',(0.,1.));
#5464 = ( GEOMETRIC_REPRESENTATION_CONTEXT(2) 
PARAMETRIC_REPRESENTATION_CONTEXT() REPRESENTATION_CONTEXT('2D SPACE',''
  ) );
#5465 = PCURVE('',#5234,#5466);
#5466 = DEFINITIONAL_REPRESENTATION('',(#5467),#5471);
#5467 = LINE('',#5468,#5469);
#5468 = CARTESIAN_POINT('',(6.28318530718,0.));
#5469 = VECTOR('',#5470,1.);
#5470 = DIRECTION('',(0.,1.));
#5471 = ( GEOMETRIC_REPRESENTATION_CONTEXT(2) 
PARAMETRIC_REPRESENTATION_CONTEXT() REPRESENTATION_CONTEXT('2D SPACE',''
  ) );
#5472 = ADVANCED_FACE('',(#5473),#5491,.T.);
#5473 = FACE_BOUND('',#5474,.T.);
#5474 = EDGE_LOOP('',(#5475,#5531,#5559,#5608));
#5475 = ORIENTED_EDGE('',*,*,#5476,.F.);
#5476 = EDGE_CURVE('',#5477,#5479,#5481,.T.);
#5477 = VERTEX_POINT('',#5478);
#5478 = CARTESIAN_POINT('',(-32.5,6.,-7.347880794884E-16));
#5479 = VERTEX_POINT('',#5480);
#5480 = CARTESIAN_POINT('',(-32.25,-6.,0.));
#5481 = SURFACE_CURVE('',#5482,(#5490,#5524),.PCURVE_S1.);
#5482 = ( BOUNDED_CURVE() B_SPLINE_CURVE(2,(#5483,#5484,#5485,#5486,
#5487,#5488,#5489),.UNSPECIFIED.,.F.,.F.) B_SPLINE_CURVE_WITH_KNOTS((3,2
    ,2,3),(0.38,0.386666666667,0.393333333333,0.4),
.PIECEWISE_BEZIER_KNOTS.) CURVE() GEOMETRIC_REPRESENTATION_ITEM() 
RATIONAL_B_SPLINE_CURVE((1.,0.866025403784,1.,0.866025403784,1.,
0.866025403784,1.)) REPRESENTATION_ITEM('') );
#5483 = CARTESIAN_POINT('',(-32.5,6.,-7.347880794884E-16));
#5484 = CARTESIAN_POINT('',(-32.45833333333,6.,3.464101615138));
#5485 = CARTESIAN_POINT('',(-32.41666666666,3.,5.196152422707));
#5486 = CARTESIAN_POINT('',(-32.375,1.205573141314E-14,6.928203230276));
#5487 = CARTESIAN_POINT('',(-32.33333333333,-3.,5.196152422707));
#5488 = CARTESIAN_POINT('',(-32.29166666666,-6.,3.464101615138));
#5489 = CARTESIAN_POINT('',(-32.25,-6.,0.));
#5490 = PCURVE('',#5491,#5496);
#5491 = CYLINDRICAL_SURFACE('',#5492,6.);
#5492 = AXIS2_PLACEMENT_3D('',#5493,#5494,#5495);
#5493 = CARTESIAN_POINT('',(-36.5,1.215694211965E-14,0.));
#5494 = DIRECTION('',(-1.,3.330669073875E-16,-0.));
#5495 = DIRECTION('',(-3.330669073875E-16,-1.,0.));
#5496 = DEFINITIONAL_REPRESENTATION('',(#5497),#5523);
#5497 = B_SPLINE_CURVE_WITH_KNOTS('',3,(#5498,#5499,#5500,#5501,#5502,
    #5503,#5504,#5505,#5506,#5507,#5508,#5509,#5510,#5511,#5512,#5513,
    #5514,#5515,#5516,#5517,#5518,#5519,#5520,#5521,#5522),
  .UNSPECIFIED.,.F.,.F.,(4,1,1,1,1,1,1,1,1,1,1,1,1,1,1,1,1,1,1,1,1,1,4),
  (0.38,0.380909090909,0.381818181818,0.382727272727,0.383636363636,
    0.384545454545,0.385454545455,0.386363636364,0.387272727273,
    0.388181818182,0.389090909091,0.39,0.390909090909,0.391818181818,
    0.392727272727,0.393636363636,0.394545454545,0.395454545455,
    0.396363636364,0.397272727273,0.398181818182,0.399090909091,0.4),
  .QUASI_UNIFORM_KNOTS.);
#5498 = CARTESIAN_POINT('',(3.14159265359,-4.));
#5499 = CARTESIAN_POINT('',(3.096155343903,-4.003273714118));
#5500 = CARTESIAN_POINT('',(3.003553149791,-4.01022500775));
#5501 = CARTESIAN_POINT('',(2.860815406578,-4.021559314821));
#5502 = CARTESIAN_POINT('',(2.71552633536,-4.033522949989));
#5503 = CARTESIAN_POINT('',(2.569197078639,-4.045746206114));
#5504 = CARTESIAN_POINT('',(2.423398202367,-4.057836797911));
#5505 = CARTESIAN_POINT('',(2.279619754427,-4.069426334368));
#5506 = CARTESIAN_POINT('',(2.139420152995,-4.080153433971));
#5507 = CARTESIAN_POINT('',(2.003420728269,-4.089905985654));
#5508 = CARTESIAN_POINT('',(1.861476954096,-4.10104502265));
#5509 = CARTESIAN_POINT('',(1.716968322946,-4.11281652551));
#5510 = CARTESIAN_POINT('',(1.570796326795,-4.125));
#5511 = CARTESIAN_POINT('',(1.424624330644,-4.13718347449));
#5512 = CARTESIAN_POINT('',(1.280115699493,-4.14895497735));
#5513 = CARTESIAN_POINT('',(1.138171925321,-4.160094014345));
#5514 = CARTESIAN_POINT('',(1.002172500595,-4.169846566029));
#5515 = CARTESIAN_POINT('',(0.861972899163,-4.180573665632));
#5516 = CARTESIAN_POINT('',(0.718194451223,-4.192163202089));
#5517 = CARTESIAN_POINT('',(0.57239557495,-4.204253793886));
#5518 = CARTESIAN_POINT('',(0.426066318229,-4.216477050011));
#5519 = CARTESIAN_POINT('',(0.280777247012,-4.228440685179));
#5520 = CARTESIAN_POINT('',(0.138039503798,-4.23977499225));
#5521 = CARTESIAN_POINT('',(4.543730968641E-02,-4.246726285882));
#5522 = CARTESIAN_POINT('',(0.,-4.25));
#5523 = ( GEOMETRIC_REPRESENTATION_CONTEXT(2) 
PARAMETRIC_REPRESENTATION_CONTEXT() REPRESENTATION_CONTEXT('2D SPACE',''
  ) );
#5524 = PCURVE('',#2216,#5525);
#5525 = DEFINITIONAL_REPRESENTATION('',(#5526),#5530);
#5526 = LINE('',#5527,#5528);
#5527 = CARTESIAN_POINT('',(1.,0.));
#5528 = VECTOR('',#5529,1.);
#5529 = DIRECTION('',(2.22044604925E-14,1.));
#5530 = ( GEOMETRIC_REPRESENTATION_CONTEXT(2) 
PARAMETRIC_REPRESENTATION_CONTEXT() REPRESENTATION_CONTEXT('2D SPACE',''
  ) );
#5531 = ORIENTED_EDGE('',*,*,#5532,.T.);
#5532 = EDGE_CURVE('',#5477,#5533,#5535,.T.);
#5533 = VERTEX_POINT('',#5534);
#5534 = CARTESIAN_POINT('',(-32.56250000136,6.,-7.347880794884E-16));
#5535 = SURFACE_CURVE('',#5536,(#5540,#5547),.PCURVE_S1.);
#5536 = LINE('',#5537,#5538);
#5537 = CARTESIAN_POINT('',(-36.5,6.,7.347880794884E-16));
#5538 = VECTOR('',#5539,1.);
#5539 = DIRECTION('',(-1.,3.330669073875E-16,-0.));
#5540 = PCURVE('',#5491,#5541);
#5541 = DEFINITIONAL_REPRESENTATION('',(#5542),#5546);
#5542 = LINE('',#5543,#5544);
#5543 = CARTESIAN_POINT('',(3.14159265359,0.));
#5544 = VECTOR('',#5545,1.);
#5545 = DIRECTION('',(0.,1.));
#5546 = ( GEOMETRIC_REPRESENTATION_CONTEXT(2) 
PARAMETRIC_REPRESENTATION_CONTEXT() REPRESENTATION_CONTEXT('2D SPACE',''
  ) );
#5547 = PCURVE('',#5548,#5553);
#5548 = CYLINDRICAL_SURFACE('',#5549,6.);
#5549 = AXIS2_PLACEMENT_3D('',#5550,#5551,#5552);
#5550 = CARTESIAN_POINT('',(-36.5,1.215694211965E-14,0.));
#5551 = DIRECTION('',(-1.,3.330669073875E-16,-0.));
#5552 = DIRECTION('',(-3.330669073875E-16,-1.,0.));
#5553 = DEFINITIONAL_REPRESENTATION('',(#5554),#5558);
#5554 = LINE('',#5555,#5556);
#5555 = CARTESIAN_POINT('',(3.14159265359,0.));
#5556 = VECTOR('',#5557,1.);
#5557 = DIRECTION('',(0.,1.));
#5558 = ( GEOMETRIC_REPRESENTATION_CONTEXT(2) 
PARAMETRIC_REPRESENTATION_CONTEXT() REPRESENTATION_CONTEXT('2D SPACE',''
  ) );
#5559 = ORIENTED_EDGE('',*,*,#5560,.T.);
#5560 = EDGE_CURVE('',#5533,#5561,#5563,.T.);
#5561 = VERTEX_POINT('',#5562);
#5562 = CARTESIAN_POINT('',(-32.31250000136,-6.,0.));
#5563 = SURFACE_CURVE('',#5564,(#5572,#5601),.PCURVE_S1.);
#5564 = ( BOUNDED_CURVE() B_SPLINE_CURVE(2,(#5565,#5566,#5567,#5568,
#5569,#5570,#5571),.UNSPECIFIED.,.F.,.F.) B_SPLINE_CURVE_WITH_KNOTS((3,2
    ,2,3),(0.34,0.346666666667,0.353333333333,0.36),
.PIECEWISE_BEZIER_KNOTS.) CURVE() GEOMETRIC_REPRESENTATION_ITEM() 
RATIONAL_B_SPLINE_CURVE((1.,0.866025403784,1.,0.866025403784,1.,
0.866025403784,1.)) REPRESENTATION_ITEM('') );
#5565 = CARTESIAN_POINT('',(-32.56250000136,6.,-7.347880794884E-16));
#5566 = CARTESIAN_POINT('',(-32.52083333469,6.,3.464101615138));
#5567 = CARTESIAN_POINT('',(-32.47916666803,3.,5.196152422707));
#5568 = CARTESIAN_POINT('',(-32.43750000136,1.207654809531E-14,
    6.928203230276));
#5569 = CARTESIAN_POINT('',(-32.39583333469,-3.,5.196152422707));
#5570 = CARTESIAN_POINT('',(-32.35416666803,-6.,3.464101615138));
#5571 = CARTESIAN_POINT('',(-32.31250000136,-6.,0.));
#5572 = PCURVE('',#5491,#5573);
#5573 = DEFINITIONAL_REPRESENTATION('',(#5574),#5600);
#5574 = B_SPLINE_CURVE_WITH_KNOTS('',3,(#5575,#5576,#5577,#5578,#5579,
    #5580,#5581,#5582,#5583,#5584,#5585,#5586,#5587,#5588,#5589,#5590,
    #5591,#5592,#5593,#5594,#5595,#5596,#5597,#5598,#5599),
  .UNSPECIFIED.,.F.,.F.,(4,1,1,1,1,1,1,1,1,1,1,1,1,1,1,1,1,1,1,1,1,1,4),
  (0.34,0.340909090909,0.341818181818,0.342727272727,0.343636363636,
    0.344545454545,0.345454545455,0.346363636364,0.347272727273,
    0.348181818182,0.349090909091,0.35,0.350909090909,0.351818181818,
    0.352727272727,0.353636363636,0.354545454545,0.355454545455,
    0.356363636364,0.357272727273,0.358181818182,0.359090909091,0.36),
  .QUASI_UNIFORM_KNOTS.);
#5575 = CARTESIAN_POINT('',(3.14159265359,-3.937499998634));
#5576 = CARTESIAN_POINT('',(3.096155343903,-3.940773712753));
#5577 = CARTESIAN_POINT('',(3.003553149791,-3.947725006384));
#5578 = CARTESIAN_POINT('',(2.860815406578,-3.959059313455));
#5579 = CARTESIAN_POINT('',(2.71552633536,-3.971022948624));
#5580 = CARTESIAN_POINT('',(2.569197078639,-3.983246204748));
#5581 = CARTESIAN_POINT('',(2.423398202367,-3.995336796545));
#5582 = CARTESIAN_POINT('',(2.279619754427,-4.006926333003));
#5583 = CARTESIAN_POINT('',(2.139420152995,-4.017653432606));
#5584 = CARTESIAN_POINT('',(2.003420728269,-4.027405984289));
#5585 = CARTESIAN_POINT('',(1.861476954096,-4.038545021285));
#5586 = CARTESIAN_POINT('',(1.716968322946,-4.050316524145));
#5587 = CARTESIAN_POINT('',(1.570796326795,-4.062499998634));
#5588 = CARTESIAN_POINT('',(1.424624330644,-4.074683473124));
#5589 = CARTESIAN_POINT('',(1.280115699493,-4.086454975984));
#5590 = CARTESIAN_POINT('',(1.138171925321,-4.09759401298));
#5591 = CARTESIAN_POINT('',(1.002172500595,-4.107346564663));
#5592 = CARTESIAN_POINT('',(0.861972899163,-4.118073664266));
#5593 = CARTESIAN_POINT('',(0.718194451223,-4.129663200723));
#5594 = CARTESIAN_POINT('',(0.57239557495,-4.14175379252));
#5595 = CARTESIAN_POINT('',(0.426066318229,-4.153977048645));
#5596 = CARTESIAN_POINT('',(0.280777247012,-4.165940683814));
#5597 = CARTESIAN_POINT('',(0.138039503798,-4.177274990885));
#5598 = CARTESIAN_POINT('',(4.543730968641E-02,-4.184226284516));
#5599 = CARTESIAN_POINT('',(0.,-4.187499998634));
#5600 = ( GEOMETRIC_REPRESENTATION_CONTEXT(2) 
PARAMETRIC_REPRESENTATION_CONTEXT() REPRESENTATION_CONTEXT('2D SPACE',''
  ) );
#5601 = PCURVE('',#1421,#5602);
#5602 = DEFINITIONAL_REPRESENTATION('',(#5603),#5607);
#5603 = LINE('',#5604,#5605);
#5604 = CARTESIAN_POINT('',(3.186969748845E-14,1.110223024625E-16));
#5605 = VECTOR('',#5606,1.);
#5606 = DIRECTION('',(-9.065451286083E-14,1.));
#5607 = ( GEOMETRIC_REPRESENTATION_CONTEXT(2) 
PARAMETRIC_REPRESENTATION_CONTEXT() REPRESENTATION_CONTEXT('2D SPACE',''
  ) );
#5608 = ORIENTED_EDGE('',*,*,#5609,.F.);
#5609 = EDGE_CURVE('',#5479,#5561,#5610,.T.);
#5610 = SURFACE_CURVE('',#5611,(#5615,#5622),.PCURVE_S1.);
#5611 = LINE('',#5612,#5613);
#5612 = CARTESIAN_POINT('',(-36.5,-6.,0.));
#5613 = VECTOR('',#5614,1.);
#5614 = DIRECTION('',(-1.,3.330669073875E-16,-0.));
#5615 = PCURVE('',#5491,#5616);
#5616 = DEFINITIONAL_REPRESENTATION('',(#5617),#5621);
#5617 = LINE('',#5618,#5619);
#5618 = CARTESIAN_POINT('',(0.,0.));
#5619 = VECTOR('',#5620,1.);
#5620 = DIRECTION('',(0.,1.));
#5621 = ( GEOMETRIC_REPRESENTATION_CONTEXT(2) 
PARAMETRIC_REPRESENTATION_CONTEXT() REPRESENTATION_CONTEXT('2D SPACE',''
  ) );
#5622 = PCURVE('',#5391,#5623);
#5623 = DEFINITIONAL_REPRESENTATION('',(#5624),#5628);
#5624 = LINE('',#5625,#5626);
#5625 = CARTESIAN_POINT('',(6.28318530718,0.));
#5626 = VECTOR('',#5627,1.);
#5627 = DIRECTION('',(0.,1.));
#5628 = ( GEOMETRIC_REPRESENTATION_CONTEXT(2) 
PARAMETRIC_REPRESENTATION_CONTEXT() REPRESENTATION_CONTEXT('2D SPACE',''
  ) );
#5629 = ADVANCED_FACE('',(#5630),#5648,.T.);
#5630 = FACE_BOUND('',#5631,.T.);
#5631 = EDGE_LOOP('',(#5632,#5688,#5716,#5765));
#5632 = ORIENTED_EDGE('',*,*,#5633,.F.);
#5633 = EDGE_CURVE('',#5634,#5636,#5638,.T.);
#5634 = VERTEX_POINT('',#5635);
#5635 = CARTESIAN_POINT('',(-33.,6.,-7.347880794884E-16));
#5636 = VERTEX_POINT('',#5637);
#5637 = CARTESIAN_POINT('',(-32.75,-6.,0.));
#5638 = SURFACE_CURVE('',#5639,(#5647,#5681),.PCURVE_S1.);
#5639 = ( BOUNDED_CURVE() B_SPLINE_CURVE(2,(#5640,#5641,#5642,#5643,
#5644,#5645,#5646),.UNSPECIFIED.,.F.,.F.) B_SPLINE_CURVE_WITH_KNOTS((3,2
    ,2,3),(0.34,0.346666666667,0.353333333333,0.36),
.PIECEWISE_BEZIER_KNOTS.) CURVE() GEOMETRIC_REPRESENTATION_ITEM() 
RATIONAL_B_SPLINE_CURVE((1.,0.866025403784,1.,0.866025403784,1.,
0.866025403784,1.)) REPRESENTATION_ITEM('') );
#5640 = CARTESIAN_POINT('',(-33.,6.,-7.347880794884E-16));
#5641 = CARTESIAN_POINT('',(-32.95833333333,6.,3.464101615138));
#5642 = CARTESIAN_POINT('',(-32.91666666666,3.,5.196152422707));
#5643 = CARTESIAN_POINT('',(-32.875,1.222226486684E-14,6.928203230276));
#5644 = CARTESIAN_POINT('',(-32.83333333333,-3.,5.196152422707));
#5645 = CARTESIAN_POINT('',(-32.79166666666,-6.,3.464101615138));
#5646 = CARTESIAN_POINT('',(-32.75,-6.,0.));
#5647 = PCURVE('',#5648,#5653);
#5648 = CYLINDRICAL_SURFACE('',#5649,6.);
#5649 = AXIS2_PLACEMENT_3D('',#5650,#5651,#5652);
#5650 = CARTESIAN_POINT('',(-36.5,1.215694211965E-14,0.));
#5651 = DIRECTION('',(-1.,3.330669073875E-16,-0.));
#5652 = DIRECTION('',(-3.330669073875E-16,-1.,0.));
#5653 = DEFINITIONAL_REPRESENTATION('',(#5654),#5680);
#5654 = B_SPLINE_CURVE_WITH_KNOTS('',3,(#5655,#5656,#5657,#5658,#5659,
    #5660,#5661,#5662,#5663,#5664,#5665,#5666,#5667,#5668,#5669,#5670,
    #5671,#5672,#5673,#5674,#5675,#5676,#5677,#5678,#5679),
  .UNSPECIFIED.,.F.,.F.,(4,1,1,1,1,1,1,1,1,1,1,1,1,1,1,1,1,1,1,1,1,1,4),
  (0.34,0.340909090909,0.341818181818,0.342727272727,0.343636363636,
    0.344545454545,0.345454545455,0.346363636364,0.347272727273,
    0.348181818182,0.349090909091,0.35,0.350909090909,0.351818181818,
    0.352727272727,0.353636363636,0.354545454545,0.355454545455,
    0.356363636364,0.357272727273,0.358181818182,0.359090909091,0.36),
  .QUASI_UNIFORM_KNOTS.);
#5655 = CARTESIAN_POINT('',(3.14159265359,-3.5));
#5656 = CARTESIAN_POINT('',(3.096155343903,-3.503273714118));
#5657 = CARTESIAN_POINT('',(3.003553149791,-3.51022500775));
#5658 = CARTESIAN_POINT('',(2.860815406578,-3.521559314821));
#5659 = CARTESIAN_POINT('',(2.71552633536,-3.533522949989));
#5660 = CARTESIAN_POINT('',(2.569197078639,-3.545746206114));
#5661 = CARTESIAN_POINT('',(2.423398202367,-3.557836797911));
#5662 = CARTESIAN_POINT('',(2.279619754427,-3.569426334368));
#5663 = CARTESIAN_POINT('',(2.139420152995,-3.580153433971));
#5664 = CARTESIAN_POINT('',(2.003420728269,-3.589905985654));
#5665 = CARTESIAN_POINT('',(1.861476954096,-3.60104502265));
#5666 = CARTESIAN_POINT('',(1.716968322946,-3.61281652551));
#5667 = CARTESIAN_POINT('',(1.570796326795,-3.625));
#5668 = CARTESIAN_POINT('',(1.424624330644,-3.63718347449));
#5669 = CARTESIAN_POINT('',(1.280115699493,-3.64895497735));
#5670 = CARTESIAN_POINT('',(1.138171925321,-3.660094014345));
#5671 = CARTESIAN_POINT('',(1.002172500595,-3.669846566029));
#5672 = CARTESIAN_POINT('',(0.861972899163,-3.680573665632));
#5673 = CARTESIAN_POINT('',(0.718194451223,-3.692163202089));
#5674 = CARTESIAN_POINT('',(0.57239557495,-3.704253793886));
#5675 = CARTESIAN_POINT('',(0.426066318229,-3.716477050011));
#5676 = CARTESIAN_POINT('',(0.280777247012,-3.728440685179));
#5677 = CARTESIAN_POINT('',(0.138039503798,-3.73977499225));
#5678 = CARTESIAN_POINT('',(4.543730968641E-02,-3.746726285882));
#5679 = CARTESIAN_POINT('',(0.,-3.75));
#5680 = ( GEOMETRIC_REPRESENTATION_CONTEXT(2) 
PARAMETRIC_REPRESENTATION_CONTEXT() REPRESENTATION_CONTEXT('2D SPACE',''
  ) );
#5681 = PCURVE('',#2216,#5682);
#5682 = DEFINITIONAL_REPRESENTATION('',(#5683),#5687);
#5683 = LINE('',#5684,#5685);
#5684 = CARTESIAN_POINT('',(1.,1.110223024625E-16));
#5685 = VECTOR('',#5686,1.);
#5686 = DIRECTION('',(-1.221245327088E-13,1.));
#5687 = ( GEOMETRIC_REPRESENTATION_CONTEXT(2) 
PARAMETRIC_REPRESENTATION_CONTEXT() REPRESENTATION_CONTEXT('2D SPACE',''
  ) );
#5688 = ORIENTED_EDGE('',*,*,#5689,.T.);
#5689 = EDGE_CURVE('',#5634,#5690,#5692,.T.);
#5690 = VERTEX_POINT('',#5691);
#5691 = CARTESIAN_POINT('',(-33.06250000136,6.,-7.347880794884E-16));
#5692 = SURFACE_CURVE('',#5693,(#5697,#5704),.PCURVE_S1.);
#5693 = LINE('',#5694,#5695);
#5694 = CARTESIAN_POINT('',(-36.5,6.,7.347880794884E-16));
#5695 = VECTOR('',#5696,1.);
#5696 = DIRECTION('',(-1.,3.330669073875E-16,-0.));
#5697 = PCURVE('',#5648,#5698);
#5698 = DEFINITIONAL_REPRESENTATION('',(#5699),#5703);
#5699 = LINE('',#5700,#5701);
#5700 = CARTESIAN_POINT('',(3.14159265359,0.));
#5701 = VECTOR('',#5702,1.);
#5702 = DIRECTION('',(0.,1.));
#5703 = ( GEOMETRIC_REPRESENTATION_CONTEXT(2) 
PARAMETRIC_REPRESENTATION_CONTEXT() REPRESENTATION_CONTEXT('2D SPACE',''
  ) );
#5704 = PCURVE('',#5705,#5710);
#5705 = CYLINDRICAL_SURFACE('',#5706,6.);
#5706 = AXIS2_PLACEMENT_3D('',#5707,#5708,#5709);
#5707 = CARTESIAN_POINT('',(-36.5,1.215694211965E-14,0.));
#5708 = DIRECTION('',(-1.,3.330669073875E-16,-0.));
#5709 = DIRECTION('',(-3.330669073875E-16,-1.,0.));
#5710 = DEFINITIONAL_REPRESENTATION('',(#5711),#5715);
#5711 = LINE('',#5712,#5713);
#5712 = CARTESIAN_POINT('',(3.14159265359,0.));
#5713 = VECTOR('',#5714,1.);
#5714 = DIRECTION('',(0.,1.));
#5715 = ( GEOMETRIC_REPRESENTATION_CONTEXT(2) 
PARAMETRIC_REPRESENTATION_CONTEXT() REPRESENTATION_CONTEXT('2D SPACE',''
  ) );
#5716 = ORIENTED_EDGE('',*,*,#5717,.T.);
#5717 = EDGE_CURVE('',#5690,#5718,#5720,.T.);
#5718 = VERTEX_POINT('',#5719);
#5719 = CARTESIAN_POINT('',(-32.81250000136,-6.,0.));
#5720 = SURFACE_CURVE('',#5721,(#5729,#5758),.PCURVE_S1.);
#5721 = ( BOUNDED_CURVE() B_SPLINE_CURVE(2,(#5722,#5723,#5724,#5725,
#5726,#5727,#5728),.UNSPECIFIED.,.F.,.F.) B_SPLINE_CURVE_WITH_KNOTS((3,2
    ,2,3),(0.3,0.306666666667,0.313333333333,0.32),
.PIECEWISE_BEZIER_KNOTS.) CURVE() GEOMETRIC_REPRESENTATION_ITEM() 
RATIONAL_B_SPLINE_CURVE((1.,0.866025403784,1.,0.866025403784,1.,
0.866025403784,1.)) REPRESENTATION_ITEM('') );
#5722 = CARTESIAN_POINT('',(-33.06250000136,6.,-7.347880794884E-16));
#5723 = CARTESIAN_POINT('',(-33.02083333469,6.,3.464101615138));
#5724 = CARTESIAN_POINT('',(-32.97916666803,3.,5.196152422707));
#5725 = CARTESIAN_POINT('',(-32.93750000136,1.2243081549E-14,
    6.928203230276));
#5726 = CARTESIAN_POINT('',(-32.89583333469,-3.,5.196152422707));
#5727 = CARTESIAN_POINT('',(-32.85416666803,-6.,3.464101615138));
#5728 = CARTESIAN_POINT('',(-32.81250000136,-6.,0.));
#5729 = PCURVE('',#5648,#5730);
#5730 = DEFINITIONAL_REPRESENTATION('',(#5731),#5757);
#5731 = B_SPLINE_CURVE_WITH_KNOTS('',3,(#5732,#5733,#5734,#5735,#5736,
    #5737,#5738,#5739,#5740,#5741,#5742,#5743,#5744,#5745,#5746,#5747,
    #5748,#5749,#5750,#5751,#5752,#5753,#5754,#5755,#5756),
  .UNSPECIFIED.,.F.,.F.,(4,1,1,1,1,1,1,1,1,1,1,1,1,1,1,1,1,1,1,1,1,1,4),
  (0.3,0.300909090909,0.301818181818,0.302727272727,0.303636363636,
    0.304545454545,0.305454545455,0.306363636364,0.307272727273,
    0.308181818182,0.309090909091,0.31,0.310909090909,0.311818181818,
    0.312727272727,0.313636363636,0.314545454545,0.315454545455,
    0.316363636364,0.317272727273,0.318181818182,0.319090909091,0.32),
  .QUASI_UNIFORM_KNOTS.);
#5732 = CARTESIAN_POINT('',(3.14159265359,-3.437499998634));
#5733 = CARTESIAN_POINT('',(3.096155343903,-3.440773712753));
#5734 = CARTESIAN_POINT('',(3.003553149791,-3.447725006384));
#5735 = CARTESIAN_POINT('',(2.860815406578,-3.459059313455));
#5736 = CARTESIAN_POINT('',(2.71552633536,-3.471022948624));
#5737 = CARTESIAN_POINT('',(2.569197078639,-3.483246204748));
#5738 = CARTESIAN_POINT('',(2.423398202367,-3.495336796545));
#5739 = CARTESIAN_POINT('',(2.279619754427,-3.506926333003));
#5740 = CARTESIAN_POINT('',(2.139420152995,-3.517653432606));
#5741 = CARTESIAN_POINT('',(2.003420728269,-3.527405984289));
#5742 = CARTESIAN_POINT('',(1.861476954096,-3.538545021285));
#5743 = CARTESIAN_POINT('',(1.716968322946,-3.550316524145));
#5744 = CARTESIAN_POINT('',(1.570796326795,-3.562499998634));
#5745 = CARTESIAN_POINT('',(1.424624330644,-3.574683473124));
#5746 = CARTESIAN_POINT('',(1.280115699493,-3.586454975984));
#5747 = CARTESIAN_POINT('',(1.138171925321,-3.59759401298));
#5748 = CARTESIAN_POINT('',(1.002172500595,-3.607346564663));
#5749 = CARTESIAN_POINT('',(0.861972899163,-3.618073664266));
#5750 = CARTESIAN_POINT('',(0.718194451223,-3.629663200723));
#5751 = CARTESIAN_POINT('',(0.57239557495,-3.64175379252));
#5752 = CARTESIAN_POINT('',(0.426066318229,-3.653977048645));
#5753 = CARTESIAN_POINT('',(0.280777247012,-3.665940683814));
#5754 = CARTESIAN_POINT('',(0.138039503798,-3.677274990885));
#5755 = CARTESIAN_POINT('',(4.543730968641E-02,-3.684226284516));
#5756 = CARTESIAN_POINT('',(0.,-3.687499998634));
#5757 = ( GEOMETRIC_REPRESENTATION_CONTEXT(2) 
PARAMETRIC_REPRESENTATION_CONTEXT() REPRESENTATION_CONTEXT('2D SPACE',''
  ) );
#5758 = PCURVE('',#1421,#5759);
#5759 = DEFINITIONAL_REPRESENTATION('',(#5760),#5764);
#5760 = LINE('',#5761,#5762);
#5761 = CARTESIAN_POINT('',(1.175184353042E-14,0.));
#5762 = VECTOR('',#5763,1.);
#5763 = DIRECTION('',(-3.568244874921E-14,1.));
#5764 = ( GEOMETRIC_REPRESENTATION_CONTEXT(2) 
PARAMETRIC_REPRESENTATION_CONTEXT() REPRESENTATION_CONTEXT('2D SPACE',''
  ) );
#5765 = ORIENTED_EDGE('',*,*,#5766,.F.);
#5766 = EDGE_CURVE('',#5636,#5718,#5767,.T.);
#5767 = SURFACE_CURVE('',#5768,(#5772,#5779),.PCURVE_S1.);
#5768 = LINE('',#5769,#5770);
#5769 = CARTESIAN_POINT('',(-36.5,-6.,0.));
#5770 = VECTOR('',#5771,1.);
#5771 = DIRECTION('',(-1.,3.330669073875E-16,-0.));
#5772 = PCURVE('',#5648,#5773);
#5773 = DEFINITIONAL_REPRESENTATION('',(#5774),#5778);
#5774 = LINE('',#5775,#5776);
#5775 = CARTESIAN_POINT('',(0.,0.));
#5776 = VECTOR('',#5777,1.);
#5777 = DIRECTION('',(0.,1.));
#5778 = ( GEOMETRIC_REPRESENTATION_CONTEXT(2) 
PARAMETRIC_REPRESENTATION_CONTEXT() REPRESENTATION_CONTEXT('2D SPACE',''
  ) );
#5779 = PCURVE('',#5548,#5780);
#5780 = DEFINITIONAL_REPRESENTATION('',(#5781),#5785);
#5781 = LINE('',#5782,#5783);
#5782 = CARTESIAN_POINT('',(6.28318530718,0.));
#5783 = VECTOR('',#5784,1.);
#5784 = DIRECTION('',(0.,1.));
#5785 = ( GEOMETRIC_REPRESENTATION_CONTEXT(2) 
PARAMETRIC_REPRESENTATION_CONTEXT() REPRESENTATION_CONTEXT('2D SPACE',''
  ) );
#5786 = ADVANCED_FACE('',(#5787),#5805,.T.);
#5787 = FACE_BOUND('',#5788,.T.);
#5788 = EDGE_LOOP('',(#5789,#5845,#5873,#5922));
#5789 = ORIENTED_EDGE('',*,*,#5790,.F.);
#5790 = EDGE_CURVE('',#5791,#5793,#5795,.T.);
#5791 = VERTEX_POINT('',#5792);
#5792 = CARTESIAN_POINT('',(-33.5,6.,-7.347880794884E-16));
#5793 = VERTEX_POINT('',#5794);
#5794 = CARTESIAN_POINT('',(-33.25,-6.,0.));
#5795 = SURFACE_CURVE('',#5796,(#5804,#5838),.PCURVE_S1.);
#5796 = ( BOUNDED_CURVE() B_SPLINE_CURVE(2,(#5797,#5798,#5799,#5800,
#5801,#5802,#5803),.UNSPECIFIED.,.F.,.F.) B_SPLINE_CURVE_WITH_KNOTS((3,2
    ,2,3),(0.3,0.306666666667,0.313333333333,0.32),
.PIECEWISE_BEZIER_KNOTS.) CURVE() GEOMETRIC_REPRESENTATION_ITEM() 
RATIONAL_B_SPLINE_CURVE((1.,0.866025403784,1.,0.866025403784,1.,
0.866025403784,1.)) REPRESENTATION_ITEM('') );
#5797 = CARTESIAN_POINT('',(-33.5,6.,-7.347880794884E-16));
#5798 = CARTESIAN_POINT('',(-33.45833333333,6.,3.464101615138));
#5799 = CARTESIAN_POINT('',(-33.41666666666,3.,5.196152422707));
#5800 = CARTESIAN_POINT('',(-33.375,1.238879832053E-14,6.928203230276));
#5801 = CARTESIAN_POINT('',(-33.33333333333,-3.,5.196152422707));
#5802 = CARTESIAN_POINT('',(-33.29166666666,-6.,3.464101615138));
#5803 = CARTESIAN_POINT('',(-33.25,-6.,0.));
#5804 = PCURVE('',#5805,#5810);
#5805 = CYLINDRICAL_SURFACE('',#5806,6.);
#5806 = AXIS2_PLACEMENT_3D('',#5807,#5808,#5809);
#5807 = CARTESIAN_POINT('',(-36.5,1.215694211965E-14,0.));
#5808 = DIRECTION('',(-1.,3.330669073875E-16,-0.));
#5809 = DIRECTION('',(-3.330669073875E-16,-1.,0.));
#5810 = DEFINITIONAL_REPRESENTATION('',(#5811),#5837);
#5811 = B_SPLINE_CURVE_WITH_KNOTS('',3,(#5812,#5813,#5814,#5815,#5816,
    #5817,#5818,#5819,#5820,#5821,#5822,#5823,#5824,#5825,#5826,#5827,
    #5828,#5829,#5830,#5831,#5832,#5833,#5834,#5835,#5836),
  .UNSPECIFIED.,.F.,.F.,(4,1,1,1,1,1,1,1,1,1,1,1,1,1,1,1,1,1,1,1,1,1,4),
  (0.3,0.300909090909,0.301818181818,0.302727272727,0.303636363636,
    0.304545454545,0.305454545455,0.306363636364,0.307272727273,
    0.308181818182,0.309090909091,0.31,0.310909090909,0.311818181818,
    0.312727272727,0.313636363636,0.314545454545,0.315454545455,
    0.316363636364,0.317272727273,0.318181818182,0.319090909091,0.32),
  .QUASI_UNIFORM_KNOTS.);
#5812 = CARTESIAN_POINT('',(3.14159265359,-3.));
#5813 = CARTESIAN_POINT('',(3.096155343903,-3.003273714118));
#5814 = CARTESIAN_POINT('',(3.003553149791,-3.01022500775));
#5815 = CARTESIAN_POINT('',(2.860815406578,-3.021559314821));
#5816 = CARTESIAN_POINT('',(2.71552633536,-3.033522949989));
#5817 = CARTESIAN_POINT('',(2.569197078639,-3.045746206114));
#5818 = CARTESIAN_POINT('',(2.423398202367,-3.057836797911));
#5819 = CARTESIAN_POINT('',(2.279619754427,-3.069426334368));
#5820 = CARTESIAN_POINT('',(2.139420152995,-3.080153433971));
#5821 = CARTESIAN_POINT('',(2.003420728269,-3.089905985654));
#5822 = CARTESIAN_POINT('',(1.861476954096,-3.10104502265));
#5823 = CARTESIAN_POINT('',(1.716968322946,-3.11281652551));
#5824 = CARTESIAN_POINT('',(1.570796326795,-3.125));
#5825 = CARTESIAN_POINT('',(1.424624330644,-3.13718347449));
#5826 = CARTESIAN_POINT('',(1.280115699493,-3.14895497735));
#5827 = CARTESIAN_POINT('',(1.138171925321,-3.160094014345));
#5828 = CARTESIAN_POINT('',(1.002172500595,-3.169846566029));
#5829 = CARTESIAN_POINT('',(0.861972899163,-3.180573665632));
#5830 = CARTESIAN_POINT('',(0.718194451223,-3.192163202089));
#5831 = CARTESIAN_POINT('',(0.57239557495,-3.204253793886));
#5832 = CARTESIAN_POINT('',(0.426066318229,-3.216477050011));
#5833 = CARTESIAN_POINT('',(0.280777247012,-3.228440685179));
#5834 = CARTESIAN_POINT('',(0.138039503798,-3.23977499225));
#5835 = CARTESIAN_POINT('',(4.543730968641E-02,-3.246726285882));
#5836 = CARTESIAN_POINT('',(0.,-3.25));
#5837 = ( GEOMETRIC_REPRESENTATION_CONTEXT(2) 
PARAMETRIC_REPRESENTATION_CONTEXT() REPRESENTATION_CONTEXT('2D SPACE',''
  ) );
#5838 = PCURVE('',#2216,#5839);
#5839 = DEFINITIONAL_REPRESENTATION('',(#5840),#5844);
#5840 = LINE('',#5841,#5842);
#5841 = CARTESIAN_POINT('',(1.,0.));
#5842 = VECTOR('',#5843,1.);
#5843 = DIRECTION('',(6.661338147751E-14,1.));
#5844 = ( GEOMETRIC_REPRESENTATION_CONTEXT(2) 
PARAMETRIC_REPRESENTATION_CONTEXT() REPRESENTATION_CONTEXT('2D SPACE',''
  ) );
#5845 = ORIENTED_EDGE('',*,*,#5846,.T.);
#5846 = EDGE_CURVE('',#5791,#5847,#5849,.T.);
#5847 = VERTEX_POINT('',#5848);
#5848 = CARTESIAN_POINT('',(-33.56250000136,6.,-7.347880794884E-16));
#5849 = SURFACE_CURVE('',#5850,(#5854,#5861),.PCURVE_S1.);
#5850 = LINE('',#5851,#5852);
#5851 = CARTESIAN_POINT('',(-36.5,6.,7.347880794884E-16));
#5852 = VECTOR('',#5853,1.);
#5853 = DIRECTION('',(-1.,3.330669073875E-16,-0.));
#5854 = PCURVE('',#5805,#5855);
#5855 = DEFINITIONAL_REPRESENTATION('',(#5856),#5860);
#5856 = LINE('',#5857,#5858);
#5857 = CARTESIAN_POINT('',(3.14159265359,0.));
#5858 = VECTOR('',#5859,1.);
#5859 = DIRECTION('',(0.,1.));
#5860 = ( GEOMETRIC_REPRESENTATION_CONTEXT(2) 
PARAMETRIC_REPRESENTATION_CONTEXT() REPRESENTATION_CONTEXT('2D SPACE',''
  ) );
#5861 = PCURVE('',#5862,#5867);
#5862 = CYLINDRICAL_SURFACE('',#5863,6.);
#5863 = AXIS2_PLACEMENT_3D('',#5864,#5865,#5866);
#5864 = CARTESIAN_POINT('',(-36.5,1.215694211965E-14,0.));
#5865 = DIRECTION('',(-1.,3.330669073875E-16,-0.));
#5866 = DIRECTION('',(-3.330669073875E-16,-1.,0.));
#5867 = DEFINITIONAL_REPRESENTATION('',(#5868),#5872);
#5868 = LINE('',#5869,#5870);
#5869 = CARTESIAN_POINT('',(3.14159265359,0.));
#5870 = VECTOR('',#5871,1.);
#5871 = DIRECTION('',(0.,1.));
#5872 = ( GEOMETRIC_REPRESENTATION_CONTEXT(2) 
PARAMETRIC_REPRESENTATION_CONTEXT() REPRESENTATION_CONTEXT('2D SPACE',''
  ) );
#5873 = ORIENTED_EDGE('',*,*,#5874,.T.);
#5874 = EDGE_CURVE('',#5847,#5875,#5877,.T.);
#5875 = VERTEX_POINT('',#5876);
#5876 = CARTESIAN_POINT('',(-33.31250000136,-6.,0.));
#5877 = SURFACE_CURVE('',#5878,(#5886,#5915),.PCURVE_S1.);
#5878 = ( BOUNDED_CURVE() B_SPLINE_CURVE(2,(#5879,#5880,#5881,#5882,
#5883,#5884,#5885),.UNSPECIFIED.,.F.,.F.) B_SPLINE_CURVE_WITH_KNOTS((3,2
    ,2,3),(0.26,0.266666666667,0.273333333333,0.28),
.PIECEWISE_BEZIER_KNOTS.) CURVE() GEOMETRIC_REPRESENTATION_ITEM() 
RATIONAL_B_SPLINE_CURVE((1.,0.866025403784,1.,0.866025403784,1.,
0.866025403784,1.)) REPRESENTATION_ITEM('') );
#5879 = CARTESIAN_POINT('',(-33.56250000136,6.,-7.347880794884E-16));
#5880 = CARTESIAN_POINT('',(-33.52083333469,6.,3.464101615138));
#5881 = CARTESIAN_POINT('',(-33.47916666803,3.,5.196152422707));
#5882 = CARTESIAN_POINT('',(-33.43750000136,1.24096150027E-14,
    6.928203230276));
#5883 = CARTESIAN_POINT('',(-33.39583333469,-3.,5.196152422707));
#5884 = CARTESIAN_POINT('',(-33.35416666803,-6.,3.464101615138));
#5885 = CARTESIAN_POINT('',(-33.31250000136,-6.,0.));
#5886 = PCURVE('',#5805,#5887);
#5887 = DEFINITIONAL_REPRESENTATION('',(#5888),#5914);
#5888 = B_SPLINE_CURVE_WITH_KNOTS('',3,(#5889,#5890,#5891,#5892,#5893,
    #5894,#5895,#5896,#5897,#5898,#5899,#5900,#5901,#5902,#5903,#5904,
    #5905,#5906,#5907,#5908,#5909,#5910,#5911,#5912,#5913),
  .UNSPECIFIED.,.F.,.F.,(4,1,1,1,1,1,1,1,1,1,1,1,1,1,1,1,1,1,1,1,1,1,4),
  (0.26,0.260909090909,0.261818181818,0.262727272727,0.263636363636,
    0.264545454545,0.265454545455,0.266363636364,0.267272727273,
    0.268181818182,0.269090909091,0.27,0.270909090909,0.271818181818,
    0.272727272727,0.273636363636,0.274545454545,0.275454545455,
    0.276363636364,0.277272727273,0.278181818182,0.279090909091,0.28),
  .QUASI_UNIFORM_KNOTS.);
#5889 = CARTESIAN_POINT('',(3.14159265359,-2.937499998634));
#5890 = CARTESIAN_POINT('',(3.096155343903,-2.940773712753));
#5891 = CARTESIAN_POINT('',(3.003553149791,-2.947725006384));
#5892 = CARTESIAN_POINT('',(2.860815406578,-2.959059313455));
#5893 = CARTESIAN_POINT('',(2.71552633536,-2.971022948624));
#5894 = CARTESIAN_POINT('',(2.569197078639,-2.983246204748));
#5895 = CARTESIAN_POINT('',(2.423398202367,-2.995336796545));
#5896 = CARTESIAN_POINT('',(2.279619754427,-3.006926333003));
#5897 = CARTESIAN_POINT('',(2.139420152995,-3.017653432606));
#5898 = CARTESIAN_POINT('',(2.003420728269,-3.027405984289));
#5899 = CARTESIAN_POINT('',(1.861476954096,-3.038545021285));
#5900 = CARTESIAN_POINT('',(1.716968322946,-3.050316524145));
#5901 = CARTESIAN_POINT('',(1.570796326795,-3.062499998634));
#5902 = CARTESIAN_POINT('',(1.424624330644,-3.074683473124));
#5903 = CARTESIAN_POINT('',(1.280115699493,-3.086454975984));
#5904 = CARTESIAN_POINT('',(1.138171925321,-3.09759401298));
#5905 = CARTESIAN_POINT('',(1.002172500595,-3.107346564663));
#5906 = CARTESIAN_POINT('',(0.861972899163,-3.118073664266));
#5907 = CARTESIAN_POINT('',(0.718194451223,-3.129663200723));
#5908 = CARTESIAN_POINT('',(0.57239557495,-3.14175379252));
#5909 = CARTESIAN_POINT('',(0.426066318229,-3.153977048645));
#5910 = CARTESIAN_POINT('',(0.280777247012,-3.165940683814));
#5911 = CARTESIAN_POINT('',(0.138039503798,-3.177274990885));
#5912 = CARTESIAN_POINT('',(4.543730968641E-02,-3.184226284516));
#5913 = CARTESIAN_POINT('',(0.,-3.187499998634));
#5914 = ( GEOMETRIC_REPRESENTATION_CONTEXT(2) 
PARAMETRIC_REPRESENTATION_CONTEXT() REPRESENTATION_CONTEXT('2D SPACE',''
  ) );
#5915 = PCURVE('',#1421,#5916);
#5916 = DEFINITIONAL_REPRESENTATION('',(#5917),#5921);
#5917 = LINE('',#5918,#5919);
#5918 = CARTESIAN_POINT('',(-1.185327802374E-14,0.));
#5919 = VECTOR('',#5920,1.);
#5920 = DIRECTION('',(5.228489627646E-14,1.));
#5921 = ( GEOMETRIC_REPRESENTATION_CONTEXT(2) 
PARAMETRIC_REPRESENTATION_CONTEXT() REPRESENTATION_CONTEXT('2D SPACE',''
  ) );
#5922 = ORIENTED_EDGE('',*,*,#5923,.F.);
#5923 = EDGE_CURVE('',#5793,#5875,#5924,.T.);
#5924 = SURFACE_CURVE('',#5925,(#5929,#5936),.PCURVE_S1.);
#5925 = LINE('',#5926,#5927);
#5926 = CARTESIAN_POINT('',(-36.5,-6.,0.));
#5927 = VECTOR('',#5928,1.);
#5928 = DIRECTION('',(-1.,3.330669073875E-16,-0.));
#5929 = PCURVE('',#5805,#5930);
#5930 = DEFINITIONAL_REPRESENTATION('',(#5931),#5935);
#5931 = LINE('',#5932,#5933);
#5932 = CARTESIAN_POINT('',(0.,0.));
#5933 = VECTOR('',#5934,1.);
#5934 = DIRECTION('',(0.,1.));
#5935 = ( GEOMETRIC_REPRESENTATION_CONTEXT(2) 
PARAMETRIC_REPRESENTATION_CONTEXT() REPRESENTATION_CONTEXT('2D SPACE',''
  ) );
#5936 = PCURVE('',#5705,#5937);
#5937 = DEFINITIONAL_REPRESENTATION('',(#5938),#5942);
#5938 = LINE('',#5939,#5940);
#5939 = CARTESIAN_POINT('',(6.28318530718,0.));
#5940 = VECTOR('',#5941,1.);
#5941 = DIRECTION('',(0.,1.));
#5942 = ( GEOMETRIC_REPRESENTATION_CONTEXT(2) 
PARAMETRIC_REPRESENTATION_CONTEXT() REPRESENTATION_CONTEXT('2D SPACE',''
  ) );
#5943 = ADVANCED_FACE('',(#5944),#5962,.T.);
#5944 = FACE_BOUND('',#5945,.T.);
#5945 = EDGE_LOOP('',(#5946,#6002,#6030,#6079));
#5946 = ORIENTED_EDGE('',*,*,#5947,.F.);
#5947 = EDGE_CURVE('',#5948,#5950,#5952,.T.);
#5948 = VERTEX_POINT('',#5949);
#5949 = CARTESIAN_POINT('',(-34.,6.,-7.347880794884E-16));
#5950 = VERTEX_POINT('',#5951);
#5951 = CARTESIAN_POINT('',(-33.75,-6.,0.));
#5952 = SURFACE_CURVE('',#5953,(#5961,#5995),.PCURVE_S1.);
#5953 = ( BOUNDED_CURVE() B_SPLINE_CURVE(2,(#5954,#5955,#5956,#5957,
#5958,#5959,#5960),.UNSPECIFIED.,.F.,.F.) B_SPLINE_CURVE_WITH_KNOTS((3,2
    ,2,3),(0.26,0.266666666667,0.273333333333,0.28),
.PIECEWISE_BEZIER_KNOTS.) CURVE() GEOMETRIC_REPRESENTATION_ITEM() 
RATIONAL_B_SPLINE_CURVE((1.,0.866025403784,1.,0.866025403784,1.,
0.866025403784,1.)) REPRESENTATION_ITEM('') );
#5954 = CARTESIAN_POINT('',(-34.,6.,-7.347880794884E-16));
#5955 = CARTESIAN_POINT('',(-33.95833333333,6.,3.464101615138));
#5956 = CARTESIAN_POINT('',(-33.91666666666,3.,5.196152422707));
#5957 = CARTESIAN_POINT('',(-33.875,1.255533177422E-14,6.928203230276));
#5958 = CARTESIAN_POINT('',(-33.83333333333,-3.,5.196152422707));
#5959 = CARTESIAN_POINT('',(-33.79166666666,-6.,3.464101615138));
#5960 = CARTESIAN_POINT('',(-33.75,-6.,0.));
#5961 = PCURVE('',#5962,#5967);
#5962 = CYLINDRICAL_SURFACE('',#5963,6.);
#5963 = AXIS2_PLACEMENT_3D('',#5964,#5965,#5966);
#5964 = CARTESIAN_POINT('',(-36.5,1.215694211965E-14,0.));
#5965 = DIRECTION('',(-1.,3.330669073875E-16,-0.));
#5966 = DIRECTION('',(-3.330669073875E-16,-1.,0.));
#5967 = DEFINITIONAL_REPRESENTATION('',(#5968),#5994);
#5968 = B_SPLINE_CURVE_WITH_KNOTS('',3,(#5969,#5970,#5971,#5972,#5973,
    #5974,#5975,#5976,#5977,#5978,#5979,#5980,#5981,#5982,#5983,#5984,
    #5985,#5986,#5987,#5988,#5989,#5990,#5991,#5992,#5993),
  .UNSPECIFIED.,.F.,.F.,(4,1,1,1,1,1,1,1,1,1,1,1,1,1,1,1,1,1,1,1,1,1,4),
  (0.26,0.260909090909,0.261818181818,0.262727272727,0.263636363636,
    0.264545454545,0.265454545455,0.266363636364,0.267272727273,
    0.268181818182,0.269090909091,0.27,0.270909090909,0.271818181818,
    0.272727272727,0.273636363636,0.274545454545,0.275454545455,
    0.276363636364,0.277272727273,0.278181818182,0.279090909091,0.28),
  .QUASI_UNIFORM_KNOTS.);
#5969 = CARTESIAN_POINT('',(3.14159265359,-2.5));
#5970 = CARTESIAN_POINT('',(3.096155343903,-2.503273714118));
#5971 = CARTESIAN_POINT('',(3.003553149791,-2.51022500775));
#5972 = CARTESIAN_POINT('',(2.860815406578,-2.521559314821));
#5973 = CARTESIAN_POINT('',(2.71552633536,-2.533522949989));
#5974 = CARTESIAN_POINT('',(2.569197078639,-2.545746206114));
#5975 = CARTESIAN_POINT('',(2.423398202367,-2.557836797911));
#5976 = CARTESIAN_POINT('',(2.279619754427,-2.569426334368));
#5977 = CARTESIAN_POINT('',(2.139420152995,-2.580153433971));
#5978 = CARTESIAN_POINT('',(2.003420728269,-2.589905985654));
#5979 = CARTESIAN_POINT('',(1.861476954096,-2.60104502265));
#5980 = CARTESIAN_POINT('',(1.716968322946,-2.61281652551));
#5981 = CARTESIAN_POINT('',(1.570796326795,-2.625));
#5982 = CARTESIAN_POINT('',(1.424624330644,-2.63718347449));
#5983 = CARTESIAN_POINT('',(1.280115699493,-2.64895497735));
#5984 = CARTESIAN_POINT('',(1.138171925321,-2.660094014345));
#5985 = CARTESIAN_POINT('',(1.002172500595,-2.669846566029));
#5986 = CARTESIAN_POINT('',(0.861972899163,-2.680573665632));
#5987 = CARTESIAN_POINT('',(0.718194451223,-2.692163202089));
#5988 = CARTESIAN_POINT('',(0.57239557495,-2.704253793886));
#5989 = CARTESIAN_POINT('',(0.426066318229,-2.716477050011));
#5990 = CARTESIAN_POINT('',(0.280777247012,-2.728440685179));
#5991 = CARTESIAN_POINT('',(0.138039503798,-2.73977499225));
#5992 = CARTESIAN_POINT('',(4.543730968641E-02,-2.746726285882));
#5993 = CARTESIAN_POINT('',(0.,-2.75));
#5994 = ( GEOMETRIC_REPRESENTATION_CONTEXT(2) 
PARAMETRIC_REPRESENTATION_CONTEXT() REPRESENTATION_CONTEXT('2D SPACE',''
  ) );
#5995 = PCURVE('',#2216,#5996);
#5996 = DEFINITIONAL_REPRESENTATION('',(#5997),#6001);
#5997 = LINE('',#5998,#5999);
#5998 = CARTESIAN_POINT('',(1.,0.));
#5999 = VECTOR('',#6000,1.);
#6000 = DIRECTION('',(-1.221245327088E-13,1.));
#6001 = ( GEOMETRIC_REPRESENTATION_CONTEXT(2) 
PARAMETRIC_REPRESENTATION_CONTEXT() REPRESENTATION_CONTEXT('2D SPACE',''
  ) );
#6002 = ORIENTED_EDGE('',*,*,#6003,.T.);
#6003 = EDGE_CURVE('',#5948,#6004,#6006,.T.);
#6004 = VERTEX_POINT('',#6005);
#6005 = CARTESIAN_POINT('',(-34.06250000136,6.,-7.347880794884E-16));
#6006 = SURFACE_CURVE('',#6007,(#6011,#6018),.PCURVE_S1.);
#6007 = LINE('',#6008,#6009);
#6008 = CARTESIAN_POINT('',(-36.5,6.,7.347880794884E-16));
#6009 = VECTOR('',#6010,1.);
#6010 = DIRECTION('',(-1.,3.330669073875E-16,-0.));
#6011 = PCURVE('',#5962,#6012);
#6012 = DEFINITIONAL_REPRESENTATION('',(#6013),#6017);
#6013 = LINE('',#6014,#6015);
#6014 = CARTESIAN_POINT('',(3.14159265359,0.));
#6015 = VECTOR('',#6016,1.);
#6016 = DIRECTION('',(0.,1.));
#6017 = ( GEOMETRIC_REPRESENTATION_CONTEXT(2) 
PARAMETRIC_REPRESENTATION_CONTEXT() REPRESENTATION_CONTEXT('2D SPACE',''
  ) );
#6018 = PCURVE('',#6019,#6024);
#6019 = CYLINDRICAL_SURFACE('',#6020,6.);
#6020 = AXIS2_PLACEMENT_3D('',#6021,#6022,#6023);
#6021 = CARTESIAN_POINT('',(-36.5,1.215694211965E-14,0.));
#6022 = DIRECTION('',(-1.,3.330669073875E-16,-0.));
#6023 = DIRECTION('',(-3.330669073875E-16,-1.,0.));
#6024 = DEFINITIONAL_REPRESENTATION('',(#6025),#6029);
#6025 = LINE('',#6026,#6027);
#6026 = CARTESIAN_POINT('',(3.14159265359,0.));
#6027 = VECTOR('',#6028,1.);
#6028 = DIRECTION('',(0.,1.));
#6029 = ( GEOMETRIC_REPRESENTATION_CONTEXT(2) 
PARAMETRIC_REPRESENTATION_CONTEXT() REPRESENTATION_CONTEXT('2D SPACE',''
  ) );
#6030 = ORIENTED_EDGE('',*,*,#6031,.T.);
#6031 = EDGE_CURVE('',#6004,#6032,#6034,.T.);
#6032 = VERTEX_POINT('',#6033);
#6033 = CARTESIAN_POINT('',(-33.81250000136,-6.,0.));
#6034 = SURFACE_CURVE('',#6035,(#6043,#6072),.PCURVE_S1.);
#6035 = ( BOUNDED_CURVE() B_SPLINE_CURVE(2,(#6036,#6037,#6038,#6039,
#6040,#6041,#6042),.UNSPECIFIED.,.F.,.F.) B_SPLINE_CURVE_WITH_KNOTS((3,2
    ,2,3),(0.22,0.226666666667,0.233333333333,0.24),
.PIECEWISE_BEZIER_KNOTS.) CURVE() GEOMETRIC_REPRESENTATION_ITEM() 
RATIONAL_B_SPLINE_CURVE((1.,0.866025403784,1.,0.866025403784,1.,
0.866025403784,1.)) REPRESENTATION_ITEM('') );
#6036 = CARTESIAN_POINT('',(-34.06250000136,6.,-7.347880794884E-16));
#6037 = CARTESIAN_POINT('',(-34.02083333469,6.,3.464101615138));
#6038 = CARTESIAN_POINT('',(-33.97916666803,3.,5.196152422707));
#6039 = CARTESIAN_POINT('',(-33.93750000136,1.257614845639E-14,
    6.928203230276));
#6040 = CARTESIAN_POINT('',(-33.89583333469,-3.,5.196152422707));
#6041 = CARTESIAN_POINT('',(-33.85416666803,-6.,3.464101615138));
#6042 = CARTESIAN_POINT('',(-33.81250000136,-6.,0.));
#6043 = PCURVE('',#5962,#6044);
#6044 = DEFINITIONAL_REPRESENTATION('',(#6045),#6071);
#6045 = B_SPLINE_CURVE_WITH_KNOTS('',3,(#6046,#6047,#6048,#6049,#6050,
    #6051,#6052,#6053,#6054,#6055,#6056,#6057,#6058,#6059,#6060,#6061,
    #6062,#6063,#6064,#6065,#6066,#6067,#6068,#6069,#6070),
  .UNSPECIFIED.,.F.,.F.,(4,1,1,1,1,1,1,1,1,1,1,1,1,1,1,1,1,1,1,1,1,1,4),
  (0.22,0.220909090909,0.221818181818,0.222727272727,0.223636363636,
    0.224545454545,0.225454545455,0.226363636364,0.227272727273,
    0.228181818182,0.229090909091,0.23,0.230909090909,0.231818181818,
    0.232727272727,0.233636363636,0.234545454545,0.235454545455,
    0.236363636364,0.237272727273,0.238181818182,0.239090909091,0.24),
  .QUASI_UNIFORM_KNOTS.);
#6046 = CARTESIAN_POINT('',(3.14159265359,-2.437499998634));
#6047 = CARTESIAN_POINT('',(3.096155343903,-2.440773712753));
#6048 = CARTESIAN_POINT('',(3.003553149791,-2.447725006384));
#6049 = CARTESIAN_POINT('',(2.860815406578,-2.459059313455));
#6050 = CARTESIAN_POINT('',(2.71552633536,-2.471022948624));
#6051 = CARTESIAN_POINT('',(2.569197078639,-2.483246204748));
#6052 = CARTESIAN_POINT('',(2.423398202367,-2.495336796545));
#6053 = CARTESIAN_POINT('',(2.279619754427,-2.506926333003));
#6054 = CARTESIAN_POINT('',(2.139420152995,-2.517653432606));
#6055 = CARTESIAN_POINT('',(2.003420728269,-2.527405984289));
#6056 = CARTESIAN_POINT('',(1.861476954096,-2.538545021285));
#6057 = CARTESIAN_POINT('',(1.716968322946,-2.550316524145));
#6058 = CARTESIAN_POINT('',(1.570796326795,-2.562499998634));
#6059 = CARTESIAN_POINT('',(1.424624330644,-2.574683473124));
#6060 = CARTESIAN_POINT('',(1.280115699493,-2.586454975984));
#6061 = CARTESIAN_POINT('',(1.138171925321,-2.59759401298));
#6062 = CARTESIAN_POINT('',(1.002172500595,-2.607346564663));
#6063 = CARTESIAN_POINT('',(0.861972899163,-2.618073664266));
#6064 = CARTESIAN_POINT('',(0.718194451223,-2.629663200723));
#6065 = CARTESIAN_POINT('',(0.57239557495,-2.64175379252));
#6066 = CARTESIAN_POINT('',(0.426066318229,-2.653977048645));
#6067 = CARTESIAN_POINT('',(0.280777247012,-2.665940683814));
#6068 = CARTESIAN_POINT('',(0.138039503798,-2.677274990885));
#6069 = CARTESIAN_POINT('',(4.543730968641E-02,-2.684226284516));
#6070 = CARTESIAN_POINT('',(0.,-2.687499998634));
#6071 = ( GEOMETRIC_REPRESENTATION_CONTEXT(2) 
PARAMETRIC_REPRESENTATION_CONTEXT() REPRESENTATION_CONTEXT('2D SPACE',''
  ) );
#6072 = PCURVE('',#1421,#6073);
#6073 = DEFINITIONAL_REPRESENTATION('',(#6074),#6078);
#6074 = LINE('',#6075,#6076);
#6075 = CARTESIAN_POINT('',(4.741070581794E-14,0.));
#6076 = VECTOR('',#6077,1.);
#6077 = DIRECTION('',(-2.107825550429E-13,1.));
#6078 = ( GEOMETRIC_REPRESENTATION_CONTEXT(2) 
PARAMETRIC_REPRESENTATION_CONTEXT() REPRESENTATION_CONTEXT('2D SPACE',''
  ) );
#6079 = ORIENTED_EDGE('',*,*,#6080,.F.);
#6080 = EDGE_CURVE('',#5950,#6032,#6081,.T.);
#6081 = SURFACE_CURVE('',#6082,(#6086,#6093),.PCURVE_S1.);
#6082 = LINE('',#6083,#6084);
#6083 = CARTESIAN_POINT('',(-36.5,-6.,0.));
#6084 = VECTOR('',#6085,1.);
#6085 = DIRECTION('',(-1.,3.330669073875E-16,-0.));
#6086 = PCURVE('',#5962,#6087);
#6087 = DEFINITIONAL_REPRESENTATION('',(#6088),#6092);
#6088 = LINE('',#6089,#6090);
#6089 = CARTESIAN_POINT('',(0.,0.));
#6090 = VECTOR('',#6091,1.);
#6091 = DIRECTION('',(0.,1.));
#6092 = ( GEOMETRIC_REPRESENTATION_CONTEXT(2) 
PARAMETRIC_REPRESENTATION_CONTEXT() REPRESENTATION_CONTEXT('2D SPACE',''
  ) );
#6093 = PCURVE('',#5862,#6094);
#6094 = DEFINITIONAL_REPRESENTATION('',(#6095),#6099);
#6095 = LINE('',#6096,#6097);
#6096 = CARTESIAN_POINT('',(6.28318530718,0.));
#6097 = VECTOR('',#6098,1.);
#6098 = DIRECTION('',(0.,1.));
#6099 = ( GEOMETRIC_REPRESENTATION_CONTEXT(2) 
PARAMETRIC_REPRESENTATION_CONTEXT() REPRESENTATION_CONTEXT('2D SPACE',''
  ) );
#6100 = ADVANCED_FACE('',(#6101),#6119,.T.);
#6101 = FACE_BOUND('',#6102,.T.);
#6102 = EDGE_LOOP('',(#6103,#6159,#6187,#6236));
#6103 = ORIENTED_EDGE('',*,*,#6104,.F.);
#6104 = EDGE_CURVE('',#6105,#6107,#6109,.T.);
#6105 = VERTEX_POINT('',#6106);
#6106 = CARTESIAN_POINT('',(-34.5,6.,-7.347880794884E-16));
#6107 = VERTEX_POINT('',#6108);
#6108 = CARTESIAN_POINT('',(-34.25,-6.,0.));
#6109 = SURFACE_CURVE('',#6110,(#6118,#6152),.PCURVE_S1.);
#6110 = ( BOUNDED_CURVE() B_SPLINE_CURVE(2,(#6111,#6112,#6113,#6114,
#6115,#6116,#6117),.UNSPECIFIED.,.F.,.F.) B_SPLINE_CURVE_WITH_KNOTS((3,2
    ,2,3),(0.22,0.226666666667,0.233333333333,0.24),
.PIECEWISE_BEZIER_KNOTS.) CURVE() GEOMETRIC_REPRESENTATION_ITEM() 
RATIONAL_B_SPLINE_CURVE((1.,0.866025403784,1.,0.866025403784,1.,
0.866025403784,1.)) REPRESENTATION_ITEM('') );
#6111 = CARTESIAN_POINT('',(-34.5,6.,-7.347880794884E-16));
#6112 = CARTESIAN_POINT('',(-34.45833333333,6.,3.464101615138));
#6113 = CARTESIAN_POINT('',(-34.41666666666,3.,5.196152422707));
#6114 = CARTESIAN_POINT('',(-34.375,1.272186522792E-14,6.928203230276));
#6115 = CARTESIAN_POINT('',(-34.33333333333,-3.,5.196152422707));
#6116 = CARTESIAN_POINT('',(-34.29166666666,-6.,3.464101615138));
#6117 = CARTESIAN_POINT('',(-34.25,-6.,0.));
#6118 = PCURVE('',#6119,#6124);
#6119 = CYLINDRICAL_SURFACE('',#6120,6.);
#6120 = AXIS2_PLACEMENT_3D('',#6121,#6122,#6123);
#6121 = CARTESIAN_POINT('',(-36.5,1.215694211965E-14,0.));
#6122 = DIRECTION('',(-1.,3.330669073875E-16,-0.));
#6123 = DIRECTION('',(-3.330669073875E-16,-1.,0.));
#6124 = DEFINITIONAL_REPRESENTATION('',(#6125),#6151);
#6125 = B_SPLINE_CURVE_WITH_KNOTS('',3,(#6126,#6127,#6128,#6129,#6130,
    #6131,#6132,#6133,#6134,#6135,#6136,#6137,#6138,#6139,#6140,#6141,
    #6142,#6143,#6144,#6145,#6146,#6147,#6148,#6149,#6150),
  .UNSPECIFIED.,.F.,.F.,(4,1,1,1,1,1,1,1,1,1,1,1,1,1,1,1,1,1,1,1,1,1,4),
  (0.22,0.220909090909,0.221818181818,0.222727272727,0.223636363636,
    0.224545454545,0.225454545455,0.226363636364,0.227272727273,
    0.228181818182,0.229090909091,0.23,0.230909090909,0.231818181818,
    0.232727272727,0.233636363636,0.234545454545,0.235454545455,
    0.236363636364,0.237272727273,0.238181818182,0.239090909091,0.24),
  .QUASI_UNIFORM_KNOTS.);
#6126 = CARTESIAN_POINT('',(3.14159265359,-2.));
#6127 = CARTESIAN_POINT('',(3.096155343903,-2.003273714118));
#6128 = CARTESIAN_POINT('',(3.003553149791,-2.01022500775));
#6129 = CARTESIAN_POINT('',(2.860815406578,-2.021559314821));
#6130 = CARTESIAN_POINT('',(2.71552633536,-2.033522949989));
#6131 = CARTESIAN_POINT('',(2.569197078639,-2.045746206114));
#6132 = CARTESIAN_POINT('',(2.423398202367,-2.057836797911));
#6133 = CARTESIAN_POINT('',(2.279619754427,-2.069426334368));
#6134 = CARTESIAN_POINT('',(2.139420152995,-2.080153433971));
#6135 = CARTESIAN_POINT('',(2.003420728269,-2.089905985654));
#6136 = CARTESIAN_POINT('',(1.861476954096,-2.10104502265));
#6137 = CARTESIAN_POINT('',(1.716968322946,-2.11281652551));
#6138 = CARTESIAN_POINT('',(1.570796326795,-2.125));
#6139 = CARTESIAN_POINT('',(1.424624330644,-2.13718347449));
#6140 = CARTESIAN_POINT('',(1.280115699493,-2.14895497735));
#6141 = CARTESIAN_POINT('',(1.138171925321,-2.160094014345));
#6142 = CARTESIAN_POINT('',(1.002172500595,-2.169846566029));
#6143 = CARTESIAN_POINT('',(0.861972899163,-2.180573665632));
#6144 = CARTESIAN_POINT('',(0.718194451223,-2.192163202089));
#6145 = CARTESIAN_POINT('',(0.57239557495,-2.204253793886));
#6146 = CARTESIAN_POINT('',(0.426066318229,-2.216477050011));
#6147 = CARTESIAN_POINT('',(0.280777247012,-2.228440685179));
#6148 = CARTESIAN_POINT('',(0.138039503798,-2.23977499225));
#6149 = CARTESIAN_POINT('',(4.543730968641E-02,-2.246726285882));
#6150 = CARTESIAN_POINT('',(0.,-2.25));
#6151 = ( GEOMETRIC_REPRESENTATION_CONTEXT(2) 
PARAMETRIC_REPRESENTATION_CONTEXT() REPRESENTATION_CONTEXT('2D SPACE',''
  ) );
#6152 = PCURVE('',#2216,#6153);
#6153 = DEFINITIONAL_REPRESENTATION('',(#6154),#6158);
#6154 = LINE('',#6155,#6156);
#6155 = CARTESIAN_POINT('',(1.,0.));
#6156 = VECTOR('',#6157,1.);
#6157 = DIRECTION('',(1.387778780781E-13,1.));
#6158 = ( GEOMETRIC_REPRESENTATION_CONTEXT(2) 
PARAMETRIC_REPRESENTATION_CONTEXT() REPRESENTATION_CONTEXT('2D SPACE',''
  ) );
#6159 = ORIENTED_EDGE('',*,*,#6160,.T.);
#6160 = EDGE_CURVE('',#6105,#6161,#6163,.T.);
#6161 = VERTEX_POINT('',#6162);
#6162 = CARTESIAN_POINT('',(-34.56250000136,6.,-7.347880794884E-16));
#6163 = SURFACE_CURVE('',#6164,(#6168,#6175),.PCURVE_S1.);
#6164 = LINE('',#6165,#6166);
#6165 = CARTESIAN_POINT('',(-36.5,6.,7.347880794884E-16));
#6166 = VECTOR('',#6167,1.);
#6167 = DIRECTION('',(-1.,3.330669073875E-16,-0.));
#6168 = PCURVE('',#6119,#6169);
#6169 = DEFINITIONAL_REPRESENTATION('',(#6170),#6174);
#6170 = LINE('',#6171,#6172);
#6171 = CARTESIAN_POINT('',(3.14159265359,0.));
#6172 = VECTOR('',#6173,1.);
#6173 = DIRECTION('',(0.,1.));
#6174 = ( GEOMETRIC_REPRESENTATION_CONTEXT(2) 
PARAMETRIC_REPRESENTATION_CONTEXT() REPRESENTATION_CONTEXT('2D SPACE',''
  ) );
#6175 = PCURVE('',#6176,#6181);
#6176 = CYLINDRICAL_SURFACE('',#6177,6.);
#6177 = AXIS2_PLACEMENT_3D('',#6178,#6179,#6180);
#6178 = CARTESIAN_POINT('',(-36.5,1.215694211965E-14,0.));
#6179 = DIRECTION('',(-1.,3.330669073875E-16,-0.));
#6180 = DIRECTION('',(-3.330669073875E-16,-1.,0.));
#6181 = DEFINITIONAL_REPRESENTATION('',(#6182),#6186);
#6182 = LINE('',#6183,#6184);
#6183 = CARTESIAN_POINT('',(3.14159265359,0.));
#6184 = VECTOR('',#6185,1.);
#6185 = DIRECTION('',(0.,1.));
#6186 = ( GEOMETRIC_REPRESENTATION_CONTEXT(2) 
PARAMETRIC_REPRESENTATION_CONTEXT() REPRESENTATION_CONTEXT('2D SPACE',''
  ) );
#6187 = ORIENTED_EDGE('',*,*,#6188,.T.);
#6188 = EDGE_CURVE('',#6161,#6189,#6191,.T.);
#6189 = VERTEX_POINT('',#6190);
#6190 = CARTESIAN_POINT('',(-34.31250000136,-6.,0.));
#6191 = SURFACE_CURVE('',#6192,(#6200,#6229),.PCURVE_S1.);
#6192 = ( BOUNDED_CURVE() B_SPLINE_CURVE(2,(#6193,#6194,#6195,#6196,
#6197,#6198,#6199),.UNSPECIFIED.,.F.,.F.) B_SPLINE_CURVE_WITH_KNOTS((3,2
    ,2,3),(0.18,0.186666666667,0.193333333333,0.2),
.PIECEWISE_BEZIER_KNOTS.) CURVE() GEOMETRIC_REPRESENTATION_ITEM() 
RATIONAL_B_SPLINE_CURVE((1.,0.866025403784,1.,0.866025403784,1.,
0.866025403784,1.)) REPRESENTATION_ITEM('') );
#6193 = CARTESIAN_POINT('',(-34.56250000136,6.,-7.347880794884E-16));
#6194 = CARTESIAN_POINT('',(-34.52083333469,6.,3.464101615138));
#6195 = CARTESIAN_POINT('',(-34.47916666803,3.,5.196152422707));
#6196 = CARTESIAN_POINT('',(-34.43750000136,1.274268191008E-14,
    6.928203230276));
#6197 = CARTESIAN_POINT('',(-34.39583333469,-3.,5.196152422707));
#6198 = CARTESIAN_POINT('',(-34.35416666803,-6.,3.464101615138));
#6199 = CARTESIAN_POINT('',(-34.31250000136,-6.,0.));
#6200 = PCURVE('',#6119,#6201);
#6201 = DEFINITIONAL_REPRESENTATION('',(#6202),#6228);
#6202 = B_SPLINE_CURVE_WITH_KNOTS('',3,(#6203,#6204,#6205,#6206,#6207,
    #6208,#6209,#6210,#6211,#6212,#6213,#6214,#6215,#6216,#6217,#6218,
    #6219,#6220,#6221,#6222,#6223,#6224,#6225,#6226,#6227),
  .UNSPECIFIED.,.F.,.F.,(4,1,1,1,1,1,1,1,1,1,1,1,1,1,1,1,1,1,1,1,1,1,4),
  (0.18,0.180909090909,0.181818181818,0.182727272727,0.183636363636,
    0.184545454545,0.185454545455,0.186363636364,0.187272727273,
    0.188181818182,0.189090909091,0.19,0.190909090909,0.191818181818,
    0.192727272727,0.193636363636,0.194545454545,0.195454545455,
    0.196363636364,0.197272727273,0.198181818182,0.199090909091,0.2),
  .QUASI_UNIFORM_KNOTS.);
#6203 = CARTESIAN_POINT('',(3.14159265359,-1.937499998634));
#6204 = CARTESIAN_POINT('',(3.096155343903,-1.940773712753));
#6205 = CARTESIAN_POINT('',(3.003553149791,-1.947725006384));
#6206 = CARTESIAN_POINT('',(2.860815406578,-1.959059313455));
#6207 = CARTESIAN_POINT('',(2.71552633536,-1.971022948624));
#6208 = CARTESIAN_POINT('',(2.569197078639,-1.983246204748));
#6209 = CARTESIAN_POINT('',(2.423398202367,-1.995336796545));
#6210 = CARTESIAN_POINT('',(2.279619754427,-2.006926333003));
#6211 = CARTESIAN_POINT('',(2.139420152995,-2.017653432606));
#6212 = CARTESIAN_POINT('',(2.003420728269,-2.027405984289));
#6213 = CARTESIAN_POINT('',(1.861476954096,-2.038545021285));
#6214 = CARTESIAN_POINT('',(1.716968322946,-2.050316524145));
#6215 = CARTESIAN_POINT('',(1.570796326795,-2.062499998634));
#6216 = CARTESIAN_POINT('',(1.424624330644,-2.074683473124));
#6217 = CARTESIAN_POINT('',(1.280115699493,-2.086454975984));
#6218 = CARTESIAN_POINT('',(1.138171925321,-2.09759401298));
#6219 = CARTESIAN_POINT('',(1.002172500595,-2.107346564663));
#6220 = CARTESIAN_POINT('',(0.861972899163,-2.118073664266));
#6221 = CARTESIAN_POINT('',(0.718194451223,-2.129663200723));
#6222 = CARTESIAN_POINT('',(0.57239557495,-2.14175379252));
#6223 = CARTESIAN_POINT('',(0.426066318229,-2.153977048645));
#6224 = CARTESIAN_POINT('',(0.280777247012,-2.165940683814));
#6225 = CARTESIAN_POINT('',(0.138039503798,-2.177274990885));
#6226 = CARTESIAN_POINT('',(4.543730968641E-02,-2.184226284516));
#6227 = CARTESIAN_POINT('',(0.,-2.187499998634));
#6228 = ( GEOMETRIC_REPRESENTATION_CONTEXT(2) 
PARAMETRIC_REPRESENTATION_CONTEXT() REPRESENTATION_CONTEXT('2D SPACE',''
  ) );
#6229 = PCURVE('',#1421,#6230);
#6230 = DEFINITIONAL_REPRESENTATION('',(#6231),#6235);
#6231 = LINE('',#6232,#6233);
#6232 = CARTESIAN_POINT('',(-2.567756662679E-15,0.));
#6233 = VECTOR('',#6234,1.);
#6234 = DIRECTION('',(1.801605197492E-14,1.));
#6235 = ( GEOMETRIC_REPRESENTATION_CONTEXT(2) 
PARAMETRIC_REPRESENTATION_CONTEXT() REPRESENTATION_CONTEXT('2D SPACE',''
  ) );
#6236 = ORIENTED_EDGE('',*,*,#6237,.F.);
#6237 = EDGE_CURVE('',#6107,#6189,#6238,.T.);
#6238 = SURFACE_CURVE('',#6239,(#6243,#6250),.PCURVE_S1.);
#6239 = LINE('',#6240,#6241);
#6240 = CARTESIAN_POINT('',(-36.5,-6.,0.));
#6241 = VECTOR('',#6242,1.);
#6242 = DIRECTION('',(-1.,3.330669073875E-16,-0.));
#6243 = PCURVE('',#6119,#6244);
#6244 = DEFINITIONAL_REPRESENTATION('',(#6245),#6249);
#6245 = LINE('',#6246,#6247);
#6246 = CARTESIAN_POINT('',(0.,0.));
#6247 = VECTOR('',#6248,1.);
#6248 = DIRECTION('',(0.,1.));
#6249 = ( GEOMETRIC_REPRESENTATION_CONTEXT(2) 
PARAMETRIC_REPRESENTATION_CONTEXT() REPRESENTATION_CONTEXT('2D SPACE',''
  ) );
#6250 = PCURVE('',#6019,#6251);
#6251 = DEFINITIONAL_REPRESENTATION('',(#6252),#6256);
#6252 = LINE('',#6253,#6254);
#6253 = CARTESIAN_POINT('',(6.28318530718,0.));
#6254 = VECTOR('',#6255,1.);
#6255 = DIRECTION('',(0.,1.));
#6256 = ( GEOMETRIC_REPRESENTATION_CONTEXT(2) 
PARAMETRIC_REPRESENTATION_CONTEXT() REPRESENTATION_CONTEXT('2D SPACE',''
  ) );
#6257 = ADVANCED_FACE('',(#6258),#6276,.T.);
#6258 = FACE_BOUND('',#6259,.T.);
#6259 = EDGE_LOOP('',(#6260,#6316,#6344,#6393));
#6260 = ORIENTED_EDGE('',*,*,#6261,.F.);
#6261 = EDGE_CURVE('',#6262,#6264,#6266,.T.);
#6262 = VERTEX_POINT('',#6263);
#6263 = CARTESIAN_POINT('',(-35.,6.,-7.347880794884E-16));
#6264 = VERTEX_POINT('',#6265);
#6265 = CARTESIAN_POINT('',(-34.75,-6.,0.));
#6266 = SURFACE_CURVE('',#6267,(#6275,#6309),.PCURVE_S1.);
#6267 = ( BOUNDED_CURVE() B_SPLINE_CURVE(2,(#6268,#6269,#6270,#6271,
#6272,#6273,#6274),.UNSPECIFIED.,.F.,.F.) B_SPLINE_CURVE_WITH_KNOTS((3,2
    ,2,3),(0.18,0.186666666667,0.193333333333,0.2),
.PIECEWISE_BEZIER_KNOTS.) CURVE() GEOMETRIC_REPRESENTATION_ITEM() 
RATIONAL_B_SPLINE_CURVE((1.,0.866025403784,1.,0.866025403784,1.,
0.866025403784,1.)) REPRESENTATION_ITEM('') );
#6268 = CARTESIAN_POINT('',(-35.,6.,-7.347880794884E-16));
#6269 = CARTESIAN_POINT('',(-34.95833333333,6.,3.464101615138));
#6270 = CARTESIAN_POINT('',(-34.91666666666,3.,5.196152422707));
#6271 = CARTESIAN_POINT('',(-34.875,1.288839868161E-14,6.928203230276));
#6272 = CARTESIAN_POINT('',(-34.83333333333,-3.,5.196152422707));
#6273 = CARTESIAN_POINT('',(-34.79166666666,-6.,3.464101615138));
#6274 = CARTESIAN_POINT('',(-34.75,-6.,0.));
#6275 = PCURVE('',#6276,#6281);
#6276 = CYLINDRICAL_SURFACE('',#6277,6.);
#6277 = AXIS2_PLACEMENT_3D('',#6278,#6279,#6280);
#6278 = CARTESIAN_POINT('',(-36.5,1.215694211965E-14,0.));
#6279 = DIRECTION('',(-1.,3.330669073875E-16,-0.));
#6280 = DIRECTION('',(-3.330669073875E-16,-1.,0.));
#6281 = DEFINITIONAL_REPRESENTATION('',(#6282),#6308);
#6282 = B_SPLINE_CURVE_WITH_KNOTS('',3,(#6283,#6284,#6285,#6286,#6287,
    #6288,#6289,#6290,#6291,#6292,#6293,#6294,#6295,#6296,#6297,#6298,
    #6299,#6300,#6301,#6302,#6303,#6304,#6305,#6306,#6307),
  .UNSPECIFIED.,.F.,.F.,(4,1,1,1,1,1,1,1,1,1,1,1,1,1,1,1,1,1,1,1,1,1,4),
  (0.18,0.180909090909,0.181818181818,0.182727272727,0.183636363636,
    0.184545454545,0.185454545455,0.186363636364,0.187272727273,
    0.188181818182,0.189090909091,0.19,0.190909090909,0.191818181818,
    0.192727272727,0.193636363636,0.194545454545,0.195454545455,
    0.196363636364,0.197272727273,0.198181818182,0.199090909091,0.2),
  .QUASI_UNIFORM_KNOTS.);
#6283 = CARTESIAN_POINT('',(3.14159265359,-1.5));
#6284 = CARTESIAN_POINT('',(3.096155343903,-1.503273714118));
#6285 = CARTESIAN_POINT('',(3.003553149791,-1.51022500775));
#6286 = CARTESIAN_POINT('',(2.860815406578,-1.521559314821));
#6287 = CARTESIAN_POINT('',(2.71552633536,-1.533522949989));
#6288 = CARTESIAN_POINT('',(2.569197078639,-1.545746206114));
#6289 = CARTESIAN_POINT('',(2.423398202367,-1.557836797911));
#6290 = CARTESIAN_POINT('',(2.279619754427,-1.569426334368));
#6291 = CARTESIAN_POINT('',(2.139420152995,-1.580153433971));
#6292 = CARTESIAN_POINT('',(2.003420728269,-1.589905985654));
#6293 = CARTESIAN_POINT('',(1.861476954096,-1.60104502265));
#6294 = CARTESIAN_POINT('',(1.716968322946,-1.61281652551));
#6295 = CARTESIAN_POINT('',(1.570796326795,-1.625));
#6296 = CARTESIAN_POINT('',(1.424624330644,-1.63718347449));
#6297 = CARTESIAN_POINT('',(1.280115699493,-1.64895497735));
#6298 = CARTESIAN_POINT('',(1.138171925321,-1.660094014345));
#6299 = CARTESIAN_POINT('',(1.002172500595,-1.669846566029));
#6300 = CARTESIAN_POINT('',(0.861972899163,-1.680573665632));
#6301 = CARTESIAN_POINT('',(0.718194451223,-1.692163202089));
#6302 = CARTESIAN_POINT('',(0.57239557495,-1.704253793886));
#6303 = CARTESIAN_POINT('',(0.426066318229,-1.716477050011));
#6304 = CARTESIAN_POINT('',(0.280777247012,-1.728440685179));
#6305 = CARTESIAN_POINT('',(0.138039503798,-1.73977499225));
#6306 = CARTESIAN_POINT('',(4.543730968641E-02,-1.746726285882));
#6307 = CARTESIAN_POINT('',(0.,-1.75));
#6308 = ( GEOMETRIC_REPRESENTATION_CONTEXT(2) 
PARAMETRIC_REPRESENTATION_CONTEXT() REPRESENTATION_CONTEXT('2D SPACE',''
  ) );
#6309 = PCURVE('',#2216,#6310);
#6310 = DEFINITIONAL_REPRESENTATION('',(#6311),#6315);
#6311 = LINE('',#6312,#6313);
#6312 = CARTESIAN_POINT('',(1.,0.));
#6313 = VECTOR('',#6314,1.);
#6314 = DIRECTION('',(-1.665334536938E-14,1.));
#6315 = ( GEOMETRIC_REPRESENTATION_CONTEXT(2) 
PARAMETRIC_REPRESENTATION_CONTEXT() REPRESENTATION_CONTEXT('2D SPACE',''
  ) );
#6316 = ORIENTED_EDGE('',*,*,#6317,.T.);
#6317 = EDGE_CURVE('',#6262,#6318,#6320,.T.);
#6318 = VERTEX_POINT('',#6319);
#6319 = CARTESIAN_POINT('',(-35.06250000136,6.,-7.347880794884E-16));
#6320 = SURFACE_CURVE('',#6321,(#6325,#6332),.PCURVE_S1.);
#6321 = LINE('',#6322,#6323);
#6322 = CARTESIAN_POINT('',(-36.5,6.,7.347880794884E-16));
#6323 = VECTOR('',#6324,1.);
#6324 = DIRECTION('',(-1.,3.330669073875E-16,-0.));
#6325 = PCURVE('',#6276,#6326);
#6326 = DEFINITIONAL_REPRESENTATION('',(#6327),#6331);
#6327 = LINE('',#6328,#6329);
#6328 = CARTESIAN_POINT('',(3.14159265359,0.));
#6329 = VECTOR('',#6330,1.);
#6330 = DIRECTION('',(0.,1.));
#6331 = ( GEOMETRIC_REPRESENTATION_CONTEXT(2) 
PARAMETRIC_REPRESENTATION_CONTEXT() REPRESENTATION_CONTEXT('2D SPACE',''
  ) );
#6332 = PCURVE('',#6333,#6338);
#6333 = CYLINDRICAL_SURFACE('',#6334,6.);
#6334 = AXIS2_PLACEMENT_3D('',#6335,#6336,#6337);
#6335 = CARTESIAN_POINT('',(-36.5,1.215694211965E-14,0.));
#6336 = DIRECTION('',(-1.,3.330669073875E-16,-0.));
#6337 = DIRECTION('',(-3.330669073875E-16,-1.,0.));
#6338 = DEFINITIONAL_REPRESENTATION('',(#6339),#6343);
#6339 = LINE('',#6340,#6341);
#6340 = CARTESIAN_POINT('',(3.14159265359,0.));
#6341 = VECTOR('',#6342,1.);
#6342 = DIRECTION('',(0.,1.));
#6343 = ( GEOMETRIC_REPRESENTATION_CONTEXT(2) 
PARAMETRIC_REPRESENTATION_CONTEXT() REPRESENTATION_CONTEXT('2D SPACE',''
  ) );
#6344 = ORIENTED_EDGE('',*,*,#6345,.T.);
#6345 = EDGE_CURVE('',#6318,#6346,#6348,.T.);
#6346 = VERTEX_POINT('',#6347);
#6347 = CARTESIAN_POINT('',(-34.81250000136,-6.,0.));
#6348 = SURFACE_CURVE('',#6349,(#6357,#6386),.PCURVE_S1.);
#6349 = ( BOUNDED_CURVE() B_SPLINE_CURVE(2,(#6350,#6351,#6352,#6353,
#6354,#6355,#6356),.UNSPECIFIED.,.F.,.F.) B_SPLINE_CURVE_WITH_KNOTS((3,2
    ,2,3),(0.14,0.146666666667,0.153333333333,0.16),
.PIECEWISE_BEZIER_KNOTS.) CURVE() GEOMETRIC_REPRESENTATION_ITEM() 
RATIONAL_B_SPLINE_CURVE((1.,0.866025403784,1.,0.866025403784,1.,
0.866025403784,1.)) REPRESENTATION_ITEM('') );
#6350 = CARTESIAN_POINT('',(-35.06250000136,6.,-7.347880794884E-16));
#6351 = CARTESIAN_POINT('',(-35.02083333469,6.,3.464101615138));
#6352 = CARTESIAN_POINT('',(-34.97916666803,3.,5.196152422707));
#6353 = CARTESIAN_POINT('',(-34.93750000136,1.290921536378E-14,
    6.928203230276));
#6354 = CARTESIAN_POINT('',(-34.89583333469,-3.,5.196152422707));
#6355 = CARTESIAN_POINT('',(-34.85416666803,-6.,3.464101615138));
#6356 = CARTESIAN_POINT('',(-34.81250000136,-6.,0.));
#6357 = PCURVE('',#6276,#6358);
#6358 = DEFINITIONAL_REPRESENTATION('',(#6359),#6385);
#6359 = B_SPLINE_CURVE_WITH_KNOTS('',3,(#6360,#6361,#6362,#6363,#6364,
    #6365,#6366,#6367,#6368,#6369,#6370,#6371,#6372,#6373,#6374,#6375,
    #6376,#6377,#6378,#6379,#6380,#6381,#6382,#6383,#6384),
  .UNSPECIFIED.,.F.,.F.,(4,1,1,1,1,1,1,1,1,1,1,1,1,1,1,1,1,1,1,1,1,1,4),
  (0.14,0.140909090909,0.141818181818,0.142727272727,0.143636363636,
    0.144545454545,0.145454545455,0.146363636364,0.147272727273,
    0.148181818182,0.149090909091,0.15,0.150909090909,0.151818181818,
    0.152727272727,0.153636363636,0.154545454545,0.155454545455,
    0.156363636364,0.157272727273,0.158181818182,0.159090909091,0.16),
  .QUASI_UNIFORM_KNOTS.);
#6360 = CARTESIAN_POINT('',(3.14159265359,-1.437499998634));
#6361 = CARTESIAN_POINT('',(3.096155343903,-1.440773712753));
#6362 = CARTESIAN_POINT('',(3.003553149791,-1.447725006384));
#6363 = CARTESIAN_POINT('',(2.860815406578,-1.459059313455));
#6364 = CARTESIAN_POINT('',(2.71552633536,-1.471022948624));
#6365 = CARTESIAN_POINT('',(2.569197078639,-1.483246204748));
#6366 = CARTESIAN_POINT('',(2.423398202367,-1.495336796545));
#6367 = CARTESIAN_POINT('',(2.279619754427,-1.506926333003));
#6368 = CARTESIAN_POINT('',(2.139420152995,-1.517653432606));
#6369 = CARTESIAN_POINT('',(2.003420728269,-1.527405984289));
#6370 = CARTESIAN_POINT('',(1.861476954096,-1.538545021285));
#6371 = CARTESIAN_POINT('',(1.716968322946,-1.550316524145));
#6372 = CARTESIAN_POINT('',(1.570796326795,-1.562499998634));
#6373 = CARTESIAN_POINT('',(1.424624330644,-1.574683473124));
#6374 = CARTESIAN_POINT('',(1.280115699493,-1.586454975984));
#6375 = CARTESIAN_POINT('',(1.138171925321,-1.59759401298));
#6376 = CARTESIAN_POINT('',(1.002172500595,-1.607346564663));
#6377 = CARTESIAN_POINT('',(0.861972899163,-1.618073664266));
#6378 = CARTESIAN_POINT('',(0.718194451223,-1.629663200723));
#6379 = CARTESIAN_POINT('',(0.57239557495,-1.64175379252));
#6380 = CARTESIAN_POINT('',(0.426066318229,-1.653977048645));
#6381 = CARTESIAN_POINT('',(0.280777247012,-1.665940683814));
#6382 = CARTESIAN_POINT('',(0.138039503798,-1.677274990885));
#6383 = CARTESIAN_POINT('',(4.543730968641E-02,-1.684226284516));
#6384 = CARTESIAN_POINT('',(0.,-1.687499998634));
#6385 = ( GEOMETRIC_REPRESENTATION_CONTEXT(2) 
PARAMETRIC_REPRESENTATION_CONTEXT() REPRESENTATION_CONTEXT('2D SPACE',''
  ) );
#6386 = PCURVE('',#1421,#6387);
#6387 = DEFINITIONAL_REPRESENTATION('',(#6388),#6392);
#6388 = LINE('',#6389,#6390);
#6389 = CARTESIAN_POINT('',(-1.754570427478E-15,0.));
#6390 = VECTOR('',#6391,1.);
#6391 = DIRECTION('',(1.743739688876E-14,1.));
#6392 = ( GEOMETRIC_REPRESENTATION_CONTEXT(2) 
PARAMETRIC_REPRESENTATION_CONTEXT() REPRESENTATION_CONTEXT('2D SPACE',''
  ) );
#6393 = ORIENTED_EDGE('',*,*,#6394,.F.);
#6394 = EDGE_CURVE('',#6264,#6346,#6395,.T.);
#6395 = SURFACE_CURVE('',#6396,(#6400,#6407),.PCURVE_S1.);
#6396 = LINE('',#6397,#6398);
#6397 = CARTESIAN_POINT('',(-36.5,-6.,0.));
#6398 = VECTOR('',#6399,1.);
#6399 = DIRECTION('',(-1.,3.330669073875E-16,-0.));
#6400 = PCURVE('',#6276,#6401);
#6401 = DEFINITIONAL_REPRESENTATION('',(#6402),#6406);
#6402 = LINE('',#6403,#6404);
#6403 = CARTESIAN_POINT('',(0.,0.));
#6404 = VECTOR('',#6405,1.);
#6405 = DIRECTION('',(0.,1.));
#6406 = ( GEOMETRIC_REPRESENTATION_CONTEXT(2) 
PARAMETRIC_REPRESENTATION_CONTEXT() REPRESENTATION_CONTEXT('2D SPACE',''
  ) );
#6407 = PCURVE('',#6176,#6408);
#6408 = DEFINITIONAL_REPRESENTATION('',(#6409),#6413);
#6409 = LINE('',#6410,#6411);
#6410 = CARTESIAN_POINT('',(6.28318530718,0.));
#6411 = VECTOR('',#6412,1.);
#6412 = DIRECTION('',(0.,1.));
#6413 = ( GEOMETRIC_REPRESENTATION_CONTEXT(2) 
PARAMETRIC_REPRESENTATION_CONTEXT() REPRESENTATION_CONTEXT('2D SPACE',''
  ) );
#6414 = ADVANCED_FACE('',(#6415),#6433,.T.);
#6415 = FACE_BOUND('',#6416,.T.);
#6416 = EDGE_LOOP('',(#6417,#6473,#6496,#6545));
#6417 = ORIENTED_EDGE('',*,*,#6418,.F.);
#6418 = EDGE_CURVE('',#6419,#6421,#6423,.T.);
#6419 = VERTEX_POINT('',#6420);
#6420 = CARTESIAN_POINT('',(-35.5,6.,-7.347880794884E-16));
#6421 = VERTEX_POINT('',#6422);
#6422 = CARTESIAN_POINT('',(-35.25,-6.,0.));
#6423 = SURFACE_CURVE('',#6424,(#6432,#6466),.PCURVE_S1.);
#6424 = ( BOUNDED_CURVE() B_SPLINE_CURVE(2,(#6425,#6426,#6427,#6428,
#6429,#6430,#6431),.UNSPECIFIED.,.F.,.F.) B_SPLINE_CURVE_WITH_KNOTS((3,2
    ,2,3),(0.14,0.146666666667,0.153333333333,0.16),
.PIECEWISE_BEZIER_KNOTS.) CURVE() GEOMETRIC_REPRESENTATION_ITEM() 
RATIONAL_B_SPLINE_CURVE((1.,0.866025403784,1.,0.866025403784,1.,
0.866025403784,1.)) REPRESENTATION_ITEM('') );
#6425 = CARTESIAN_POINT('',(-35.5,6.,-7.347880794884E-16));
#6426 = CARTESIAN_POINT('',(-35.45833333333,6.,3.464101615138));
#6427 = CARTESIAN_POINT('',(-35.41666666666,3.,5.196152422707));
#6428 = CARTESIAN_POINT('',(-35.375,1.30549321353E-14,6.928203230276));
#6429 = CARTESIAN_POINT('',(-35.33333333333,-3.,5.196152422707));
#6430 = CARTESIAN_POINT('',(-35.29166666666,-6.,3.464101615138));
#6431 = CARTESIAN_POINT('',(-35.25,-6.,0.));
#6432 = PCURVE('',#6433,#6438);
#6433 = CYLINDRICAL_SURFACE('',#6434,6.);
#6434 = AXIS2_PLACEMENT_3D('',#6435,#6436,#6437);
#6435 = CARTESIAN_POINT('',(-36.5,1.215694211965E-14,0.));
#6436 = DIRECTION('',(-1.,3.330669073875E-16,-0.));
#6437 = DIRECTION('',(-3.330669073875E-16,-1.,0.));
#6438 = DEFINITIONAL_REPRESENTATION('',(#6439),#6465);
#6439 = B_SPLINE_CURVE_WITH_KNOTS('',3,(#6440,#6441,#6442,#6443,#6444,
    #6445,#6446,#6447,#6448,#6449,#6450,#6451,#6452,#6453,#6454,#6455,
    #6456,#6457,#6458,#6459,#6460,#6461,#6462,#6463,#6464),
  .UNSPECIFIED.,.F.,.F.,(4,1,1,1,1,1,1,1,1,1,1,1,1,1,1,1,1,1,1,1,1,1,4),
  (0.14,0.140909090909,0.141818181818,0.142727272727,0.143636363636,
    0.144545454545,0.145454545455,0.146363636364,0.147272727273,
    0.148181818182,0.149090909091,0.15,0.150909090909,0.151818181818,
    0.152727272727,0.153636363636,0.154545454545,0.155454545455,
    0.156363636364,0.157272727273,0.158181818182,0.159090909091,0.16),
  .QUASI_UNIFORM_KNOTS.);
#6440 = CARTESIAN_POINT('',(3.14159265359,-1.));
#6441 = CARTESIAN_POINT('',(3.096155343903,-1.003273714118));
#6442 = CARTESIAN_POINT('',(3.003553149791,-1.01022500775));
#6443 = CARTESIAN_POINT('',(2.860815406578,-1.021559314821));
#6444 = CARTESIAN_POINT('',(2.71552633536,-1.033522949989));
#6445 = CARTESIAN_POINT('',(2.569197078639,-1.045746206114));
#6446 = CARTESIAN_POINT('',(2.423398202367,-1.057836797911));
#6447 = CARTESIAN_POINT('',(2.279619754427,-1.069426334368));
#6448 = CARTESIAN_POINT('',(2.139420152995,-1.080153433971));
#6449 = CARTESIAN_POINT('',(2.003420728269,-1.089905985654));
#6450 = CARTESIAN_POINT('',(1.861476954096,-1.10104502265));
#6451 = CARTESIAN_POINT('',(1.716968322946,-1.11281652551));
#6452 = CARTESIAN_POINT('',(1.570796326795,-1.125));
#6453 = CARTESIAN_POINT('',(1.424624330644,-1.13718347449));
#6454 = CARTESIAN_POINT('',(1.280115699493,-1.14895497735));
#6455 = CARTESIAN_POINT('',(1.138171925321,-1.160094014345));
#6456 = CARTESIAN_POINT('',(1.002172500595,-1.169846566029));
#6457 = CARTESIAN_POINT('',(0.861972899163,-1.180573665632));
#6458 = CARTESIAN_POINT('',(0.718194451223,-1.192163202089));
#6459 = CARTESIAN_POINT('',(0.57239557495,-1.204253793886));
#6460 = CARTESIAN_POINT('',(0.426066318229,-1.216477050011));
#6461 = CARTESIAN_POINT('',(0.280777247012,-1.228440685179));
#6462 = CARTESIAN_POINT('',(0.138039503798,-1.23977499225));
#6463 = CARTESIAN_POINT('',(4.543730968641E-02,-1.246726285882));
#6464 = CARTESIAN_POINT('',(0.,-1.25));
#6465 = ( GEOMETRIC_REPRESENTATION_CONTEXT(2) 
PARAMETRIC_REPRESENTATION_CONTEXT() REPRESENTATION_CONTEXT('2D SPACE',''
  ) );
#6466 = PCURVE('',#2216,#6467);
#6467 = DEFINITIONAL_REPRESENTATION('',(#6468),#6472);
#6468 = LINE('',#6469,#6470);
#6469 = CARTESIAN_POINT('',(1.,0.));
#6470 = VECTOR('',#6471,1.);
#6471 = DIRECTION('',(0.,1.));
#6472 = ( GEOMETRIC_REPRESENTATION_CONTEXT(2) 
PARAMETRIC_REPRESENTATION_CONTEXT() REPRESENTATION_CONTEXT('2D SPACE',''
  ) );
#6473 = ORIENTED_EDGE('',*,*,#6474,.T.);
#6474 = EDGE_CURVE('',#6419,#6475,#6477,.T.);
#6475 = VERTEX_POINT('',#6476);
#6476 = CARTESIAN_POINT('',(-35.56250000136,6.,-7.347880794884E-16));
#6477 = SURFACE_CURVE('',#6478,(#6482,#6489),.PCURVE_S1.);
#6478 = LINE('',#6479,#6480);
#6479 = CARTESIAN_POINT('',(-36.5,6.,7.347880794884E-16));
#6480 = VECTOR('',#6481,1.);
#6481 = DIRECTION('',(-1.,3.330669073875E-16,-0.));
#6482 = PCURVE('',#6433,#6483);
#6483 = DEFINITIONAL_REPRESENTATION('',(#6484),#6488);
#6484 = LINE('',#6485,#6486);
#6485 = CARTESIAN_POINT('',(3.14159265359,0.));
#6486 = VECTOR('',#6487,1.);
#6487 = DIRECTION('',(0.,1.));
#6488 = ( GEOMETRIC_REPRESENTATION_CONTEXT(2) 
PARAMETRIC_REPRESENTATION_CONTEXT() REPRESENTATION_CONTEXT('2D SPACE',''
  ) );
#6489 = PCURVE('',#3310,#6490);
#6490 = DEFINITIONAL_REPRESENTATION('',(#6491),#6495);
#6491 = LINE('',#6492,#6493);
#6492 = CARTESIAN_POINT('',(3.14159265359,0.));
#6493 = VECTOR('',#6494,1.);
#6494 = DIRECTION('',(0.,1.));
#6495 = ( GEOMETRIC_REPRESENTATION_CONTEXT(2) 
PARAMETRIC_REPRESENTATION_CONTEXT() REPRESENTATION_CONTEXT('2D SPACE',''
  ) );
#6496 = ORIENTED_EDGE('',*,*,#6497,.T.);
#6497 = EDGE_CURVE('',#6475,#6498,#6500,.T.);
#6498 = VERTEX_POINT('',#6499);
#6499 = CARTESIAN_POINT('',(-35.31250000136,-6.,0.));
#6500 = SURFACE_CURVE('',#6501,(#6509,#6538),.PCURVE_S1.);
#6501 = ( BOUNDED_CURVE() B_SPLINE_CURVE(2,(#6502,#6503,#6504,#6505,
#6506,#6507,#6508),.UNSPECIFIED.,.F.,.F.) B_SPLINE_CURVE_WITH_KNOTS((3,2
    ,2,3),(0.1,0.106666666667,0.113333333333,0.12),
.PIECEWISE_BEZIER_KNOTS.) CURVE() GEOMETRIC_REPRESENTATION_ITEM() 
RATIONAL_B_SPLINE_CURVE((1.,0.866025403784,1.,0.866025403784,1.,
0.866025403784,1.)) REPRESENTATION_ITEM('') );
#6502 = CARTESIAN_POINT('',(-35.56250000136,6.,-7.347880794884E-16));
#6503 = CARTESIAN_POINT('',(-35.52083333469,6.,3.464101615138));
#6504 = CARTESIAN_POINT('',(-35.47916666803,3.,5.196152422707));
#6505 = CARTESIAN_POINT('',(-35.43750000136,1.307574881747E-14,
    6.928203230276));
#6506 = CARTESIAN_POINT('',(-35.39583333469,-3.,5.196152422707));
#6507 = CARTESIAN_POINT('',(-35.35416666803,-6.,3.464101615138));
#6508 = CARTESIAN_POINT('',(-35.31250000136,-6.,0.));
#6509 = PCURVE('',#6433,#6510);
#6510 = DEFINITIONAL_REPRESENTATION('',(#6511),#6537);
#6511 = B_SPLINE_CURVE_WITH_KNOTS('',3,(#6512,#6513,#6514,#6515,#6516,
    #6517,#6518,#6519,#6520,#6521,#6522,#6523,#6524,#6525,#6526,#6527,
    #6528,#6529,#6530,#6531,#6532,#6533,#6534,#6535,#6536),
  .UNSPECIFIED.,.F.,.F.,(4,1,1,1,1,1,1,1,1,1,1,1,1,1,1,1,1,1,1,1,1,1,4),
  (0.1,0.100909090909,0.101818181818,0.102727272727,0.103636363636,
    0.104545454545,0.105454545455,0.106363636364,0.107272727273,
    0.108181818182,0.109090909091,0.11,0.110909090909,0.111818181818,
    0.112727272727,0.113636363636,0.114545454545,0.115454545455,
    0.116363636364,0.117272727273,0.118181818182,0.119090909091,0.12),
  .QUASI_UNIFORM_KNOTS.);
#6512 = CARTESIAN_POINT('',(3.14159265359,-0.937499998634));
#6513 = CARTESIAN_POINT('',(3.096155343903,-0.940773712753));
#6514 = CARTESIAN_POINT('',(3.003553149791,-0.947725006384));
#6515 = CARTESIAN_POINT('',(2.860815406578,-0.959059313455));
#6516 = CARTESIAN_POINT('',(2.71552633536,-0.971022948624));
#6517 = CARTESIAN_POINT('',(2.569197078639,-0.983246204748));
#6518 = CARTESIAN_POINT('',(2.423398202367,-0.995336796545));
#6519 = CARTESIAN_POINT('',(2.279619754427,-1.006926333003));
#6520 = CARTESIAN_POINT('',(2.139420152995,-1.017653432606));
#6521 = CARTESIAN_POINT('',(2.003420728269,-1.027405984289));
#6522 = CARTESIAN_POINT('',(1.861476954096,-1.038545021285));
#6523 = CARTESIAN_POINT('',(1.716968322946,-1.050316524145));
#6524 = CARTESIAN_POINT('',(1.570796326795,-1.062499998634));
#6525 = CARTESIAN_POINT('',(1.424624330644,-1.074683473124));
#6526 = CARTESIAN_POINT('',(1.280115699493,-1.086454975984));
#6527 = CARTESIAN_POINT('',(1.138171925321,-1.09759401298));
#6528 = CARTESIAN_POINT('',(1.002172500595,-1.107346564663));
#6529 = CARTESIAN_POINT('',(0.861972899163,-1.118073664266));
#6530 = CARTESIAN_POINT('',(0.718194451223,-1.129663200723));
#6531 = CARTESIAN_POINT('',(0.57239557495,-1.14175379252));
#6532 = CARTESIAN_POINT('',(0.426066318229,-1.153977048645));
#6533 = CARTESIAN_POINT('',(0.280777247012,-1.165940683814));
#6534 = CARTESIAN_POINT('',(0.138039503798,-1.177274990885));
#6535 = CARTESIAN_POINT('',(4.543730968641E-02,-1.184226284516));
#6536 = CARTESIAN_POINT('',(0.,-1.187499998634));
#6537 = ( GEOMETRIC_REPRESENTATION_CONTEXT(2) 
PARAMETRIC_REPRESENTATION_CONTEXT() REPRESENTATION_CONTEXT('2D SPACE',''
  ) );
#6538 = PCURVE('',#1421,#6539);
#6539 = DEFINITIONAL_REPRESENTATION('',(#6540),#6544);
#6540 = LINE('',#6541,#6542);
#6541 = CARTESIAN_POINT('',(-1.127814204874E-15,0.));
#6542 = VECTOR('',#6543,1.);
#6543 = DIRECTION('',(1.802689399664E-14,1.));
#6544 = ( GEOMETRIC_REPRESENTATION_CONTEXT(2) 
PARAMETRIC_REPRESENTATION_CONTEXT() REPRESENTATION_CONTEXT('2D SPACE',''
  ) );
#6545 = ORIENTED_EDGE('',*,*,#6546,.F.);
#6546 = EDGE_CURVE('',#6421,#6498,#6547,.T.);
#6547 = SURFACE_CURVE('',#6548,(#6552,#6559),.PCURVE_S1.);
#6548 = LINE('',#6549,#6550);
#6549 = CARTESIAN_POINT('',(-36.5,-6.,0.));
#6550 = VECTOR('',#6551,1.);
#6551 = DIRECTION('',(-1.,3.330669073875E-16,-0.));
#6552 = PCURVE('',#6433,#6553);
#6553 = DEFINITIONAL_REPRESENTATION('',(#6554),#6558);
#6554 = LINE('',#6555,#6556);
#6555 = CARTESIAN_POINT('',(0.,0.));
#6556 = VECTOR('',#6557,1.);
#6557 = DIRECTION('',(0.,1.));
#6558 = ( GEOMETRIC_REPRESENTATION_CONTEXT(2) 
PARAMETRIC_REPRESENTATION_CONTEXT() REPRESENTATION_CONTEXT('2D SPACE',''
  ) );
#6559 = PCURVE('',#6333,#6560);
#6560 = DEFINITIONAL_REPRESENTATION('',(#6561),#6565);
#6561 = LINE('',#6562,#6563);
#6562 = CARTESIAN_POINT('',(6.28318530718,0.));
#6563 = VECTOR('',#6564,1.);
#6564 = DIRECTION('',(0.,1.));
#6565 = ( GEOMETRIC_REPRESENTATION_CONTEXT(2) 
PARAMETRIC_REPRESENTATION_CONTEXT() REPRESENTATION_CONTEXT('2D SPACE',''
  ) );
#6566 = ADVANCED_FACE('',(#6567),#3377,.T.);
#6567 = FACE_BOUND('',#6568,.T.);
#6568 = EDGE_LOOP('',(#6569,#6570,#6617,#6618));
#6569 = ORIENTED_EDGE('',*,*,#3361,.F.);
#6570 = ORIENTED_EDGE('',*,*,#6571,.F.);
#6571 = EDGE_CURVE('',#3438,#3328,#6572,.T.);
#6572 = SURFACE_CURVE('',#6573,(#6581,#6610),.PCURVE_S1.);
#6573 = ( BOUNDED_CURVE() B_SPLINE_CURVE(2,(#6574,#6575,#6576,#6577,
#6578,#6579,#6580),.UNSPECIFIED.,.F.,.F.) B_SPLINE_CURVE_WITH_KNOTS((3,2
    ,2,3),(0.92,0.926666666667,0.933333333333,0.94),
.PIECEWISE_BEZIER_KNOTS.) CURVE() GEOMETRIC_REPRESENTATION_ITEM() 
RATIONAL_B_SPLINE_CURVE((1.,0.866025403784,1.,0.866025403784,1.,
0.866025403784,1.)) REPRESENTATION_ITEM('') );
#6574 = CARTESIAN_POINT('',(-25.75,-6.,0.));
#6575 = CARTESIAN_POINT('',(-25.70833333333,-6.,-3.464101615138));
#6576 = CARTESIAN_POINT('',(-25.66666666666,-3.,-5.196152422707));
#6577 = CARTESIAN_POINT('',(-25.625,8.110609406316E-15,-6.928203230276)
  );
#6578 = CARTESIAN_POINT('',(-25.58333333333,3.,-5.196152422707));
#6579 = CARTESIAN_POINT('',(-25.54166666666,6.,-3.464101615138));
#6580 = CARTESIAN_POINT('',(-25.5,6.,-7.347880794884E-16));
#6581 = PCURVE('',#3377,#6582);
#6582 = DEFINITIONAL_REPRESENTATION('',(#6583),#6609);
#6583 = B_SPLINE_CURVE_WITH_KNOTS('',3,(#6584,#6585,#6586,#6587,#6588,
    #6589,#6590,#6591,#6592,#6593,#6594,#6595,#6596,#6597,#6598,#6599,
    #6600,#6601,#6602,#6603,#6604,#6605,#6606,#6607,#6608),
  .UNSPECIFIED.,.F.,.F.,(4,1,1,1,1,1,1,1,1,1,1,1,1,1,1,1,1,1,1,1,1,1,4),
  (0.92,0.920909090909,0.921818181818,0.922727272727,0.923636363636,
    0.924545454545,0.925454545455,0.926363636364,0.927272727273,
    0.928181818182,0.929090909091,0.93,0.930909090909,0.931818181818,
    0.932727272727,0.933636363636,0.934545454545,0.935454545455,
    0.936363636364,0.937272727273,0.938181818182,0.939090909091,0.94),
  .QUASI_UNIFORM_KNOTS.);
#6584 = CARTESIAN_POINT('',(6.28318530718,-10.75));
#6585 = CARTESIAN_POINT('',(6.237747997493,-10.75327371411));
#6586 = CARTESIAN_POINT('',(6.145145803381,-10.76022500775));
#6587 = CARTESIAN_POINT('',(6.002408060168,-10.77155931482));
#6588 = CARTESIAN_POINT('',(5.85711898895,-10.78352294998));
#6589 = CARTESIAN_POINT('',(5.710789732229,-10.79574620611));
#6590 = CARTESIAN_POINT('',(5.564990855957,-10.80783679791));
#6591 = CARTESIAN_POINT('',(5.421212408016,-10.81942633436));
#6592 = CARTESIAN_POINT('',(5.281012806584,-10.83015343397));
#6593 = CARTESIAN_POINT('',(5.145013381859,-10.83990598565));
#6594 = CARTESIAN_POINT('',(5.003069607686,-10.85104502265));
#6595 = CARTESIAN_POINT('',(4.858560976536,-10.86281652551));
#6596 = CARTESIAN_POINT('',(4.712388980385,-10.875));
#6597 = CARTESIAN_POINT('',(4.566216984234,-10.88718347449));
#6598 = CARTESIAN_POINT('',(4.421708353083,-10.89895497735));
#6599 = CARTESIAN_POINT('',(4.279764578911,-10.91009401434));
#6600 = CARTESIAN_POINT('',(4.143765154185,-10.91984656602));
#6601 = CARTESIAN_POINT('',(4.003565552753,-10.93057366563));
#6602 = CARTESIAN_POINT('',(3.859787104812,-10.94216320208));
#6603 = CARTESIAN_POINT('',(3.71398822854,-10.95425379388));
#6604 = CARTESIAN_POINT('',(3.567658971819,-10.96647705001));
#6605 = CARTESIAN_POINT('',(3.422369900601,-10.97844068517));
#6606 = CARTESIAN_POINT('',(3.279632157388,-10.98977499225));
#6607 = CARTESIAN_POINT('',(3.187029963276,-10.99672628588));
#6608 = CARTESIAN_POINT('',(3.14159265359,-11.));
#6609 = ( GEOMETRIC_REPRESENTATION_CONTEXT(2) 
PARAMETRIC_REPRESENTATION_CONTEXT() REPRESENTATION_CONTEXT('2D SPACE',''
  ) );
#6610 = PCURVE('',#2216,#6611);
#6611 = DEFINITIONAL_REPRESENTATION('',(#6612),#6616);
#6612 = LINE('',#6613,#6614);
#6613 = CARTESIAN_POINT('',(1.,0.));
#6614 = VECTOR('',#6615,1.);
#6615 = DIRECTION('',(0.,1.));
#6616 = ( GEOMETRIC_REPRESENTATION_CONTEXT(2) 
PARAMETRIC_REPRESENTATION_CONTEXT() REPRESENTATION_CONTEXT('2D SPACE',''
  ) );
#6617 = ORIENTED_EDGE('',*,*,#3568,.T.);
#6618 = ORIENTED_EDGE('',*,*,#6619,.T.);
#6619 = EDGE_CURVE('',#3520,#3362,#6620,.T.);
#6620 = SURFACE_CURVE('',#6621,(#6629,#6658),.PCURVE_S1.);
#6621 = ( BOUNDED_CURVE() B_SPLINE_CURVE(2,(#6622,#6623,#6624,#6625,
#6626,#6627,#6628),.UNSPECIFIED.,.F.,.F.) B_SPLINE_CURVE_WITH_KNOTS((3,2
    ,2,3),(0.88,0.886666666667,0.893333333333,0.9),
.PIECEWISE_BEZIER_KNOTS.) CURVE() GEOMETRIC_REPRESENTATION_ITEM() 
RATIONAL_B_SPLINE_CURVE((1.,0.866025403784,1.,0.866025403784,1.,
0.866025403784,1.)) REPRESENTATION_ITEM('') );
#6622 = CARTESIAN_POINT('',(-25.81250000136,-6.,0.));
#6623 = CARTESIAN_POINT('',(-25.77083333469,-6.,-3.464101615138));
#6624 = CARTESIAN_POINT('',(-25.72916666803,-3.,-5.196152422707));
#6625 = CARTESIAN_POINT('',(-25.68750000136,8.131426088482E-15,
    -6.928203230276));
#6626 = CARTESIAN_POINT('',(-25.64583333469,3.,-5.196152422707));
#6627 = CARTESIAN_POINT('',(-25.60416666803,6.,-3.464101615138));
#6628 = CARTESIAN_POINT('',(-25.56250000136,6.,-7.347880794884E-16));
#6629 = PCURVE('',#3377,#6630);
#6630 = DEFINITIONAL_REPRESENTATION('',(#6631),#6657);
#6631 = B_SPLINE_CURVE_WITH_KNOTS('',3,(#6632,#6633,#6634,#6635,#6636,
    #6637,#6638,#6639,#6640,#6641,#6642,#6643,#6644,#6645,#6646,#6647,
    #6648,#6649,#6650,#6651,#6652,#6653,#6654,#6655,#6656),
  .UNSPECIFIED.,.F.,.F.,(4,1,1,1,1,1,1,1,1,1,1,1,1,1,1,1,1,1,1,1,1,1,4),
  (0.88,0.880909090909,0.881818181818,0.882727272727,0.883636363636,
    0.884545454545,0.885454545455,0.886363636364,0.887272727273,
    0.888181818182,0.889090909091,0.89,0.890909090909,0.891818181818,
    0.892727272727,0.893636363636,0.894545454545,0.895454545455,
    0.896363636364,0.897272727273,0.898181818182,0.899090909091,0.9),
  .QUASI_UNIFORM_KNOTS.);
#6632 = CARTESIAN_POINT('',(6.28318530718,-10.68749999863));
#6633 = CARTESIAN_POINT('',(6.237747997493,-10.69077371275));
#6634 = CARTESIAN_POINT('',(6.145145803381,-10.69772500638));
#6635 = CARTESIAN_POINT('',(6.002408060168,-10.70905931345));
#6636 = CARTESIAN_POINT('',(5.85711898895,-10.72102294862));
#6637 = CARTESIAN_POINT('',(5.710789732229,-10.73324620474));
#6638 = CARTESIAN_POINT('',(5.564990855957,-10.74533679654));
#6639 = CARTESIAN_POINT('',(5.421212408016,-10.756926333));
#6640 = CARTESIAN_POINT('',(5.281012806584,-10.7676534326));
#6641 = CARTESIAN_POINT('',(5.145013381859,-10.77740598428));
#6642 = CARTESIAN_POINT('',(5.003069607686,-10.78854502128));
#6643 = CARTESIAN_POINT('',(4.858560976536,-10.80031652414));
#6644 = CARTESIAN_POINT('',(4.712388980385,-10.81249999863));
#6645 = CARTESIAN_POINT('',(4.566216984234,-10.82468347312));
#6646 = CARTESIAN_POINT('',(4.421708353083,-10.83645497598));
#6647 = CARTESIAN_POINT('',(4.279764578911,-10.84759401298));
#6648 = CARTESIAN_POINT('',(4.143765154185,-10.85734656466));
#6649 = CARTESIAN_POINT('',(4.003565552753,-10.86807366426));
#6650 = CARTESIAN_POINT('',(3.859787104812,-10.87966320072));
#6651 = CARTESIAN_POINT('',(3.71398822854,-10.89175379252));
#6652 = CARTESIAN_POINT('',(3.567658971819,-10.90397704864));
#6653 = CARTESIAN_POINT('',(3.422369900601,-10.91594068381));
#6654 = CARTESIAN_POINT('',(3.279632157388,-10.92727499088));
#6655 = CARTESIAN_POINT('',(3.187029963276,-10.93422628451));
#6656 = CARTESIAN_POINT('',(3.14159265359,-10.93749999863));
#6657 = ( GEOMETRIC_REPRESENTATION_CONTEXT(2) 
PARAMETRIC_REPRESENTATION_CONTEXT() REPRESENTATION_CONTEXT('2D SPACE',''
  ) );
#6658 = PCURVE('',#1421,#6659);
#6659 = DEFINITIONAL_REPRESENTATION('',(#6660),#6664);
#6660 = LINE('',#6661,#6662);
#6661 = CARTESIAN_POINT('',(1.910099406828E-13,0.));
#6662 = VECTOR('',#6663,1.);
#6663 = DIRECTION('',(-2.126674000452E-13,1.));
#6664 = ( GEOMETRIC_REPRESENTATION_CONTEXT(2) 
PARAMETRIC_REPRESENTATION_CONTEXT() REPRESENTATION_CONTEXT('2D SPACE',''
  ) );
#6665 = ADVANCED_FACE('',(#6666),#3507,.T.);
#6666 = FACE_BOUND('',#6667,.T.);
#6667 = EDGE_LOOP('',(#6668,#6669,#6716,#6717));
#6668 = ORIENTED_EDGE('',*,*,#3491,.F.);
#6669 = ORIENTED_EDGE('',*,*,#6670,.F.);
#6670 = EDGE_CURVE('',#3595,#3436,#6671,.T.);
#6671 = SURFACE_CURVE('',#6672,(#6680,#6709),.PCURVE_S1.);
#6672 = ( BOUNDED_CURVE() B_SPLINE_CURVE(2,(#6673,#6674,#6675,#6676,
#6677,#6678,#6679),.UNSPECIFIED.,.F.,.F.) B_SPLINE_CURVE_WITH_KNOTS((3,2
    ,2,3),(0.88,0.886666666667,0.893333333333,0.9),
.PIECEWISE_BEZIER_KNOTS.) CURVE() GEOMETRIC_REPRESENTATION_ITEM() 
RATIONAL_B_SPLINE_CURVE((1.,0.866025403784,1.,0.866025403784,1.,
0.866025403784,1.)) REPRESENTATION_ITEM('') );
#6673 = CARTESIAN_POINT('',(-26.25,-6.,0.));
#6674 = CARTESIAN_POINT('',(-26.20833333333,-6.,-3.464101615138));
#6675 = CARTESIAN_POINT('',(-26.16666666666,-3.,-5.196152422707));
#6676 = CARTESIAN_POINT('',(-26.125,8.27714286001E-15,-6.928203230276));
#6677 = CARTESIAN_POINT('',(-26.08333333333,3.,-5.196152422707));
#6678 = CARTESIAN_POINT('',(-26.04166666666,6.,-3.464101615138));
#6679 = CARTESIAN_POINT('',(-26.,6.,-7.347880794884E-16));
#6680 = PCURVE('',#3507,#6681);
#6681 = DEFINITIONAL_REPRESENTATION('',(#6682),#6708);
#6682 = B_SPLINE_CURVE_WITH_KNOTS('',3,(#6683,#6684,#6685,#6686,#6687,
    #6688,#6689,#6690,#6691,#6692,#6693,#6694,#6695,#6696,#6697,#6698,
    #6699,#6700,#6701,#6702,#6703,#6704,#6705,#6706,#6707),
  .UNSPECIFIED.,.F.,.F.,(4,1,1,1,1,1,1,1,1,1,1,1,1,1,1,1,1,1,1,1,1,1,4),
  (0.88,0.880909090909,0.881818181818,0.882727272727,0.883636363636,
    0.884545454545,0.885454545455,0.886363636364,0.887272727273,
    0.888181818182,0.889090909091,0.89,0.890909090909,0.891818181818,
    0.892727272727,0.893636363636,0.894545454545,0.895454545455,
    0.896363636364,0.897272727273,0.898181818182,0.899090909091,0.9),
  .QUASI_UNIFORM_KNOTS.);
#6683 = CARTESIAN_POINT('',(6.28318530718,-10.25));
#6684 = CARTESIAN_POINT('',(6.237747997493,-10.25327371411));
#6685 = CARTESIAN_POINT('',(6.145145803381,-10.26022500775));
#6686 = CARTESIAN_POINT('',(6.002408060168,-10.27155931482));
#6687 = CARTESIAN_POINT('',(5.85711898895,-10.28352294998));
#6688 = CARTESIAN_POINT('',(5.710789732229,-10.29574620611));
#6689 = CARTESIAN_POINT('',(5.564990855957,-10.30783679791));
#6690 = CARTESIAN_POINT('',(5.421212408016,-10.31942633436));
#6691 = CARTESIAN_POINT('',(5.281012806584,-10.33015343397));
#6692 = CARTESIAN_POINT('',(5.145013381859,-10.33990598565));
#6693 = CARTESIAN_POINT('',(5.003069607686,-10.35104502265));
#6694 = CARTESIAN_POINT('',(4.858560976536,-10.36281652551));
#6695 = CARTESIAN_POINT('',(4.712388980385,-10.375));
#6696 = CARTESIAN_POINT('',(4.566216984234,-10.38718347449));
#6697 = CARTESIAN_POINT('',(4.421708353083,-10.39895497735));
#6698 = CARTESIAN_POINT('',(4.279764578911,-10.41009401434));
#6699 = CARTESIAN_POINT('',(4.143765154185,-10.41984656602));
#6700 = CARTESIAN_POINT('',(4.003565552753,-10.43057366563));
#6701 = CARTESIAN_POINT('',(3.859787104812,-10.44216320208));
#6702 = CARTESIAN_POINT('',(3.71398822854,-10.45425379388));
#6703 = CARTESIAN_POINT('',(3.567658971819,-10.46647705001));
#6704 = CARTESIAN_POINT('',(3.422369900601,-10.47844068517));
#6705 = CARTESIAN_POINT('',(3.279632157388,-10.48977499225));
#6706 = CARTESIAN_POINT('',(3.187029963276,-10.49672628588));
#6707 = CARTESIAN_POINT('',(3.14159265359,-10.5));
#6708 = ( GEOMETRIC_REPRESENTATION_CONTEXT(2) 
PARAMETRIC_REPRESENTATION_CONTEXT() REPRESENTATION_CONTEXT('2D SPACE',''
  ) );
#6709 = PCURVE('',#2216,#6710);
#6710 = DEFINITIONAL_REPRESENTATION('',(#6711),#6715);
#6711 = LINE('',#6712,#6713);
#6712 = CARTESIAN_POINT('',(1.,0.));
#6713 = VECTOR('',#6714,1.);
#6714 = DIRECTION('',(1.110223024625E-13,1.));
#6715 = ( GEOMETRIC_REPRESENTATION_CONTEXT(2) 
PARAMETRIC_REPRESENTATION_CONTEXT() REPRESENTATION_CONTEXT('2D SPACE',''
  ) );
#6716 = ORIENTED_EDGE('',*,*,#3725,.T.);
#6717 = ORIENTED_EDGE('',*,*,#6718,.T.);
#6718 = EDGE_CURVE('',#3677,#3492,#6719,.T.);
#6719 = SURFACE_CURVE('',#6720,(#6728,#6757),.PCURVE_S1.);
#6720 = ( BOUNDED_CURVE() B_SPLINE_CURVE(2,(#6721,#6722,#6723,#6724,
#6725,#6726,#6727),.UNSPECIFIED.,.F.,.F.) B_SPLINE_CURVE_WITH_KNOTS((3,2
    ,2,3),(0.84,0.846666666667,0.853333333333,0.86),
.PIECEWISE_BEZIER_KNOTS.) CURVE() GEOMETRIC_REPRESENTATION_ITEM() 
RATIONAL_B_SPLINE_CURVE((1.,0.866025403784,1.,0.866025403784,1.,
0.866025403784,1.)) REPRESENTATION_ITEM('') );
#6721 = CARTESIAN_POINT('',(-26.31250000136,-6.,0.));
#6722 = CARTESIAN_POINT('',(-26.27083333469,-6.,-3.464101615138));
#6723 = CARTESIAN_POINT('',(-26.22916666803,-3.,-5.196152422707));
#6724 = CARTESIAN_POINT('',(-26.18750000136,8.297959542176E-15,
    -6.928203230276));
#6725 = CARTESIAN_POINT('',(-26.14583333469,3.,-5.196152422707));
#6726 = CARTESIAN_POINT('',(-26.10416666803,6.,-3.464101615138));
#6727 = CARTESIAN_POINT('',(-26.06250000136,6.,-7.347880794884E-16));
#6728 = PCURVE('',#3507,#6729);
#6729 = DEFINITIONAL_REPRESENTATION('',(#6730),#6756);
#6730 = B_SPLINE_CURVE_WITH_KNOTS('',3,(#6731,#6732,#6733,#6734,#6735,
    #6736,#6737,#6738,#6739,#6740,#6741,#6742,#6743,#6744,#6745,#6746,
    #6747,#6748,#6749,#6750,#6751,#6752,#6753,#6754,#6755),
  .UNSPECIFIED.,.F.,.F.,(4,1,1,1,1,1,1,1,1,1,1,1,1,1,1,1,1,1,1,1,1,1,4),
  (0.84,0.840909090909,0.841818181818,0.842727272727,0.843636363636,
    0.844545454545,0.845454545455,0.846363636364,0.847272727273,
    0.848181818182,0.849090909091,0.85,0.850909090909,0.851818181818,
    0.852727272727,0.853636363636,0.854545454545,0.855454545455,
    0.856363636364,0.857272727273,0.858181818182,0.859090909091,0.86),
  .QUASI_UNIFORM_KNOTS.);
#6731 = CARTESIAN_POINT('',(6.28318530718,-10.18749999863));
#6732 = CARTESIAN_POINT('',(6.237747997493,-10.19077371275));
#6733 = CARTESIAN_POINT('',(6.145145803381,-10.19772500638));
#6734 = CARTESIAN_POINT('',(6.002408060168,-10.20905931345));
#6735 = CARTESIAN_POINT('',(5.85711898895,-10.22102294862));
#6736 = CARTESIAN_POINT('',(5.710789732229,-10.23324620474));
#6737 = CARTESIAN_POINT('',(5.564990855957,-10.24533679654));
#6738 = CARTESIAN_POINT('',(5.421212408016,-10.256926333));
#6739 = CARTESIAN_POINT('',(5.281012806584,-10.2676534326));
#6740 = CARTESIAN_POINT('',(5.145013381859,-10.27740598428));
#6741 = CARTESIAN_POINT('',(5.003069607686,-10.28854502128));
#6742 = CARTESIAN_POINT('',(4.858560976536,-10.30031652414));
#6743 = CARTESIAN_POINT('',(4.712388980385,-10.31249999863));
#6744 = CARTESIAN_POINT('',(4.566216984234,-10.32468347312));
#6745 = CARTESIAN_POINT('',(4.421708353083,-10.33645497598));
#6746 = CARTESIAN_POINT('',(4.279764578911,-10.34759401298));
#6747 = CARTESIAN_POINT('',(4.143765154185,-10.35734656466));
#6748 = CARTESIAN_POINT('',(4.003565552753,-10.36807366426));
#6749 = CARTESIAN_POINT('',(3.859787104812,-10.37966320072));
#6750 = CARTESIAN_POINT('',(3.71398822854,-10.39175379252));
#6751 = CARTESIAN_POINT('',(3.567658971819,-10.40397704864));
#6752 = CARTESIAN_POINT('',(3.422369900601,-10.41594068381));
#6753 = CARTESIAN_POINT('',(3.279632157388,-10.42727499088));
#6754 = CARTESIAN_POINT('',(3.187029963276,-10.43422628451));
#6755 = CARTESIAN_POINT('',(3.14159265359,-10.43749999863));
#6756 = ( GEOMETRIC_REPRESENTATION_CONTEXT(2) 
PARAMETRIC_REPRESENTATION_CONTEXT() REPRESENTATION_CONTEXT('2D SPACE',''
  ) );
#6757 = PCURVE('',#1421,#6758);
#6758 = DEFINITIONAL_REPRESENTATION('',(#6759),#6763);
#6759 = LINE('',#6760,#6761);
#6760 = CARTESIAN_POINT('',(-1.727676161856E-16,1.110223024625E-16));
#6761 = VECTOR('',#6762,1.);
#6762 = DIRECTION('',(-2.534322578185E-16,1.));
#6763 = ( GEOMETRIC_REPRESENTATION_CONTEXT(2) 
PARAMETRIC_REPRESENTATION_CONTEXT() REPRESENTATION_CONTEXT('2D SPACE',''
  ) );
#6764 = ADVANCED_FACE('',(#6765),#3664,.T.);
#6765 = FACE_BOUND('',#6766,.T.);
#6766 = EDGE_LOOP('',(#6767,#6768,#6815,#6816));
#6767 = ORIENTED_EDGE('',*,*,#3648,.F.);
#6768 = ORIENTED_EDGE('',*,*,#6769,.F.);
#6769 = EDGE_CURVE('',#3752,#3593,#6770,.T.);
#6770 = SURFACE_CURVE('',#6771,(#6779,#6808),.PCURVE_S1.);
#6771 = ( BOUNDED_CURVE() B_SPLINE_CURVE(2,(#6772,#6773,#6774,#6775,
#6776,#6777,#6778),.UNSPECIFIED.,.F.,.F.) B_SPLINE_CURVE_WITH_KNOTS((3,2
    ,2,3),(0.84,0.846666666667,0.853333333333,0.86),
.PIECEWISE_BEZIER_KNOTS.) CURVE() GEOMETRIC_REPRESENTATION_ITEM() 
RATIONAL_B_SPLINE_CURVE((1.,0.866025403784,1.,0.866025403784,1.,
0.866025403784,1.)) REPRESENTATION_ITEM('') );
#6772 = CARTESIAN_POINT('',(-26.75,-6.,0.));
#6773 = CARTESIAN_POINT('',(-26.70833333333,-6.,-3.464101615138));
#6774 = CARTESIAN_POINT('',(-26.66666666666,-3.,-5.196152422707));
#6775 = CARTESIAN_POINT('',(-26.625,8.443676313703E-15,-6.928203230276)
  );
#6776 = CARTESIAN_POINT('',(-26.58333333333,3.,-5.196152422707));
#6777 = CARTESIAN_POINT('',(-26.54166666666,6.,-3.464101615138));
#6778 = CARTESIAN_POINT('',(-26.5,6.,-7.347880794884E-16));
#6779 = PCURVE('',#3664,#6780);
#6780 = DEFINITIONAL_REPRESENTATION('',(#6781),#6807);
#6781 = B_SPLINE_CURVE_WITH_KNOTS('',3,(#6782,#6783,#6784,#6785,#6786,
    #6787,#6788,#6789,#6790,#6791,#6792,#6793,#6794,#6795,#6796,#6797,
    #6798,#6799,#6800,#6801,#6802,#6803,#6804,#6805,#6806),
  .UNSPECIFIED.,.F.,.F.,(4,1,1,1,1,1,1,1,1,1,1,1,1,1,1,1,1,1,1,1,1,1,4),
  (0.84,0.840909090909,0.841818181818,0.842727272727,0.843636363636,
    0.844545454545,0.845454545455,0.846363636364,0.847272727273,
    0.848181818182,0.849090909091,0.85,0.850909090909,0.851818181818,
    0.852727272727,0.853636363636,0.854545454545,0.855454545455,
    0.856363636364,0.857272727273,0.858181818182,0.859090909091,0.86),
  .QUASI_UNIFORM_KNOTS.);
#6782 = CARTESIAN_POINT('',(6.28318530718,-9.75));
#6783 = CARTESIAN_POINT('',(6.237747997493,-9.753273714118));
#6784 = CARTESIAN_POINT('',(6.145145803381,-9.76022500775));
#6785 = CARTESIAN_POINT('',(6.002408060168,-9.771559314821));
#6786 = CARTESIAN_POINT('',(5.85711898895,-9.783522949989));
#6787 = CARTESIAN_POINT('',(5.710789732229,-9.795746206114));
#6788 = CARTESIAN_POINT('',(5.564990855957,-9.807836797911));
#6789 = CARTESIAN_POINT('',(5.421212408016,-9.819426334368));
#6790 = CARTESIAN_POINT('',(5.281012806584,-9.830153433971));
#6791 = CARTESIAN_POINT('',(5.145013381859,-9.839905985654));
#6792 = CARTESIAN_POINT('',(5.003069607686,-9.85104502265));
#6793 = CARTESIAN_POINT('',(4.858560976536,-9.86281652551));
#6794 = CARTESIAN_POINT('',(4.712388980385,-9.875));
#6795 = CARTESIAN_POINT('',(4.566216984234,-9.88718347449));
#6796 = CARTESIAN_POINT('',(4.421708353083,-9.89895497735));
#6797 = CARTESIAN_POINT('',(4.279764578911,-9.910094014345));
#6798 = CARTESIAN_POINT('',(4.143765154185,-9.919846566029));
#6799 = CARTESIAN_POINT('',(4.003565552753,-9.930573665632));
#6800 = CARTESIAN_POINT('',(3.859787104812,-9.942163202089));
#6801 = CARTESIAN_POINT('',(3.71398822854,-9.954253793886));
#6802 = CARTESIAN_POINT('',(3.567658971819,-9.966477050011));
#6803 = CARTESIAN_POINT('',(3.422369900601,-9.978440685179));
#6804 = CARTESIAN_POINT('',(3.279632157388,-9.98977499225));
#6805 = CARTESIAN_POINT('',(3.187029963276,-9.996726285882));
#6806 = CARTESIAN_POINT('',(3.14159265359,-10.));
#6807 = ( GEOMETRIC_REPRESENTATION_CONTEXT(2) 
PARAMETRIC_REPRESENTATION_CONTEXT() REPRESENTATION_CONTEXT('2D SPACE',''
  ) );
#6808 = PCURVE('',#2216,#6809);
#6809 = DEFINITIONAL_REPRESENTATION('',(#6810),#6814);
#6810 = LINE('',#6811,#6812);
#6811 = CARTESIAN_POINT('',(1.,1.110223024625E-16));
#6812 = VECTOR('',#6813,1.);
#6813 = DIRECTION('',(0.,1.));
#6814 = ( GEOMETRIC_REPRESENTATION_CONTEXT(2) 
PARAMETRIC_REPRESENTATION_CONTEXT() REPRESENTATION_CONTEXT('2D SPACE',''
  ) );
#6815 = ORIENTED_EDGE('',*,*,#3882,.T.);
#6816 = ORIENTED_EDGE('',*,*,#6817,.T.);
#6817 = EDGE_CURVE('',#3834,#3649,#6818,.T.);
#6818 = SURFACE_CURVE('',#6819,(#6827,#6856),.PCURVE_S1.);
#6819 = ( BOUNDED_CURVE() B_SPLINE_CURVE(2,(#6820,#6821,#6822,#6823,
#6824,#6825,#6826),.UNSPECIFIED.,.F.,.F.) B_SPLINE_CURVE_WITH_KNOTS((3,2
    ,2,3),(0.8,0.806666666667,0.813333333333,0.82),
.PIECEWISE_BEZIER_KNOTS.) CURVE() GEOMETRIC_REPRESENTATION_ITEM() 
RATIONAL_B_SPLINE_CURVE((1.,0.866025403784,1.,0.866025403784,1.,
0.866025403784,1.)) REPRESENTATION_ITEM('') );
#6820 = CARTESIAN_POINT('',(-26.81250000136,-6.,0.));
#6821 = CARTESIAN_POINT('',(-26.77083333469,-6.,-3.464101615138));
#6822 = CARTESIAN_POINT('',(-26.72916666803,-3.,-5.196152422707));
#6823 = CARTESIAN_POINT('',(-26.68750000136,8.46449299587E-15,
    -6.928203230276));
#6824 = CARTESIAN_POINT('',(-26.64583333469,3.,-5.196152422707));
#6825 = CARTESIAN_POINT('',(-26.60416666803,6.,-3.464101615138));
#6826 = CARTESIAN_POINT('',(-26.56250000136,6.,-7.347880794884E-16));
#6827 = PCURVE('',#3664,#6828);
#6828 = DEFINITIONAL_REPRESENTATION('',(#6829),#6855);
#6829 = B_SPLINE_CURVE_WITH_KNOTS('',3,(#6830,#6831,#6832,#6833,#6834,
    #6835,#6836,#6837,#6838,#6839,#6840,#6841,#6842,#6843,#6844,#6845,
    #6846,#6847,#6848,#6849,#6850,#6851,#6852,#6853,#6854),
  .UNSPECIFIED.,.F.,.F.,(4,1,1,1,1,1,1,1,1,1,1,1,1,1,1,1,1,1,1,1,1,1,4),
  (0.8,0.800909090909,0.801818181818,0.802727272727,0.803636363636,
    0.804545454545,0.805454545455,0.806363636364,0.807272727273,
    0.808181818182,0.809090909091,0.81,0.810909090909,0.811818181818,
    0.812727272727,0.813636363636,0.814545454545,0.815454545455,
    0.816363636364,0.817272727273,0.818181818182,0.819090909091,0.82),
  .QUASI_UNIFORM_KNOTS.);
#6830 = CARTESIAN_POINT('',(6.28318530718,-9.687499998634));
#6831 = CARTESIAN_POINT('',(6.237747997493,-9.690773712753));
#6832 = CARTESIAN_POINT('',(6.145145803381,-9.697725006384));
#6833 = CARTESIAN_POINT('',(6.002408060168,-9.709059313455));
#6834 = CARTESIAN_POINT('',(5.85711898895,-9.721022948624));
#6835 = CARTESIAN_POINT('',(5.710789732229,-9.733246204748));
#6836 = CARTESIAN_POINT('',(5.564990855957,-9.745336796545));
#6837 = CARTESIAN_POINT('',(5.421212408016,-9.756926333003));
#6838 = CARTESIAN_POINT('',(5.281012806584,-9.767653432606));
#6839 = CARTESIAN_POINT('',(5.145013381859,-9.777405984289));
#6840 = CARTESIAN_POINT('',(5.003069607686,-9.788545021285));
#6841 = CARTESIAN_POINT('',(4.858560976536,-9.800316524145));
#6842 = CARTESIAN_POINT('',(4.712388980385,-9.812499998634));
#6843 = CARTESIAN_POINT('',(4.566216984234,-9.824683473124));
#6844 = CARTESIAN_POINT('',(4.421708353083,-9.836454975984));
#6845 = CARTESIAN_POINT('',(4.279764578911,-9.84759401298));
#6846 = CARTESIAN_POINT('',(4.143765154185,-9.857346564663));
#6847 = CARTESIAN_POINT('',(4.003565552753,-9.868073664266));
#6848 = CARTESIAN_POINT('',(3.859787104812,-9.879663200723));
#6849 = CARTESIAN_POINT('',(3.71398822854,-9.89175379252));
#6850 = CARTESIAN_POINT('',(3.567658971819,-9.903977048645));
#6851 = CARTESIAN_POINT('',(3.422369900601,-9.915940683814));
#6852 = CARTESIAN_POINT('',(3.279632157388,-9.927274990885));
#6853 = CARTESIAN_POINT('',(3.187029963276,-9.934226284516));
#6854 = CARTESIAN_POINT('',(3.14159265359,-9.937499998634));
#6855 = ( GEOMETRIC_REPRESENTATION_CONTEXT(2) 
PARAMETRIC_REPRESENTATION_CONTEXT() REPRESENTATION_CONTEXT('2D SPACE',''
  ) );
#6856 = PCURVE('',#1421,#6857);
#6857 = DEFINITIONAL_REPRESENTATION('',(#6858),#6862);
#6858 = LINE('',#6859,#6860);
#6859 = CARTESIAN_POINT('',(4.225110827607E-16,0.));
#6860 = VECTOR('',#6861,1.);
#6861 = DIRECTION('',(-5.34004722693E-16,1.));
#6862 = ( GEOMETRIC_REPRESENTATION_CONTEXT(2) 
PARAMETRIC_REPRESENTATION_CONTEXT() REPRESENTATION_CONTEXT('2D SPACE',''
  ) );
#6863 = ADVANCED_FACE('',(#6864),#3821,.T.);
#6864 = FACE_BOUND('',#6865,.T.);
#6865 = EDGE_LOOP('',(#6866,#6867,#6914,#6915));
#6866 = ORIENTED_EDGE('',*,*,#3805,.F.);
#6867 = ORIENTED_EDGE('',*,*,#6868,.F.);
#6868 = EDGE_CURVE('',#3909,#3750,#6869,.T.);
#6869 = SURFACE_CURVE('',#6870,(#6878,#6907),.PCURVE_S1.);
#6870 = ( BOUNDED_CURVE() B_SPLINE_CURVE(2,(#6871,#6872,#6873,#6874,
#6875,#6876,#6877),.UNSPECIFIED.,.F.,.F.) B_SPLINE_CURVE_WITH_KNOTS((3,2
    ,2,3),(0.8,0.806666666667,0.813333333333,0.82),
.PIECEWISE_BEZIER_KNOTS.) CURVE() GEOMETRIC_REPRESENTATION_ITEM() 
RATIONAL_B_SPLINE_CURVE((1.,0.866025403784,1.,0.866025403784,1.,
0.866025403784,1.)) REPRESENTATION_ITEM('') );
#6871 = CARTESIAN_POINT('',(-27.25,-6.,0.));
#6872 = CARTESIAN_POINT('',(-27.20833333333,-6.,-3.464101615138));
#6873 = CARTESIAN_POINT('',(-27.16666666666,-3.,-5.196152422707));
#6874 = CARTESIAN_POINT('',(-27.125,8.610209767397E-15,-6.928203230276)
  );
#6875 = CARTESIAN_POINT('',(-27.08333333333,3.,-5.196152422707));
#6876 = CARTESIAN_POINT('',(-27.04166666666,6.,-3.464101615138));
#6877 = CARTESIAN_POINT('',(-27.,6.,-7.347880794884E-16));
#6878 = PCURVE('',#3821,#6879);
#6879 = DEFINITIONAL_REPRESENTATION('',(#6880),#6906);
#6880 = B_SPLINE_CURVE_WITH_KNOTS('',3,(#6881,#6882,#6883,#6884,#6885,
    #6886,#6887,#6888,#6889,#6890,#6891,#6892,#6893,#6894,#6895,#6896,
    #6897,#6898,#6899,#6900,#6901,#6902,#6903,#6904,#6905),
  .UNSPECIFIED.,.F.,.F.,(4,1,1,1,1,1,1,1,1,1,1,1,1,1,1,1,1,1,1,1,1,1,4),
  (0.8,0.800909090909,0.801818181818,0.802727272727,0.803636363636,
    0.804545454545,0.805454545455,0.806363636364,0.807272727273,
    0.808181818182,0.809090909091,0.81,0.810909090909,0.811818181818,
    0.812727272727,0.813636363636,0.814545454545,0.815454545455,
    0.816363636364,0.817272727273,0.818181818182,0.819090909091,0.82),
  .QUASI_UNIFORM_KNOTS.);
#6881 = CARTESIAN_POINT('',(6.28318530718,-9.25));
#6882 = CARTESIAN_POINT('',(6.237747997493,-9.253273714118));
#6883 = CARTESIAN_POINT('',(6.145145803381,-9.26022500775));
#6884 = CARTESIAN_POINT('',(6.002408060168,-9.271559314821));
#6885 = CARTESIAN_POINT('',(5.85711898895,-9.283522949989));
#6886 = CARTESIAN_POINT('',(5.710789732229,-9.295746206114));
#6887 = CARTESIAN_POINT('',(5.564990855957,-9.307836797911));
#6888 = CARTESIAN_POINT('',(5.421212408016,-9.319426334368));
#6889 = CARTESIAN_POINT('',(5.281012806584,-9.330153433971));
#6890 = CARTESIAN_POINT('',(5.145013381859,-9.339905985654));
#6891 = CARTESIAN_POINT('',(5.003069607686,-9.35104502265));
#6892 = CARTESIAN_POINT('',(4.858560976536,-9.36281652551));
#6893 = CARTESIAN_POINT('',(4.712388980385,-9.375));
#6894 = CARTESIAN_POINT('',(4.566216984234,-9.38718347449));
#6895 = CARTESIAN_POINT('',(4.421708353083,-9.39895497735));
#6896 = CARTESIAN_POINT('',(4.279764578911,-9.410094014345));
#6897 = CARTESIAN_POINT('',(4.143765154185,-9.419846566029));
#6898 = CARTESIAN_POINT('',(4.003565552753,-9.430573665632));
#6899 = CARTESIAN_POINT('',(3.859787104812,-9.442163202089));
#6900 = CARTESIAN_POINT('',(3.71398822854,-9.454253793886));
#6901 = CARTESIAN_POINT('',(3.567658971819,-9.466477050011));
#6902 = CARTESIAN_POINT('',(3.422369900601,-9.478440685179));
#6903 = CARTESIAN_POINT('',(3.279632157388,-9.48977499225));
#6904 = CARTESIAN_POINT('',(3.187029963276,-9.496726285882));
#6905 = CARTESIAN_POINT('',(3.14159265359,-9.5));
#6906 = ( GEOMETRIC_REPRESENTATION_CONTEXT(2) 
PARAMETRIC_REPRESENTATION_CONTEXT() REPRESENTATION_CONTEXT('2D SPACE',''
  ) );
#6907 = PCURVE('',#2216,#6908);
#6908 = DEFINITIONAL_REPRESENTATION('',(#6909),#6913);
#6909 = LINE('',#6910,#6911);
#6910 = CARTESIAN_POINT('',(1.,0.));
#6911 = VECTOR('',#6912,1.);
#6912 = DIRECTION('',(-1.443289932013E-13,1.));
#6913 = ( GEOMETRIC_REPRESENTATION_CONTEXT(2) 
PARAMETRIC_REPRESENTATION_CONTEXT() REPRESENTATION_CONTEXT('2D SPACE',''
  ) );
#6914 = ORIENTED_EDGE('',*,*,#4039,.T.);
#6915 = ORIENTED_EDGE('',*,*,#6916,.T.);
#6916 = EDGE_CURVE('',#3991,#3806,#6917,.T.);
#6917 = SURFACE_CURVE('',#6918,(#6926,#6955),.PCURVE_S1.);
#6918 = ( BOUNDED_CURVE() B_SPLINE_CURVE(2,(#6919,#6920,#6921,#6922,
#6923,#6924,#6925),.UNSPECIFIED.,.F.,.F.) B_SPLINE_CURVE_WITH_KNOTS((3,2
    ,2,3),(0.76,0.766666666667,0.773333333333,0.78),
.PIECEWISE_BEZIER_KNOTS.) CURVE() GEOMETRIC_REPRESENTATION_ITEM() 
RATIONAL_B_SPLINE_CURVE((1.,0.866025403784,1.,0.866025403784,1.,
0.866025403784,1.)) REPRESENTATION_ITEM('') );
#6919 = CARTESIAN_POINT('',(-27.31250000136,-6.,0.));
#6920 = CARTESIAN_POINT('',(-27.27083333469,-6.,-3.464101615138));
#6921 = CARTESIAN_POINT('',(-27.22916666803,-3.,-5.196152422707));
#6922 = CARTESIAN_POINT('',(-27.18750000136,8.631026449564E-15,
    -6.928203230276));
#6923 = CARTESIAN_POINT('',(-27.14583333469,3.,-5.196152422707));
#6924 = CARTESIAN_POINT('',(-27.10416666803,6.,-3.464101615138));
#6925 = CARTESIAN_POINT('',(-27.06250000136,6.,-7.347880794884E-16));
#6926 = PCURVE('',#3821,#6927);
#6927 = DEFINITIONAL_REPRESENTATION('',(#6928),#6954);
#6928 = B_SPLINE_CURVE_WITH_KNOTS('',3,(#6929,#6930,#6931,#6932,#6933,
    #6934,#6935,#6936,#6937,#6938,#6939,#6940,#6941,#6942,#6943,#6944,
    #6945,#6946,#6947,#6948,#6949,#6950,#6951,#6952,#6953),
  .UNSPECIFIED.,.F.,.F.,(4,1,1,1,1,1,1,1,1,1,1,1,1,1,1,1,1,1,1,1,1,1,4),
  (0.76,0.760909090909,0.761818181818,0.762727272727,0.763636363636,
    0.764545454545,0.765454545455,0.766363636364,0.767272727273,
    0.768181818182,0.769090909091,0.77,0.770909090909,0.771818181818,
    0.772727272727,0.773636363636,0.774545454545,0.775454545455,
    0.776363636364,0.777272727273,0.778181818182,0.779090909091,0.78),
  .QUASI_UNIFORM_KNOTS.);
#6929 = CARTESIAN_POINT('',(6.28318530718,-9.187499998634));
#6930 = CARTESIAN_POINT('',(6.237747997493,-9.190773712753));
#6931 = CARTESIAN_POINT('',(6.145145803381,-9.197725006384));
#6932 = CARTESIAN_POINT('',(6.002408060168,-9.209059313455));
#6933 = CARTESIAN_POINT('',(5.85711898895,-9.221022948624));
#6934 = CARTESIAN_POINT('',(5.710789732229,-9.233246204748));
#6935 = CARTESIAN_POINT('',(5.564990855957,-9.245336796545));
#6936 = CARTESIAN_POINT('',(5.421212408016,-9.256926333003));
#6937 = CARTESIAN_POINT('',(5.281012806584,-9.267653432606));
#6938 = CARTESIAN_POINT('',(5.145013381859,-9.277405984289));
#6939 = CARTESIAN_POINT('',(5.003069607686,-9.288545021285));
#6940 = CARTESIAN_POINT('',(4.858560976536,-9.300316524145));
#6941 = CARTESIAN_POINT('',(4.712388980385,-9.312499998634));
#6942 = CARTESIAN_POINT('',(4.566216984234,-9.324683473124));
#6943 = CARTESIAN_POINT('',(4.421708353083,-9.336454975984));
#6944 = CARTESIAN_POINT('',(4.279764578911,-9.34759401298));
#6945 = CARTESIAN_POINT('',(4.143765154185,-9.357346564663));
#6946 = CARTESIAN_POINT('',(4.003565552753,-9.368073664266));
#6947 = CARTESIAN_POINT('',(3.859787104812,-9.379663200723));
#6948 = CARTESIAN_POINT('',(3.71398822854,-9.39175379252));
#6949 = CARTESIAN_POINT('',(3.567658971819,-9.403977048645));
#6950 = CARTESIAN_POINT('',(3.422369900601,-9.415940683814));
#6951 = CARTESIAN_POINT('',(3.279632157388,-9.427274990885));
#6952 = CARTESIAN_POINT('',(3.187029963276,-9.434226284516));
#6953 = CARTESIAN_POINT('',(3.14159265359,-9.437499998634));
#6954 = ( GEOMETRIC_REPRESENTATION_CONTEXT(2) 
PARAMETRIC_REPRESENTATION_CONTEXT() REPRESENTATION_CONTEXT('2D SPACE',''
  ) );
#6955 = PCURVE('',#1421,#6956);
#6956 = DEFINITIONAL_REPRESENTATION('',(#6957),#6961);
#6957 = LINE('',#6958,#6959);
#6958 = CARTESIAN_POINT('',(1.505143665953E-16,0.));
#6959 = VECTOR('',#6960,1.);
#6960 = DIRECTION('',(-6.938893903907E-16,1.));
#6961 = ( GEOMETRIC_REPRESENTATION_CONTEXT(2) 
PARAMETRIC_REPRESENTATION_CONTEXT() REPRESENTATION_CONTEXT('2D SPACE',''
  ) );
#6962 = ADVANCED_FACE('',(#6963),#3978,.T.);
#6963 = FACE_BOUND('',#6964,.T.);
#6964 = EDGE_LOOP('',(#6965,#6966,#7013,#7014));
#6965 = ORIENTED_EDGE('',*,*,#3962,.F.);
#6966 = ORIENTED_EDGE('',*,*,#6967,.F.);
#6967 = EDGE_CURVE('',#4066,#3907,#6968,.T.);
#6968 = SURFACE_CURVE('',#6969,(#6977,#7006),.PCURVE_S1.);
#6969 = ( BOUNDED_CURVE() B_SPLINE_CURVE(2,(#6970,#6971,#6972,#6973,
#6974,#6975,#6976),.UNSPECIFIED.,.F.,.F.) B_SPLINE_CURVE_WITH_KNOTS((3,2
    ,2,3),(0.76,0.766666666667,0.773333333333,0.78),
.PIECEWISE_BEZIER_KNOTS.) CURVE() GEOMETRIC_REPRESENTATION_ITEM() 
RATIONAL_B_SPLINE_CURVE((1.,0.866025403784,1.,0.866025403784,1.,
0.866025403784,1.)) REPRESENTATION_ITEM('') );
#6970 = CARTESIAN_POINT('',(-27.75,-6.,0.));
#6971 = CARTESIAN_POINT('',(-27.70833333333,-6.,-3.464101615138));
#6972 = CARTESIAN_POINT('',(-27.66666666666,-3.,-5.196152422707));
#6973 = CARTESIAN_POINT('',(-27.625,8.776743221091E-15,-6.928203230276)
  );
#6974 = CARTESIAN_POINT('',(-27.58333333333,3.,-5.196152422707));
#6975 = CARTESIAN_POINT('',(-27.54166666666,6.,-3.464101615138));
#6976 = CARTESIAN_POINT('',(-27.5,6.,-7.347880794884E-16));
#6977 = PCURVE('',#3978,#6978);
#6978 = DEFINITIONAL_REPRESENTATION('',(#6979),#7005);
#6979 = B_SPLINE_CURVE_WITH_KNOTS('',3,(#6980,#6981,#6982,#6983,#6984,
    #6985,#6986,#6987,#6988,#6989,#6990,#6991,#6992,#6993,#6994,#6995,
    #6996,#6997,#6998,#6999,#7000,#7001,#7002,#7003,#7004),
  .UNSPECIFIED.,.F.,.F.,(4,1,1,1,1,1,1,1,1,1,1,1,1,1,1,1,1,1,1,1,1,1,4),
  (0.76,0.760909090909,0.761818181818,0.762727272727,0.763636363636,
    0.764545454545,0.765454545455,0.766363636364,0.767272727273,
    0.768181818182,0.769090909091,0.77,0.770909090909,0.771818181818,
    0.772727272727,0.773636363636,0.774545454545,0.775454545455,
    0.776363636364,0.777272727273,0.778181818182,0.779090909091,0.78),
  .QUASI_UNIFORM_KNOTS.);
#6980 = CARTESIAN_POINT('',(6.28318530718,-8.75));
#6981 = CARTESIAN_POINT('',(6.237747997493,-8.753273714118));
#6982 = CARTESIAN_POINT('',(6.145145803381,-8.76022500775));
#6983 = CARTESIAN_POINT('',(6.002408060168,-8.771559314821));
#6984 = CARTESIAN_POINT('',(5.85711898895,-8.783522949989));
#6985 = CARTESIAN_POINT('',(5.710789732229,-8.795746206114));
#6986 = CARTESIAN_POINT('',(5.564990855957,-8.807836797911));
#6987 = CARTESIAN_POINT('',(5.421212408016,-8.819426334368));
#6988 = CARTESIAN_POINT('',(5.281012806584,-8.830153433971));
#6989 = CARTESIAN_POINT('',(5.145013381859,-8.839905985654));
#6990 = CARTESIAN_POINT('',(5.003069607686,-8.85104502265));
#6991 = CARTESIAN_POINT('',(4.858560976536,-8.86281652551));
#6992 = CARTESIAN_POINT('',(4.712388980385,-8.875));
#6993 = CARTESIAN_POINT('',(4.566216984234,-8.88718347449));
#6994 = CARTESIAN_POINT('',(4.421708353083,-8.89895497735));
#6995 = CARTESIAN_POINT('',(4.279764578911,-8.910094014345));
#6996 = CARTESIAN_POINT('',(4.143765154185,-8.919846566029));
#6997 = CARTESIAN_POINT('',(4.003565552753,-8.930573665632));
#6998 = CARTESIAN_POINT('',(3.859787104812,-8.942163202089));
#6999 = CARTESIAN_POINT('',(3.71398822854,-8.954253793886));
#7000 = CARTESIAN_POINT('',(3.567658971819,-8.966477050011));
#7001 = CARTESIAN_POINT('',(3.422369900601,-8.978440685179));
#7002 = CARTESIAN_POINT('',(3.279632157388,-8.98977499225));
#7003 = CARTESIAN_POINT('',(3.187029963276,-8.996726285882));
#7004 = CARTESIAN_POINT('',(3.14159265359,-9.));
#7005 = ( GEOMETRIC_REPRESENTATION_CONTEXT(2) 
PARAMETRIC_REPRESENTATION_CONTEXT() REPRESENTATION_CONTEXT('2D SPACE',''
  ) );
#7006 = PCURVE('',#2216,#7007);
#7007 = DEFINITIONAL_REPRESENTATION('',(#7008),#7012);
#7008 = LINE('',#7009,#7010);
#7009 = CARTESIAN_POINT('',(1.,0.));
#7010 = VECTOR('',#7011,1.);
#7011 = DIRECTION('',(1.110223024625E-13,1.));
#7012 = ( GEOMETRIC_REPRESENTATION_CONTEXT(2) 
PARAMETRIC_REPRESENTATION_CONTEXT() REPRESENTATION_CONTEXT('2D SPACE',''
  ) );
#7013 = ORIENTED_EDGE('',*,*,#4196,.T.);
#7014 = ORIENTED_EDGE('',*,*,#7015,.T.);
#7015 = EDGE_CURVE('',#4148,#3963,#7016,.T.);
#7016 = SURFACE_CURVE('',#7017,(#7025,#7054),.PCURVE_S1.);
#7017 = ( BOUNDED_CURVE() B_SPLINE_CURVE(2,(#7018,#7019,#7020,#7021,
#7022,#7023,#7024),.UNSPECIFIED.,.F.,.F.) B_SPLINE_CURVE_WITH_KNOTS((3,2
    ,2,3),(0.72,0.726666666667,0.733333333333,0.74),
.PIECEWISE_BEZIER_KNOTS.) CURVE() GEOMETRIC_REPRESENTATION_ITEM() 
RATIONAL_B_SPLINE_CURVE((1.,0.866025403784,1.,0.866025403784,1.,
0.866025403784,1.)) REPRESENTATION_ITEM('') );
#7018 = CARTESIAN_POINT('',(-27.81250000136,-6.,0.));
#7019 = CARTESIAN_POINT('',(-27.77083333469,-6.,-3.464101615138));
#7020 = CARTESIAN_POINT('',(-27.72916666803,-3.,-5.196152422707));
#7021 = CARTESIAN_POINT('',(-27.68750000136,8.797559903258E-15,
    -6.928203230276));
#7022 = CARTESIAN_POINT('',(-27.64583333469,3.,-5.196152422707));
#7023 = CARTESIAN_POINT('',(-27.60416666803,6.,-3.464101615138));
#7024 = CARTESIAN_POINT('',(-27.56250000136,6.,-7.347880794884E-16));
#7025 = PCURVE('',#3978,#7026);
#7026 = DEFINITIONAL_REPRESENTATION('',(#7027),#7053);
#7027 = B_SPLINE_CURVE_WITH_KNOTS('',3,(#7028,#7029,#7030,#7031,#7032,
    #7033,#7034,#7035,#7036,#7037,#7038,#7039,#7040,#7041,#7042,#7043,
    #7044,#7045,#7046,#7047,#7048,#7049,#7050,#7051,#7052),
  .UNSPECIFIED.,.F.,.F.,(4,1,1,1,1,1,1,1,1,1,1,1,1,1,1,1,1,1,1,1,1,1,4),
  (0.72,0.720909090909,0.721818181818,0.722727272727,0.723636363636,
    0.724545454545,0.725454545455,0.726363636364,0.727272727273,
    0.728181818182,0.729090909091,0.73,0.730909090909,0.731818181818,
    0.732727272727,0.733636363636,0.734545454545,0.735454545455,
    0.736363636364,0.737272727273,0.738181818182,0.739090909091,0.74),
  .QUASI_UNIFORM_KNOTS.);
#7028 = CARTESIAN_POINT('',(6.28318530718,-8.687499998634));
#7029 = CARTESIAN_POINT('',(6.237747997493,-8.690773712753));
#7030 = CARTESIAN_POINT('',(6.145145803381,-8.697725006384));
#7031 = CARTESIAN_POINT('',(6.002408060168,-8.709059313455));
#7032 = CARTESIAN_POINT('',(5.85711898895,-8.721022948624));
#7033 = CARTESIAN_POINT('',(5.710789732229,-8.733246204748));
#7034 = CARTESIAN_POINT('',(5.564990855957,-8.745336796545));
#7035 = CARTESIAN_POINT('',(5.421212408016,-8.756926333003));
#7036 = CARTESIAN_POINT('',(5.281012806584,-8.767653432606));
#7037 = CARTESIAN_POINT('',(5.145013381859,-8.777405984289));
#7038 = CARTESIAN_POINT('',(5.003069607686,-8.788545021285));
#7039 = CARTESIAN_POINT('',(4.858560976536,-8.800316524145));
#7040 = CARTESIAN_POINT('',(4.712388980385,-8.812499998634));
#7041 = CARTESIAN_POINT('',(4.566216984234,-8.824683473124));
#7042 = CARTESIAN_POINT('',(4.421708353083,-8.836454975984));
#7043 = CARTESIAN_POINT('',(4.279764578911,-8.84759401298));
#7044 = CARTESIAN_POINT('',(4.143765154185,-8.857346564663));
#7045 = CARTESIAN_POINT('',(4.003565552753,-8.868073664266));
#7046 = CARTESIAN_POINT('',(3.859787104812,-8.879663200723));
#7047 = CARTESIAN_POINT('',(3.71398822854,-8.89175379252));
#7048 = CARTESIAN_POINT('',(3.567658971819,-8.903977048645));
#7049 = CARTESIAN_POINT('',(3.422369900601,-8.915940683814));
#7050 = CARTESIAN_POINT('',(3.279632157388,-8.927274990885));
#7051 = CARTESIAN_POINT('',(3.187029963276,-8.934226284516));
#7052 = CARTESIAN_POINT('',(3.14159265359,-8.937499998634));
#7053 = ( GEOMETRIC_REPRESENTATION_CONTEXT(2) 
PARAMETRIC_REPRESENTATION_CONTEXT() REPRESENTATION_CONTEXT('2D SPACE',''
  ) );
#7054 = PCURVE('',#1421,#7055);
#7055 = DEFINITIONAL_REPRESENTATION('',(#7056),#7060);
#7056 = LINE('',#7057,#7058);
#7057 = CARTESIAN_POINT('',(-1.025012052232E-13,0.));
#7058 = VECTOR('',#7059,1.);
#7059 = DIRECTION('',(1.418393939627E-13,1.));
#7060 = ( GEOMETRIC_REPRESENTATION_CONTEXT(2) 
PARAMETRIC_REPRESENTATION_CONTEXT() REPRESENTATION_CONTEXT('2D SPACE',''
  ) );
#7061 = ADVANCED_FACE('',(#7062),#4135,.T.);
#7062 = FACE_BOUND('',#7063,.T.);
#7063 = EDGE_LOOP('',(#7064,#7065,#7112,#7113));
#7064 = ORIENTED_EDGE('',*,*,#4119,.F.);
#7065 = ORIENTED_EDGE('',*,*,#7066,.F.);
#7066 = EDGE_CURVE('',#4223,#4064,#7067,.T.);
#7067 = SURFACE_CURVE('',#7068,(#7076,#7105),.PCURVE_S1.);
#7068 = ( BOUNDED_CURVE() B_SPLINE_CURVE(2,(#7069,#7070,#7071,#7072,
#7073,#7074,#7075),.UNSPECIFIED.,.F.,.F.) B_SPLINE_CURVE_WITH_KNOTS((3,2
    ,2,3),(0.72,0.726666666667,0.733333333333,0.74),
.PIECEWISE_BEZIER_KNOTS.) CURVE() GEOMETRIC_REPRESENTATION_ITEM() 
RATIONAL_B_SPLINE_CURVE((1.,0.866025403784,1.,0.866025403784,1.,
0.866025403784,1.)) REPRESENTATION_ITEM('') );
#7069 = CARTESIAN_POINT('',(-28.25,-6.,0.));
#7070 = CARTESIAN_POINT('',(-28.20833333333,-6.,-3.464101615138));
#7071 = CARTESIAN_POINT('',(-28.16666666666,-3.,-5.196152422707));
#7072 = CARTESIAN_POINT('',(-28.125,8.943276674785E-15,-6.928203230276)
  );
#7073 = CARTESIAN_POINT('',(-28.08333333333,3.,-5.196152422707));
#7074 = CARTESIAN_POINT('',(-28.04166666666,6.,-3.464101615138));
#7075 = CARTESIAN_POINT('',(-28.,6.,-7.347880794884E-16));
#7076 = PCURVE('',#4135,#7077);
#7077 = DEFINITIONAL_REPRESENTATION('',(#7078),#7104);
#7078 = B_SPLINE_CURVE_WITH_KNOTS('',3,(#7079,#7080,#7081,#7082,#7083,
    #7084,#7085,#7086,#7087,#7088,#7089,#7090,#7091,#7092,#7093,#7094,
    #7095,#7096,#7097,#7098,#7099,#7100,#7101,#7102,#7103),
  .UNSPECIFIED.,.F.,.F.,(4,1,1,1,1,1,1,1,1,1,1,1,1,1,1,1,1,1,1,1,1,1,4),
  (0.72,0.720909090909,0.721818181818,0.722727272727,0.723636363636,
    0.724545454545,0.725454545455,0.726363636364,0.727272727273,
    0.728181818182,0.729090909091,0.73,0.730909090909,0.731818181818,
    0.732727272727,0.733636363636,0.734545454545,0.735454545455,
    0.736363636364,0.737272727273,0.738181818182,0.739090909091,0.74),
  .QUASI_UNIFORM_KNOTS.);
#7079 = CARTESIAN_POINT('',(6.28318530718,-8.25));
#7080 = CARTESIAN_POINT('',(6.237747997493,-8.253273714118));
#7081 = CARTESIAN_POINT('',(6.145145803381,-8.26022500775));
#7082 = CARTESIAN_POINT('',(6.002408060168,-8.271559314821));
#7083 = CARTESIAN_POINT('',(5.85711898895,-8.283522949989));
#7084 = CARTESIAN_POINT('',(5.710789732229,-8.295746206114));
#7085 = CARTESIAN_POINT('',(5.564990855957,-8.307836797911));
#7086 = CARTESIAN_POINT('',(5.421212408016,-8.319426334368));
#7087 = CARTESIAN_POINT('',(5.281012806584,-8.330153433971));
#7088 = CARTESIAN_POINT('',(5.145013381859,-8.339905985654));
#7089 = CARTESIAN_POINT('',(5.003069607686,-8.35104502265));
#7090 = CARTESIAN_POINT('',(4.858560976536,-8.36281652551));
#7091 = CARTESIAN_POINT('',(4.712388980385,-8.375));
#7092 = CARTESIAN_POINT('',(4.566216984234,-8.38718347449));
#7093 = CARTESIAN_POINT('',(4.421708353083,-8.39895497735));
#7094 = CARTESIAN_POINT('',(4.279764578911,-8.410094014345));
#7095 = CARTESIAN_POINT('',(4.143765154185,-8.419846566029));
#7096 = CARTESIAN_POINT('',(4.003565552753,-8.430573665632));
#7097 = CARTESIAN_POINT('',(3.859787104812,-8.442163202089));
#7098 = CARTESIAN_POINT('',(3.71398822854,-8.454253793886));
#7099 = CARTESIAN_POINT('',(3.567658971819,-8.466477050011));
#7100 = CARTESIAN_POINT('',(3.422369900601,-8.478440685179));
#7101 = CARTESIAN_POINT('',(3.279632157388,-8.48977499225));
#7102 = CARTESIAN_POINT('',(3.187029963276,-8.496726285882));
#7103 = CARTESIAN_POINT('',(3.14159265359,-8.5));
#7104 = ( GEOMETRIC_REPRESENTATION_CONTEXT(2) 
PARAMETRIC_REPRESENTATION_CONTEXT() REPRESENTATION_CONTEXT('2D SPACE',''
  ) );
#7105 = PCURVE('',#2216,#7106);
#7106 = DEFINITIONAL_REPRESENTATION('',(#7107),#7111);
#7107 = LINE('',#7108,#7109);
#7108 = CARTESIAN_POINT('',(1.,0.));
#7109 = VECTOR('',#7110,1.);
#7110 = DIRECTION('',(0.,1.));
#7111 = ( GEOMETRIC_REPRESENTATION_CONTEXT(2) 
PARAMETRIC_REPRESENTATION_CONTEXT() REPRESENTATION_CONTEXT('2D SPACE',''
  ) );
#7112 = ORIENTED_EDGE('',*,*,#4353,.T.);
#7113 = ORIENTED_EDGE('',*,*,#7114,.T.);
#7114 = EDGE_CURVE('',#4305,#4120,#7115,.T.);
#7115 = SURFACE_CURVE('',#7116,(#7124,#7153),.PCURVE_S1.);
#7116 = ( BOUNDED_CURVE() B_SPLINE_CURVE(2,(#7117,#7118,#7119,#7120,
#7121,#7122,#7123),.UNSPECIFIED.,.F.,.F.) B_SPLINE_CURVE_WITH_KNOTS((3,2
    ,2,3),(0.68,0.686666666667,0.693333333333,0.7),
.PIECEWISE_BEZIER_KNOTS.) CURVE() GEOMETRIC_REPRESENTATION_ITEM() 
RATIONAL_B_SPLINE_CURVE((1.,0.866025403784,1.,0.866025403784,1.,
0.866025403784,1.)) REPRESENTATION_ITEM('') );
#7117 = CARTESIAN_POINT('',(-28.31250000136,-6.,0.));
#7118 = CARTESIAN_POINT('',(-28.27083333469,-6.,-3.464101615138));
#7119 = CARTESIAN_POINT('',(-28.22916666803,-3.,-5.196152422707));
#7120 = CARTESIAN_POINT('',(-28.18750000136,8.964093356951E-15,
    -6.928203230276));
#7121 = CARTESIAN_POINT('',(-28.14583333469,3.,-5.196152422707));
#7122 = CARTESIAN_POINT('',(-28.10416666803,6.,-3.464101615138));
#7123 = CARTESIAN_POINT('',(-28.06250000136,6.,-7.347880794884E-16));
#7124 = PCURVE('',#4135,#7125);
#7125 = DEFINITIONAL_REPRESENTATION('',(#7126),#7152);
#7126 = B_SPLINE_CURVE_WITH_KNOTS('',3,(#7127,#7128,#7129,#7130,#7131,
    #7132,#7133,#7134,#7135,#7136,#7137,#7138,#7139,#7140,#7141,#7142,
    #7143,#7144,#7145,#7146,#7147,#7148,#7149,#7150,#7151),
  .UNSPECIFIED.,.F.,.F.,(4,1,1,1,1,1,1,1,1,1,1,1,1,1,1,1,1,1,1,1,1,1,4),
  (0.68,0.680909090909,0.681818181818,0.682727272727,0.683636363636,
    0.684545454545,0.685454545455,0.686363636364,0.687272727273,
    0.688181818182,0.689090909091,0.69,0.690909090909,0.691818181818,
    0.692727272727,0.693636363636,0.694545454545,0.695454545455,
    0.696363636364,0.697272727273,0.698181818182,0.699090909091,0.7),
  .QUASI_UNIFORM_KNOTS.);
#7127 = CARTESIAN_POINT('',(6.28318530718,-8.187499998634));
#7128 = CARTESIAN_POINT('',(6.237747997493,-8.190773712753));
#7129 = CARTESIAN_POINT('',(6.145145803381,-8.197725006384));
#7130 = CARTESIAN_POINT('',(6.002408060168,-8.209059313455));
#7131 = CARTESIAN_POINT('',(5.85711898895,-8.221022948624));
#7132 = CARTESIAN_POINT('',(5.710789732229,-8.233246204748));
#7133 = CARTESIAN_POINT('',(5.564990855957,-8.245336796545));
#7134 = CARTESIAN_POINT('',(5.421212408016,-8.256926333003));
#7135 = CARTESIAN_POINT('',(5.281012806584,-8.267653432606));
#7136 = CARTESIAN_POINT('',(5.145013381859,-8.277405984289));
#7137 = CARTESIAN_POINT('',(5.003069607686,-8.288545021285));
#7138 = CARTESIAN_POINT('',(4.858560976536,-8.300316524145));
#7139 = CARTESIAN_POINT('',(4.712388980385,-8.312499998634));
#7140 = CARTESIAN_POINT('',(4.566216984234,-8.324683473124));
#7141 = CARTESIAN_POINT('',(4.421708353083,-8.336454975984));
#7142 = CARTESIAN_POINT('',(4.279764578911,-8.34759401298));
#7143 = CARTESIAN_POINT('',(4.143765154185,-8.357346564663));
#7144 = CARTESIAN_POINT('',(4.003565552753,-8.368073664266));
#7145 = CARTESIAN_POINT('',(3.859787104812,-8.379663200723));
#7146 = CARTESIAN_POINT('',(3.71398822854,-8.39175379252));
#7147 = CARTESIAN_POINT('',(3.567658971819,-8.403977048645));
#7148 = CARTESIAN_POINT('',(3.422369900601,-8.415940683814));
#7149 = CARTESIAN_POINT('',(3.279632157388,-8.427274990885));
#7150 = CARTESIAN_POINT('',(3.187029963276,-8.434226284516));
#7151 = CARTESIAN_POINT('',(3.14159265359,-8.437499998634));
#7152 = ( GEOMETRIC_REPRESENTATION_CONTEXT(2) 
PARAMETRIC_REPRESENTATION_CONTEXT() REPRESENTATION_CONTEXT('2D SPACE',''
  ) );
#7153 = PCURVE('',#1421,#7154);
#7154 = DEFINITIONAL_REPRESENTATION('',(#7155),#7159);
#7155 = LINE('',#7156,#7157);
#7156 = CARTESIAN_POINT('',(9.611930663293E-14,2.22044604925E-16));
#7157 = VECTOR('',#7158,1.);
#7158 = DIRECTION('',(-1.419186762466E-13,1.));
#7159 = ( GEOMETRIC_REPRESENTATION_CONTEXT(2) 
PARAMETRIC_REPRESENTATION_CONTEXT() REPRESENTATION_CONTEXT('2D SPACE',''
  ) );
#7160 = ADVANCED_FACE('',(#7161),#4292,.T.);
#7161 = FACE_BOUND('',#7162,.T.);
#7162 = EDGE_LOOP('',(#7163,#7164,#7211,#7212));
#7163 = ORIENTED_EDGE('',*,*,#4276,.F.);
#7164 = ORIENTED_EDGE('',*,*,#7165,.F.);
#7165 = EDGE_CURVE('',#4380,#4221,#7166,.T.);
#7166 = SURFACE_CURVE('',#7167,(#7175,#7204),.PCURVE_S1.);
#7167 = ( BOUNDED_CURVE() B_SPLINE_CURVE(2,(#7168,#7169,#7170,#7171,
#7172,#7173,#7174),.UNSPECIFIED.,.F.,.F.) B_SPLINE_CURVE_WITH_KNOTS((3,2
    ,2,3),(0.68,0.686666666667,0.693333333333,0.7),
.PIECEWISE_BEZIER_KNOTS.) CURVE() GEOMETRIC_REPRESENTATION_ITEM() 
RATIONAL_B_SPLINE_CURVE((1.,0.866025403784,1.,0.866025403784,1.,
0.866025403784,1.)) REPRESENTATION_ITEM('') );
#7168 = CARTESIAN_POINT('',(-28.75,-6.,0.));
#7169 = CARTESIAN_POINT('',(-28.70833333333,-6.,-3.464101615138));
#7170 = CARTESIAN_POINT('',(-28.66666666666,-3.,-5.196152422707));
#7171 = CARTESIAN_POINT('',(-28.625,9.109810128479E-15,-6.928203230276)
  );
#7172 = CARTESIAN_POINT('',(-28.58333333333,3.,-5.196152422707));
#7173 = CARTESIAN_POINT('',(-28.54166666666,6.,-3.464101615138));
#7174 = CARTESIAN_POINT('',(-28.5,6.,-7.347880794884E-16));
#7175 = PCURVE('',#4292,#7176);
#7176 = DEFINITIONAL_REPRESENTATION('',(#7177),#7203);
#7177 = B_SPLINE_CURVE_WITH_KNOTS('',3,(#7178,#7179,#7180,#7181,#7182,
    #7183,#7184,#7185,#7186,#7187,#7188,#7189,#7190,#7191,#7192,#7193,
    #7194,#7195,#7196,#7197,#7198,#7199,#7200,#7201,#7202),
  .UNSPECIFIED.,.F.,.F.,(4,1,1,1,1,1,1,1,1,1,1,1,1,1,1,1,1,1,1,1,1,1,4),
  (0.68,0.680909090909,0.681818181818,0.682727272727,0.683636363636,
    0.684545454545,0.685454545455,0.686363636364,0.687272727273,
    0.688181818182,0.689090909091,0.69,0.690909090909,0.691818181818,
    0.692727272727,0.693636363636,0.694545454545,0.695454545455,
    0.696363636364,0.697272727273,0.698181818182,0.699090909091,0.7),
  .QUASI_UNIFORM_KNOTS.);
#7178 = CARTESIAN_POINT('',(6.28318530718,-7.75));
#7179 = CARTESIAN_POINT('',(6.237747997493,-7.753273714118));
#7180 = CARTESIAN_POINT('',(6.145145803381,-7.76022500775));
#7181 = CARTESIAN_POINT('',(6.002408060168,-7.771559314821));
#7182 = CARTESIAN_POINT('',(5.85711898895,-7.783522949989));
#7183 = CARTESIAN_POINT('',(5.710789732229,-7.795746206114));
#7184 = CARTESIAN_POINT('',(5.564990855957,-7.807836797911));
#7185 = CARTESIAN_POINT('',(5.421212408016,-7.819426334368));
#7186 = CARTESIAN_POINT('',(5.281012806584,-7.830153433971));
#7187 = CARTESIAN_POINT('',(5.145013381859,-7.839905985654));
#7188 = CARTESIAN_POINT('',(5.003069607686,-7.85104502265));
#7189 = CARTESIAN_POINT('',(4.858560976536,-7.86281652551));
#7190 = CARTESIAN_POINT('',(4.712388980385,-7.875));
#7191 = CARTESIAN_POINT('',(4.566216984234,-7.88718347449));
#7192 = CARTESIAN_POINT('',(4.421708353083,-7.89895497735));
#7193 = CARTESIAN_POINT('',(4.279764578911,-7.910094014345));
#7194 = CARTESIAN_POINT('',(4.143765154185,-7.919846566029));
#7195 = CARTESIAN_POINT('',(4.003565552753,-7.930573665632));
#7196 = CARTESIAN_POINT('',(3.859787104812,-7.942163202089));
#7197 = CARTESIAN_POINT('',(3.71398822854,-7.954253793886));
#7198 = CARTESIAN_POINT('',(3.567658971819,-7.966477050011));
#7199 = CARTESIAN_POINT('',(3.422369900601,-7.978440685179));
#7200 = CARTESIAN_POINT('',(3.279632157388,-7.98977499225));
#7201 = CARTESIAN_POINT('',(3.187029963276,-7.996726285882));
#7202 = CARTESIAN_POINT('',(3.14159265359,-8.));
#7203 = ( GEOMETRIC_REPRESENTATION_CONTEXT(2) 
PARAMETRIC_REPRESENTATION_CONTEXT() REPRESENTATION_CONTEXT('2D SPACE',''
  ) );
#7204 = PCURVE('',#2216,#7205);
#7205 = DEFINITIONAL_REPRESENTATION('',(#7206),#7210);
#7206 = LINE('',#7207,#7208);
#7207 = CARTESIAN_POINT('',(1.,2.22044604925E-16));
#7208 = VECTOR('',#7209,1.);
#7209 = DIRECTION('',(0.,1.));
#7210 = ( GEOMETRIC_REPRESENTATION_CONTEXT(2) 
PARAMETRIC_REPRESENTATION_CONTEXT() REPRESENTATION_CONTEXT('2D SPACE',''
  ) );
#7211 = ORIENTED_EDGE('',*,*,#4510,.T.);
#7212 = ORIENTED_EDGE('',*,*,#7213,.T.);
#7213 = EDGE_CURVE('',#4462,#4277,#7214,.T.);
#7214 = SURFACE_CURVE('',#7215,(#7223,#7252),.PCURVE_S1.);
#7215 = ( BOUNDED_CURVE() B_SPLINE_CURVE(2,(#7216,#7217,#7218,#7219,
#7220,#7221,#7222),.UNSPECIFIED.,.F.,.F.) B_SPLINE_CURVE_WITH_KNOTS((3,2
    ,2,3),(0.64,0.646666666667,0.653333333333,0.66),
.PIECEWISE_BEZIER_KNOTS.) CURVE() GEOMETRIC_REPRESENTATION_ITEM() 
RATIONAL_B_SPLINE_CURVE((1.,0.866025403784,1.,0.866025403784,1.,
0.866025403784,1.)) REPRESENTATION_ITEM('') );
#7216 = CARTESIAN_POINT('',(-28.81250000136,-6.,0.));
#7217 = CARTESIAN_POINT('',(-28.77083333469,-6.,-3.464101615138));
#7218 = CARTESIAN_POINT('',(-28.72916666803,-3.,-5.196152422707));
#7219 = CARTESIAN_POINT('',(-28.68750000136,9.130626810645E-15,
    -6.928203230276));
#7220 = CARTESIAN_POINT('',(-28.64583333469,3.,-5.196152422707));
#7221 = CARTESIAN_POINT('',(-28.60416666803,6.,-3.464101615138));
#7222 = CARTESIAN_POINT('',(-28.56250000136,6.,-7.347880794884E-16));
#7223 = PCURVE('',#4292,#7224);
#7224 = DEFINITIONAL_REPRESENTATION('',(#7225),#7251);
#7225 = B_SPLINE_CURVE_WITH_KNOTS('',3,(#7226,#7227,#7228,#7229,#7230,
    #7231,#7232,#7233,#7234,#7235,#7236,#7237,#7238,#7239,#7240,#7241,
    #7242,#7243,#7244,#7245,#7246,#7247,#7248,#7249,#7250),
  .UNSPECIFIED.,.F.,.F.,(4,1,1,1,1,1,1,1,1,1,1,1,1,1,1,1,1,1,1,1,1,1,4),
  (0.64,0.640909090909,0.641818181818,0.642727272727,0.643636363636,
    0.644545454545,0.645454545455,0.646363636364,0.647272727273,
    0.648181818182,0.649090909091,0.65,0.650909090909,0.651818181818,
    0.652727272727,0.653636363636,0.654545454545,0.655454545455,
    0.656363636364,0.657272727273,0.658181818182,0.659090909091,0.66),
  .QUASI_UNIFORM_KNOTS.);
#7226 = CARTESIAN_POINT('',(6.28318530718,-7.687499998634));
#7227 = CARTESIAN_POINT('',(6.237747997493,-7.690773712753));
#7228 = CARTESIAN_POINT('',(6.145145803381,-7.697725006384));
#7229 = CARTESIAN_POINT('',(6.002408060168,-7.709059313455));
#7230 = CARTESIAN_POINT('',(5.85711898895,-7.721022948624));
#7231 = CARTESIAN_POINT('',(5.710789732229,-7.733246204748));
#7232 = CARTESIAN_POINT('',(5.564990855957,-7.745336796545));
#7233 = CARTESIAN_POINT('',(5.421212408016,-7.756926333003));
#7234 = CARTESIAN_POINT('',(5.281012806584,-7.767653432606));
#7235 = CARTESIAN_POINT('',(5.145013381859,-7.777405984289));
#7236 = CARTESIAN_POINT('',(5.003069607686,-7.788545021285));
#7237 = CARTESIAN_POINT('',(4.858560976536,-7.800316524145));
#7238 = CARTESIAN_POINT('',(4.712388980385,-7.812499998634));
#7239 = CARTESIAN_POINT('',(4.566216984234,-7.824683473124));
#7240 = CARTESIAN_POINT('',(4.421708353083,-7.836454975984));
#7241 = CARTESIAN_POINT('',(4.279764578911,-7.84759401298));
#7242 = CARTESIAN_POINT('',(4.143765154185,-7.857346564663));
#7243 = CARTESIAN_POINT('',(4.003565552753,-7.868073664266));
#7244 = CARTESIAN_POINT('',(3.859787104812,-7.879663200723));
#7245 = CARTESIAN_POINT('',(3.71398822854,-7.89175379252));
#7246 = CARTESIAN_POINT('',(3.567658971819,-7.903977048645));
#7247 = CARTESIAN_POINT('',(3.422369900601,-7.915940683814));
#7248 = CARTESIAN_POINT('',(3.279632157388,-7.927274990885));
#7249 = CARTESIAN_POINT('',(3.187029963276,-7.934226284516));
#7250 = CARTESIAN_POINT('',(3.14159265359,-7.937499998634));
#7251 = ( GEOMETRIC_REPRESENTATION_CONTEXT(2) 
PARAMETRIC_REPRESENTATION_CONTEXT() REPRESENTATION_CONTEXT('2D SPACE',''
  ) );
#7252 = PCURVE('',#1421,#7253);
#7253 = DEFINITIONAL_REPRESENTATION('',(#7254),#7258);
#7254 = LINE('',#7255,#7256);
#7255 = CARTESIAN_POINT('',(1.205822551184E-15,0.));
#7256 = VECTOR('',#7257,1.);
#7257 = DIRECTION('',(-2.663071586168E-16,1.));
#7258 = ( GEOMETRIC_REPRESENTATION_CONTEXT(2) 
PARAMETRIC_REPRESENTATION_CONTEXT() REPRESENTATION_CONTEXT('2D SPACE',''
  ) );
#7259 = ADVANCED_FACE('',(#7260),#4449,.T.);
#7260 = FACE_BOUND('',#7261,.T.);
#7261 = EDGE_LOOP('',(#7262,#7263,#7310,#7311));
#7262 = ORIENTED_EDGE('',*,*,#4433,.F.);
#7263 = ORIENTED_EDGE('',*,*,#7264,.F.);
#7264 = EDGE_CURVE('',#4537,#4378,#7265,.T.);
#7265 = SURFACE_CURVE('',#7266,(#7274,#7303),.PCURVE_S1.);
#7266 = ( BOUNDED_CURVE() B_SPLINE_CURVE(2,(#7267,#7268,#7269,#7270,
#7271,#7272,#7273),.UNSPECIFIED.,.F.,.F.) B_SPLINE_CURVE_WITH_KNOTS((3,2
    ,2,3),(0.64,0.646666666667,0.653333333333,0.66),
.PIECEWISE_BEZIER_KNOTS.) CURVE() GEOMETRIC_REPRESENTATION_ITEM() 
RATIONAL_B_SPLINE_CURVE((1.,0.866025403784,1.,0.866025403784,1.,
0.866025403784,1.)) REPRESENTATION_ITEM('') );
#7267 = CARTESIAN_POINT('',(-29.25,-6.,0.));
#7268 = CARTESIAN_POINT('',(-29.20833333333,-6.,-3.464101615138));
#7269 = CARTESIAN_POINT('',(-29.16666666666,-3.,-5.196152422707));
#7270 = CARTESIAN_POINT('',(-29.125,9.276343582172E-15,-6.928203230276)
  );
#7271 = CARTESIAN_POINT('',(-29.08333333333,3.,-5.196152422707));
#7272 = CARTESIAN_POINT('',(-29.04166666666,6.,-3.464101615138));
#7273 = CARTESIAN_POINT('',(-29.,6.,-7.347880794884E-16));
#7274 = PCURVE('',#4449,#7275);
#7275 = DEFINITIONAL_REPRESENTATION('',(#7276),#7302);
#7276 = B_SPLINE_CURVE_WITH_KNOTS('',3,(#7277,#7278,#7279,#7280,#7281,
    #7282,#7283,#7284,#7285,#7286,#7287,#7288,#7289,#7290,#7291,#7292,
    #7293,#7294,#7295,#7296,#7297,#7298,#7299,#7300,#7301),
  .UNSPECIFIED.,.F.,.F.,(4,1,1,1,1,1,1,1,1,1,1,1,1,1,1,1,1,1,1,1,1,1,4),
  (0.64,0.640909090909,0.641818181818,0.642727272727,0.643636363636,
    0.644545454545,0.645454545455,0.646363636364,0.647272727273,
    0.648181818182,0.649090909091,0.65,0.650909090909,0.651818181818,
    0.652727272727,0.653636363636,0.654545454545,0.655454545455,
    0.656363636364,0.657272727273,0.658181818182,0.659090909091,0.66),
  .QUASI_UNIFORM_KNOTS.);
#7277 = CARTESIAN_POINT('',(6.28318530718,-7.25));
#7278 = CARTESIAN_POINT('',(6.237747997493,-7.253273714118));
#7279 = CARTESIAN_POINT('',(6.145145803381,-7.26022500775));
#7280 = CARTESIAN_POINT('',(6.002408060168,-7.271559314821));
#7281 = CARTESIAN_POINT('',(5.85711898895,-7.283522949989));
#7282 = CARTESIAN_POINT('',(5.710789732229,-7.295746206114));
#7283 = CARTESIAN_POINT('',(5.564990855957,-7.307836797911));
#7284 = CARTESIAN_POINT('',(5.421212408016,-7.319426334368));
#7285 = CARTESIAN_POINT('',(5.281012806584,-7.330153433971));
#7286 = CARTESIAN_POINT('',(5.145013381859,-7.339905985654));
#7287 = CARTESIAN_POINT('',(5.003069607686,-7.35104502265));
#7288 = CARTESIAN_POINT('',(4.858560976536,-7.36281652551));
#7289 = CARTESIAN_POINT('',(4.712388980385,-7.375));
#7290 = CARTESIAN_POINT('',(4.566216984234,-7.38718347449));
#7291 = CARTESIAN_POINT('',(4.421708353083,-7.39895497735));
#7292 = CARTESIAN_POINT('',(4.279764578911,-7.410094014345));
#7293 = CARTESIAN_POINT('',(4.143765154185,-7.419846566029));
#7294 = CARTESIAN_POINT('',(4.003565552753,-7.430573665632));
#7295 = CARTESIAN_POINT('',(3.859787104812,-7.442163202089));
#7296 = CARTESIAN_POINT('',(3.71398822854,-7.454253793886));
#7297 = CARTESIAN_POINT('',(3.567658971819,-7.466477050011));
#7298 = CARTESIAN_POINT('',(3.422369900601,-7.478440685179));
#7299 = CARTESIAN_POINT('',(3.279632157388,-7.48977499225));
#7300 = CARTESIAN_POINT('',(3.187029963276,-7.496726285882));
#7301 = CARTESIAN_POINT('',(3.14159265359,-7.5));
#7302 = ( GEOMETRIC_REPRESENTATION_CONTEXT(2) 
PARAMETRIC_REPRESENTATION_CONTEXT() REPRESENTATION_CONTEXT('2D SPACE',''
  ) );
#7303 = PCURVE('',#2216,#7304);
#7304 = DEFINITIONAL_REPRESENTATION('',(#7305),#7309);
#7305 = LINE('',#7306,#7307);
#7306 = CARTESIAN_POINT('',(1.,0.));
#7307 = VECTOR('',#7308,1.);
#7308 = DIRECTION('',(0.,1.));
#7309 = ( GEOMETRIC_REPRESENTATION_CONTEXT(2) 
PARAMETRIC_REPRESENTATION_CONTEXT() REPRESENTATION_CONTEXT('2D SPACE',''
  ) );
#7310 = ORIENTED_EDGE('',*,*,#4667,.T.);
#7311 = ORIENTED_EDGE('',*,*,#7312,.T.);
#7312 = EDGE_CURVE('',#4619,#4434,#7313,.T.);
#7313 = SURFACE_CURVE('',#7314,(#7322,#7351),.PCURVE_S1.);
#7314 = ( BOUNDED_CURVE() B_SPLINE_CURVE(2,(#7315,#7316,#7317,#7318,
#7319,#7320,#7321),.UNSPECIFIED.,.F.,.F.) B_SPLINE_CURVE_WITH_KNOTS((3,2
    ,2,3),(0.6,0.606666666667,0.613333333333,0.62),
.PIECEWISE_BEZIER_KNOTS.) CURVE() GEOMETRIC_REPRESENTATION_ITEM() 
RATIONAL_B_SPLINE_CURVE((1.,0.866025403784,1.,0.866025403784,1.,
0.866025403784,1.)) REPRESENTATION_ITEM('') );
#7315 = CARTESIAN_POINT('',(-29.31250000136,-6.,0.));
#7316 = CARTESIAN_POINT('',(-29.27083333469,-6.,-3.464101615138));
#7317 = CARTESIAN_POINT('',(-29.22916666803,-3.,-5.196152422707));
#7318 = CARTESIAN_POINT('',(-29.18750000136,9.297160264339E-15,
    -6.928203230276));
#7319 = CARTESIAN_POINT('',(-29.14583333469,3.,-5.196152422707));
#7320 = CARTESIAN_POINT('',(-29.10416666803,6.,-3.464101615138));
#7321 = CARTESIAN_POINT('',(-29.06250000136,6.,-7.347880794884E-16));
#7322 = PCURVE('',#4449,#7323);
#7323 = DEFINITIONAL_REPRESENTATION('',(#7324),#7350);
#7324 = B_SPLINE_CURVE_WITH_KNOTS('',3,(#7325,#7326,#7327,#7328,#7329,
    #7330,#7331,#7332,#7333,#7334,#7335,#7336,#7337,#7338,#7339,#7340,
    #7341,#7342,#7343,#7344,#7345,#7346,#7347,#7348,#7349),
  .UNSPECIFIED.,.F.,.F.,(4,1,1,1,1,1,1,1,1,1,1,1,1,1,1,1,1,1,1,1,1,1,4),
  (0.6,0.600909090909,0.601818181818,0.602727272727,0.603636363636,
    0.604545454545,0.605454545455,0.606363636364,0.607272727273,
    0.608181818182,0.609090909091,0.61,0.610909090909,0.611818181818,
    0.612727272727,0.613636363636,0.614545454545,0.615454545455,
    0.616363636364,0.617272727273,0.618181818182,0.619090909091,0.62),
  .QUASI_UNIFORM_KNOTS.);
#7325 = CARTESIAN_POINT('',(6.28318530718,-7.187499998634));
#7326 = CARTESIAN_POINT('',(6.237747997493,-7.190773712753));
#7327 = CARTESIAN_POINT('',(6.145145803381,-7.197725006384));
#7328 = CARTESIAN_POINT('',(6.002408060168,-7.209059313455));
#7329 = CARTESIAN_POINT('',(5.85711898895,-7.221022948624));
#7330 = CARTESIAN_POINT('',(5.710789732229,-7.233246204748));
#7331 = CARTESIAN_POINT('',(5.564990855957,-7.245336796545));
#7332 = CARTESIAN_POINT('',(5.421212408016,-7.256926333003));
#7333 = CARTESIAN_POINT('',(5.281012806584,-7.267653432606));
#7334 = CARTESIAN_POINT('',(5.145013381859,-7.277405984289));
#7335 = CARTESIAN_POINT('',(5.003069607686,-7.288545021285));
#7336 = CARTESIAN_POINT('',(4.858560976536,-7.300316524145));
#7337 = CARTESIAN_POINT('',(4.712388980385,-7.312499998634));
#7338 = CARTESIAN_POINT('',(4.566216984234,-7.324683473124));
#7339 = CARTESIAN_POINT('',(4.421708353083,-7.336454975984));
#7340 = CARTESIAN_POINT('',(4.279764578911,-7.34759401298));
#7341 = CARTESIAN_POINT('',(4.143765154185,-7.357346564663));
#7342 = CARTESIAN_POINT('',(4.003565552753,-7.368073664266));
#7343 = CARTESIAN_POINT('',(3.859787104812,-7.379663200723));
#7344 = CARTESIAN_POINT('',(3.71398822854,-7.39175379252));
#7345 = CARTESIAN_POINT('',(3.567658971819,-7.403977048645));
#7346 = CARTESIAN_POINT('',(3.422369900601,-7.415940683814));
#7347 = CARTESIAN_POINT('',(3.279632157388,-7.427274990885));
#7348 = CARTESIAN_POINT('',(3.187029963276,-7.434226284516));
#7349 = CARTESIAN_POINT('',(3.14159265359,-7.437499998634));
#7350 = ( GEOMETRIC_REPRESENTATION_CONTEXT(2) 
PARAMETRIC_REPRESENTATION_CONTEXT() REPRESENTATION_CONTEXT('2D SPACE',''
  ) );
#7351 = PCURVE('',#1421,#7352);
#7352 = DEFINITIONAL_REPRESENTATION('',(#7353),#7357);
#7353 = LINE('',#7354,#7355);
#7354 = CARTESIAN_POINT('',(8.660292906162E-14,0.));
#7355 = VECTOR('',#7356,1.);
#7356 = DIRECTION('',(-1.426127525203E-13,1.));
#7357 = ( GEOMETRIC_REPRESENTATION_CONTEXT(2) 
PARAMETRIC_REPRESENTATION_CONTEXT() REPRESENTATION_CONTEXT('2D SPACE',''
  ) );
#7358 = ADVANCED_FACE('',(#7359),#4606,.T.);
#7359 = FACE_BOUND('',#7360,.T.);
#7360 = EDGE_LOOP('',(#7361,#7362,#7409,#7410));
#7361 = ORIENTED_EDGE('',*,*,#4590,.F.);
#7362 = ORIENTED_EDGE('',*,*,#7363,.F.);
#7363 = EDGE_CURVE('',#4694,#4535,#7364,.T.);
#7364 = SURFACE_CURVE('',#7365,(#7373,#7402),.PCURVE_S1.);
#7365 = ( BOUNDED_CURVE() B_SPLINE_CURVE(2,(#7366,#7367,#7368,#7369,
#7370,#7371,#7372),.UNSPECIFIED.,.F.,.F.) B_SPLINE_CURVE_WITH_KNOTS((3,2
    ,2,3),(0.6,0.606666666667,0.613333333333,0.62),
.PIECEWISE_BEZIER_KNOTS.) CURVE() GEOMETRIC_REPRESENTATION_ITEM() 
RATIONAL_B_SPLINE_CURVE((1.,0.866025403784,1.,0.866025403784,1.,
0.866025403784,1.)) REPRESENTATION_ITEM('') );
#7366 = CARTESIAN_POINT('',(-29.75,-6.,0.));
#7367 = CARTESIAN_POINT('',(-29.70833333333,-6.,-3.464101615138));
#7368 = CARTESIAN_POINT('',(-29.66666666666,-3.,-5.196152422707));
#7369 = CARTESIAN_POINT('',(-29.625,9.442877035866E-15,-6.928203230276)
  );
#7370 = CARTESIAN_POINT('',(-29.58333333333,3.,-5.196152422707));
#7371 = CARTESIAN_POINT('',(-29.54166666666,6.,-3.464101615138));
#7372 = CARTESIAN_POINT('',(-29.5,6.,-7.347880794884E-16));
#7373 = PCURVE('',#4606,#7374);
#7374 = DEFINITIONAL_REPRESENTATION('',(#7375),#7401);
#7375 = B_SPLINE_CURVE_WITH_KNOTS('',3,(#7376,#7377,#7378,#7379,#7380,
    #7381,#7382,#7383,#7384,#7385,#7386,#7387,#7388,#7389,#7390,#7391,
    #7392,#7393,#7394,#7395,#7396,#7397,#7398,#7399,#7400),
  .UNSPECIFIED.,.F.,.F.,(4,1,1,1,1,1,1,1,1,1,1,1,1,1,1,1,1,1,1,1,1,1,4),
  (0.6,0.600909090909,0.601818181818,0.602727272727,0.603636363636,
    0.604545454545,0.605454545455,0.606363636364,0.607272727273,
    0.608181818182,0.609090909091,0.61,0.610909090909,0.611818181818,
    0.612727272727,0.613636363636,0.614545454545,0.615454545455,
    0.616363636364,0.617272727273,0.618181818182,0.619090909091,0.62),
  .QUASI_UNIFORM_KNOTS.);
#7376 = CARTESIAN_POINT('',(6.28318530718,-6.75));
#7377 = CARTESIAN_POINT('',(6.237747997493,-6.753273714118));
#7378 = CARTESIAN_POINT('',(6.145145803381,-6.76022500775));
#7379 = CARTESIAN_POINT('',(6.002408060168,-6.771559314821));
#7380 = CARTESIAN_POINT('',(5.85711898895,-6.783522949989));
#7381 = CARTESIAN_POINT('',(5.710789732229,-6.795746206114));
#7382 = CARTESIAN_POINT('',(5.564990855957,-6.807836797911));
#7383 = CARTESIAN_POINT('',(5.421212408016,-6.819426334368));
#7384 = CARTESIAN_POINT('',(5.281012806584,-6.830153433971));
#7385 = CARTESIAN_POINT('',(5.145013381859,-6.839905985654));
#7386 = CARTESIAN_POINT('',(5.003069607686,-6.85104502265));
#7387 = CARTESIAN_POINT('',(4.858560976536,-6.86281652551));
#7388 = CARTESIAN_POINT('',(4.712388980385,-6.875));
#7389 = CARTESIAN_POINT('',(4.566216984234,-6.88718347449));
#7390 = CARTESIAN_POINT('',(4.421708353083,-6.89895497735));
#7391 = CARTESIAN_POINT('',(4.279764578911,-6.910094014345));
#7392 = CARTESIAN_POINT('',(4.143765154185,-6.919846566029));
#7393 = CARTESIAN_POINT('',(4.003565552753,-6.930573665632));
#7394 = CARTESIAN_POINT('',(3.859787104812,-6.942163202089));
#7395 = CARTESIAN_POINT('',(3.71398822854,-6.954253793886));
#7396 = CARTESIAN_POINT('',(3.567658971819,-6.966477050011));
#7397 = CARTESIAN_POINT('',(3.422369900601,-6.978440685179));
#7398 = CARTESIAN_POINT('',(3.279632157388,-6.98977499225));
#7399 = CARTESIAN_POINT('',(3.187029963276,-6.996726285882));
#7400 = CARTESIAN_POINT('',(3.14159265359,-7.));
#7401 = ( GEOMETRIC_REPRESENTATION_CONTEXT(2) 
PARAMETRIC_REPRESENTATION_CONTEXT() REPRESENTATION_CONTEXT('2D SPACE',''
  ) );
#7402 = PCURVE('',#2216,#7403);
#7403 = DEFINITIONAL_REPRESENTATION('',(#7404),#7408);
#7404 = LINE('',#7405,#7406);
#7405 = CARTESIAN_POINT('',(1.,0.));
#7406 = VECTOR('',#7407,1.);
#7407 = DIRECTION('',(1.443289932013E-13,1.));
#7408 = ( GEOMETRIC_REPRESENTATION_CONTEXT(2) 
PARAMETRIC_REPRESENTATION_CONTEXT() REPRESENTATION_CONTEXT('2D SPACE',''
  ) );
#7409 = ORIENTED_EDGE('',*,*,#4824,.T.);
#7410 = ORIENTED_EDGE('',*,*,#7411,.T.);
#7411 = EDGE_CURVE('',#4776,#4591,#7412,.T.);
#7412 = SURFACE_CURVE('',#7413,(#7421,#7450),.PCURVE_S1.);
#7413 = ( BOUNDED_CURVE() B_SPLINE_CURVE(2,(#7414,#7415,#7416,#7417,
#7418,#7419,#7420),.UNSPECIFIED.,.F.,.F.) B_SPLINE_CURVE_WITH_KNOTS((3,2
    ,2,3),(0.56,0.566666666667,0.573333333333,0.58),
.PIECEWISE_BEZIER_KNOTS.) CURVE() GEOMETRIC_REPRESENTATION_ITEM() 
RATIONAL_B_SPLINE_CURVE((1.,0.866025403784,1.,0.866025403784,1.,
0.866025403784,1.)) REPRESENTATION_ITEM('') );
#7414 = CARTESIAN_POINT('',(-29.81250000136,-6.,0.));
#7415 = CARTESIAN_POINT('',(-29.77083333469,-6.,-3.464101615138));
#7416 = CARTESIAN_POINT('',(-29.72916666803,-3.,-5.196152422707));
#7417 = CARTESIAN_POINT('',(-29.68750000136,9.463693718033E-15,
    -6.928203230276));
#7418 = CARTESIAN_POINT('',(-29.64583333469,3.,-5.196152422707));
#7419 = CARTESIAN_POINT('',(-29.60416666803,6.,-3.464101615138));
#7420 = CARTESIAN_POINT('',(-29.56250000136,6.,-7.347880794884E-16));
#7421 = PCURVE('',#4606,#7422);
#7422 = DEFINITIONAL_REPRESENTATION('',(#7423),#7449);
#7423 = B_SPLINE_CURVE_WITH_KNOTS('',3,(#7424,#7425,#7426,#7427,#7428,
    #7429,#7430,#7431,#7432,#7433,#7434,#7435,#7436,#7437,#7438,#7439,
    #7440,#7441,#7442,#7443,#7444,#7445,#7446,#7447,#7448),
  .UNSPECIFIED.,.F.,.F.,(4,1,1,1,1,1,1,1,1,1,1,1,1,1,1,1,1,1,1,1,1,1,4),
  (0.56,0.560909090909,0.561818181818,0.562727272727,0.563636363636,
    0.564545454545,0.565454545455,0.566363636364,0.567272727273,
    0.568181818182,0.569090909091,0.57,0.570909090909,0.571818181818,
    0.572727272727,0.573636363636,0.574545454545,0.575454545455,
    0.576363636364,0.577272727273,0.578181818182,0.579090909091,0.58),
  .QUASI_UNIFORM_KNOTS.);
#7424 = CARTESIAN_POINT('',(6.28318530718,-6.687499998634));
#7425 = CARTESIAN_POINT('',(6.237747997493,-6.690773712753));
#7426 = CARTESIAN_POINT('',(6.145145803381,-6.697725006384));
#7427 = CARTESIAN_POINT('',(6.002408060168,-6.709059313455));
#7428 = CARTESIAN_POINT('',(5.85711898895,-6.721022948624));
#7429 = CARTESIAN_POINT('',(5.710789732229,-6.733246204748));
#7430 = CARTESIAN_POINT('',(5.564990855957,-6.745336796545));
#7431 = CARTESIAN_POINT('',(5.421212408016,-6.756926333003));
#7432 = CARTESIAN_POINT('',(5.281012806584,-6.767653432606));
#7433 = CARTESIAN_POINT('',(5.145013381859,-6.777405984289));
#7434 = CARTESIAN_POINT('',(5.003069607686,-6.788545021285));
#7435 = CARTESIAN_POINT('',(4.858560976536,-6.800316524145));
#7436 = CARTESIAN_POINT('',(4.712388980385,-6.812499998634));
#7437 = CARTESIAN_POINT('',(4.566216984234,-6.824683473124));
#7438 = CARTESIAN_POINT('',(4.421708353083,-6.836454975984));
#7439 = CARTESIAN_POINT('',(4.279764578911,-6.84759401298));
#7440 = CARTESIAN_POINT('',(4.143765154185,-6.857346564663));
#7441 = CARTESIAN_POINT('',(4.003565552753,-6.868073664266));
#7442 = CARTESIAN_POINT('',(3.859787104812,-6.879663200723));
#7443 = CARTESIAN_POINT('',(3.71398822854,-6.89175379252));
#7444 = CARTESIAN_POINT('',(3.567658971819,-6.903977048645));
#7445 = CARTESIAN_POINT('',(3.422369900601,-6.915940683814));
#7446 = CARTESIAN_POINT('',(3.279632157388,-6.927274990885));
#7447 = CARTESIAN_POINT('',(3.187029963276,-6.934226284516));
#7448 = CARTESIAN_POINT('',(3.14159265359,-6.937499998634));
#7449 = ( GEOMETRIC_REPRESENTATION_CONTEXT(2) 
PARAMETRIC_REPRESENTATION_CONTEXT() REPRESENTATION_CONTEXT('2D SPACE',''
  ) );
#7450 = PCURVE('',#1421,#7451);
#7451 = DEFINITIONAL_REPRESENTATION('',(#7452),#7456);
#7452 = LINE('',#7453,#7454);
#7453 = CARTESIAN_POINT('',(4.097050932024E-14,0.));
#7454 = VECTOR('',#7455,1.);
#7455 = DIRECTION('',(-7.131272026888E-14,1.));
#7456 = ( GEOMETRIC_REPRESENTATION_CONTEXT(2) 
PARAMETRIC_REPRESENTATION_CONTEXT() REPRESENTATION_CONTEXT('2D SPACE',''
  ) );
#7457 = ADVANCED_FACE('',(#7458),#4763,.T.);
#7458 = FACE_BOUND('',#7459,.T.);
#7459 = EDGE_LOOP('',(#7460,#7461,#7508,#7509));
#7460 = ORIENTED_EDGE('',*,*,#4747,.F.);
#7461 = ORIENTED_EDGE('',*,*,#7462,.F.);
#7462 = EDGE_CURVE('',#4851,#4692,#7463,.T.);
#7463 = SURFACE_CURVE('',#7464,(#7472,#7501),.PCURVE_S1.);
#7464 = ( BOUNDED_CURVE() B_SPLINE_CURVE(2,(#7465,#7466,#7467,#7468,
#7469,#7470,#7471),.UNSPECIFIED.,.F.,.F.) B_SPLINE_CURVE_WITH_KNOTS((3,2
    ,2,3),(0.56,0.566666666667,0.573333333333,0.58),
.PIECEWISE_BEZIER_KNOTS.) CURVE() GEOMETRIC_REPRESENTATION_ITEM() 
RATIONAL_B_SPLINE_CURVE((1.,0.866025403784,1.,0.866025403784,1.,
0.866025403784,1.)) REPRESENTATION_ITEM('') );
#7465 = CARTESIAN_POINT('',(-30.25,-6.,0.));
#7466 = CARTESIAN_POINT('',(-30.20833333333,-6.,-3.464101615138));
#7467 = CARTESIAN_POINT('',(-30.16666666666,-3.,-5.196152422707));
#7468 = CARTESIAN_POINT('',(-30.125,9.60941048956E-15,-6.928203230276));
#7469 = CARTESIAN_POINT('',(-30.08333333333,3.,-5.196152422707));
#7470 = CARTESIAN_POINT('',(-30.04166666666,6.,-3.464101615138));
#7471 = CARTESIAN_POINT('',(-30.,6.,-7.347880794884E-16));
#7472 = PCURVE('',#4763,#7473);
#7473 = DEFINITIONAL_REPRESENTATION('',(#7474),#7500);
#7474 = B_SPLINE_CURVE_WITH_KNOTS('',3,(#7475,#7476,#7477,#7478,#7479,
    #7480,#7481,#7482,#7483,#7484,#7485,#7486,#7487,#7488,#7489,#7490,
    #7491,#7492,#7493,#7494,#7495,#7496,#7497,#7498,#7499),
  .UNSPECIFIED.,.F.,.F.,(4,1,1,1,1,1,1,1,1,1,1,1,1,1,1,1,1,1,1,1,1,1,4),
  (0.56,0.560909090909,0.561818181818,0.562727272727,0.563636363636,
    0.564545454545,0.565454545455,0.566363636364,0.567272727273,
    0.568181818182,0.569090909091,0.57,0.570909090909,0.571818181818,
    0.572727272727,0.573636363636,0.574545454545,0.575454545455,
    0.576363636364,0.577272727273,0.578181818182,0.579090909091,0.58),
  .QUASI_UNIFORM_KNOTS.);
#7475 = CARTESIAN_POINT('',(6.28318530718,-6.25));
#7476 = CARTESIAN_POINT('',(6.237747997493,-6.253273714118));
#7477 = CARTESIAN_POINT('',(6.145145803381,-6.26022500775));
#7478 = CARTESIAN_POINT('',(6.002408060168,-6.271559314821));
#7479 = CARTESIAN_POINT('',(5.85711898895,-6.283522949989));
#7480 = CARTESIAN_POINT('',(5.710789732229,-6.295746206114));
#7481 = CARTESIAN_POINT('',(5.564990855957,-6.307836797911));
#7482 = CARTESIAN_POINT('',(5.421212408016,-6.319426334368));
#7483 = CARTESIAN_POINT('',(5.281012806584,-6.330153433971));
#7484 = CARTESIAN_POINT('',(5.145013381859,-6.339905985654));
#7485 = CARTESIAN_POINT('',(5.003069607686,-6.35104502265));
#7486 = CARTESIAN_POINT('',(4.858560976536,-6.36281652551));
#7487 = CARTESIAN_POINT('',(4.712388980385,-6.375));
#7488 = CARTESIAN_POINT('',(4.566216984234,-6.38718347449));
#7489 = CARTESIAN_POINT('',(4.421708353083,-6.39895497735));
#7490 = CARTESIAN_POINT('',(4.279764578911,-6.410094014345));
#7491 = CARTESIAN_POINT('',(4.143765154185,-6.419846566029));
#7492 = CARTESIAN_POINT('',(4.003565552753,-6.430573665632));
#7493 = CARTESIAN_POINT('',(3.859787104812,-6.442163202089));
#7494 = CARTESIAN_POINT('',(3.71398822854,-6.454253793886));
#7495 = CARTESIAN_POINT('',(3.567658971819,-6.466477050011));
#7496 = CARTESIAN_POINT('',(3.422369900601,-6.478440685179));
#7497 = CARTESIAN_POINT('',(3.279632157388,-6.48977499225));
#7498 = CARTESIAN_POINT('',(3.187029963276,-6.496726285882));
#7499 = CARTESIAN_POINT('',(3.14159265359,-6.5));
#7500 = ( GEOMETRIC_REPRESENTATION_CONTEXT(2) 
PARAMETRIC_REPRESENTATION_CONTEXT() REPRESENTATION_CONTEXT('2D SPACE',''
  ) );
#7501 = PCURVE('',#2216,#7502);
#7502 = DEFINITIONAL_REPRESENTATION('',(#7503),#7507);
#7503 = LINE('',#7504,#7505);
#7504 = CARTESIAN_POINT('',(1.,0.));
#7505 = VECTOR('',#7506,1.);
#7506 = DIRECTION('',(-6.661338147751E-14,1.));
#7507 = ( GEOMETRIC_REPRESENTATION_CONTEXT(2) 
PARAMETRIC_REPRESENTATION_CONTEXT() REPRESENTATION_CONTEXT('2D SPACE',''
  ) );
#7508 = ORIENTED_EDGE('',*,*,#4981,.T.);
#7509 = ORIENTED_EDGE('',*,*,#7510,.T.);
#7510 = EDGE_CURVE('',#4933,#4748,#7511,.T.);
#7511 = SURFACE_CURVE('',#7512,(#7520,#7549),.PCURVE_S1.);
#7512 = ( BOUNDED_CURVE() B_SPLINE_CURVE(2,(#7513,#7514,#7515,#7516,
#7517,#7518,#7519),.UNSPECIFIED.,.F.,.F.) B_SPLINE_CURVE_WITH_KNOTS((3,2
    ,2,3),(0.52,0.526666666667,0.533333333333,0.54),
.PIECEWISE_BEZIER_KNOTS.) CURVE() GEOMETRIC_REPRESENTATION_ITEM() 
RATIONAL_B_SPLINE_CURVE((1.,0.866025403784,1.,0.866025403784,1.,
0.866025403784,1.)) REPRESENTATION_ITEM('') );
#7513 = CARTESIAN_POINT('',(-30.31250000136,-6.,0.));
#7514 = CARTESIAN_POINT('',(-30.27083333469,-6.,-3.464101615138));
#7515 = CARTESIAN_POINT('',(-30.22916666803,-3.,-5.196152422707));
#7516 = CARTESIAN_POINT('',(-30.18750000136,9.630227171726E-15,
    -6.928203230276));
#7517 = CARTESIAN_POINT('',(-30.14583333469,3.,-5.196152422707));
#7518 = CARTESIAN_POINT('',(-30.10416666803,6.,-3.464101615138));
#7519 = CARTESIAN_POINT('',(-30.06250000136,6.,-7.347880794884E-16));
#7520 = PCURVE('',#4763,#7521);
#7521 = DEFINITIONAL_REPRESENTATION('',(#7522),#7548);
#7522 = B_SPLINE_CURVE_WITH_KNOTS('',3,(#7523,#7524,#7525,#7526,#7527,
    #7528,#7529,#7530,#7531,#7532,#7533,#7534,#7535,#7536,#7537,#7538,
    #7539,#7540,#7541,#7542,#7543,#7544,#7545,#7546,#7547),
  .UNSPECIFIED.,.F.,.F.,(4,1,1,1,1,1,1,1,1,1,1,1,1,1,1,1,1,1,1,1,1,1,4),
  (0.52,0.520909090909,0.521818181818,0.522727272727,0.523636363636,
    0.524545454545,0.525454545455,0.526363636364,0.527272727273,
    0.528181818182,0.529090909091,0.53,0.530909090909,0.531818181818,
    0.532727272727,0.533636363636,0.534545454545,0.535454545455,
    0.536363636364,0.537272727273,0.538181818182,0.539090909091,0.54),
  .QUASI_UNIFORM_KNOTS.);
#7523 = CARTESIAN_POINT('',(6.28318530718,-6.187499998634));
#7524 = CARTESIAN_POINT('',(6.237747997493,-6.190773712753));
#7525 = CARTESIAN_POINT('',(6.145145803381,-6.197725006384));
#7526 = CARTESIAN_POINT('',(6.002408060168,-6.209059313455));
#7527 = CARTESIAN_POINT('',(5.85711898895,-6.221022948624));
#7528 = CARTESIAN_POINT('',(5.710789732229,-6.233246204748));
#7529 = CARTESIAN_POINT('',(5.564990855957,-6.245336796545));
#7530 = CARTESIAN_POINT('',(5.421212408016,-6.256926333003));
#7531 = CARTESIAN_POINT('',(5.281012806584,-6.267653432606));
#7532 = CARTESIAN_POINT('',(5.145013381859,-6.277405984289));
#7533 = CARTESIAN_POINT('',(5.003069607686,-6.288545021285));
#7534 = CARTESIAN_POINT('',(4.858560976536,-6.300316524145));
#7535 = CARTESIAN_POINT('',(4.712388980385,-6.312499998634));
#7536 = CARTESIAN_POINT('',(4.566216984234,-6.324683473124));
#7537 = CARTESIAN_POINT('',(4.421708353083,-6.336454975984));
#7538 = CARTESIAN_POINT('',(4.279764578911,-6.34759401298));
#7539 = CARTESIAN_POINT('',(4.143765154185,-6.357346564663));
#7540 = CARTESIAN_POINT('',(4.003565552753,-6.368073664266));
#7541 = CARTESIAN_POINT('',(3.859787104812,-6.379663200723));
#7542 = CARTESIAN_POINT('',(3.71398822854,-6.39175379252));
#7543 = CARTESIAN_POINT('',(3.567658971819,-6.403977048645));
#7544 = CARTESIAN_POINT('',(3.422369900601,-6.415940683814));
#7545 = CARTESIAN_POINT('',(3.279632157388,-6.427274990885));
#7546 = CARTESIAN_POINT('',(3.187029963276,-6.434226284516));
#7547 = CARTESIAN_POINT('',(3.14159265359,-6.437499998634));
#7548 = ( GEOMETRIC_REPRESENTATION_CONTEXT(2) 
PARAMETRIC_REPRESENTATION_CONTEXT() REPRESENTATION_CONTEXT('2D SPACE',''
  ) );
#7549 = PCURVE('',#1421,#7550);
#7550 = DEFINITIONAL_REPRESENTATION('',(#7551),#7555);
#7551 = LINE('',#7552,#7553);
#7552 = CARTESIAN_POINT('',(-3.989449180122E-14,0.));
#7553 = VECTOR('',#7554,1.);
#7554 = DIRECTION('',(7.051391537087E-14,1.));
#7555 = ( GEOMETRIC_REPRESENTATION_CONTEXT(2) 
PARAMETRIC_REPRESENTATION_CONTEXT() REPRESENTATION_CONTEXT('2D SPACE',''
  ) );
#7556 = ADVANCED_FACE('',(#7557),#4920,.T.);
#7557 = FACE_BOUND('',#7558,.T.);
#7558 = EDGE_LOOP('',(#7559,#7560,#7607,#7608));
#7559 = ORIENTED_EDGE('',*,*,#4904,.F.);
#7560 = ORIENTED_EDGE('',*,*,#7561,.F.);
#7561 = EDGE_CURVE('',#5008,#4849,#7562,.T.);
#7562 = SURFACE_CURVE('',#7563,(#7571,#7600),.PCURVE_S1.);
#7563 = ( BOUNDED_CURVE() B_SPLINE_CURVE(2,(#7564,#7565,#7566,#7567,
#7568,#7569,#7570),.UNSPECIFIED.,.F.,.F.) B_SPLINE_CURVE_WITH_KNOTS((3,2
    ,2,3),(0.52,0.526666666667,0.533333333333,0.54),
.PIECEWISE_BEZIER_KNOTS.) CURVE() GEOMETRIC_REPRESENTATION_ITEM() 
RATIONAL_B_SPLINE_CURVE((1.,0.866025403784,1.,0.866025403784,1.,
0.866025403784,1.)) REPRESENTATION_ITEM('') );
#7564 = CARTESIAN_POINT('',(-30.75,-6.,0.));
#7565 = CARTESIAN_POINT('',(-30.70833333333,-6.,-3.464101615138));
#7566 = CARTESIAN_POINT('',(-30.66666666666,-3.,-5.196152422707));
#7567 = CARTESIAN_POINT('',(-30.625,9.775943943254E-15,-6.928203230276)
  );
#7568 = CARTESIAN_POINT('',(-30.58333333333,3.,-5.196152422707));
#7569 = CARTESIAN_POINT('',(-30.54166666666,6.,-3.464101615138));
#7570 = CARTESIAN_POINT('',(-30.5,6.,-7.347880794884E-16));
#7571 = PCURVE('',#4920,#7572);
#7572 = DEFINITIONAL_REPRESENTATION('',(#7573),#7599);
#7573 = B_SPLINE_CURVE_WITH_KNOTS('',3,(#7574,#7575,#7576,#7577,#7578,
    #7579,#7580,#7581,#7582,#7583,#7584,#7585,#7586,#7587,#7588,#7589,
    #7590,#7591,#7592,#7593,#7594,#7595,#7596,#7597,#7598),
  .UNSPECIFIED.,.F.,.F.,(4,1,1,1,1,1,1,1,1,1,1,1,1,1,1,1,1,1,1,1,1,1,4),
  (0.52,0.520909090909,0.521818181818,0.522727272727,0.523636363636,
    0.524545454545,0.525454545455,0.526363636364,0.527272727273,
    0.528181818182,0.529090909091,0.53,0.530909090909,0.531818181818,
    0.532727272727,0.533636363636,0.534545454545,0.535454545455,
    0.536363636364,0.537272727273,0.538181818182,0.539090909091,0.54),
  .QUASI_UNIFORM_KNOTS.);
#7574 = CARTESIAN_POINT('',(6.28318530718,-5.75));
#7575 = CARTESIAN_POINT('',(6.237747997493,-5.753273714118));
#7576 = CARTESIAN_POINT('',(6.145145803381,-5.76022500775));
#7577 = CARTESIAN_POINT('',(6.002408060168,-5.771559314821));
#7578 = CARTESIAN_POINT('',(5.85711898895,-5.783522949989));
#7579 = CARTESIAN_POINT('',(5.710789732229,-5.795746206114));
#7580 = CARTESIAN_POINT('',(5.564990855957,-5.807836797911));
#7581 = CARTESIAN_POINT('',(5.421212408016,-5.819426334368));
#7582 = CARTESIAN_POINT('',(5.281012806584,-5.830153433971));
#7583 = CARTESIAN_POINT('',(5.145013381859,-5.839905985654));
#7584 = CARTESIAN_POINT('',(5.003069607686,-5.85104502265));
#7585 = CARTESIAN_POINT('',(4.858560976536,-5.86281652551));
#7586 = CARTESIAN_POINT('',(4.712388980385,-5.875));
#7587 = CARTESIAN_POINT('',(4.566216984234,-5.88718347449));
#7588 = CARTESIAN_POINT('',(4.421708353083,-5.89895497735));
#7589 = CARTESIAN_POINT('',(4.279764578911,-5.910094014345));
#7590 = CARTESIAN_POINT('',(4.143765154185,-5.919846566029));
#7591 = CARTESIAN_POINT('',(4.003565552753,-5.930573665632));
#7592 = CARTESIAN_POINT('',(3.859787104812,-5.942163202089));
#7593 = CARTESIAN_POINT('',(3.71398822854,-5.954253793886));
#7594 = CARTESIAN_POINT('',(3.567658971819,-5.966477050011));
#7595 = CARTESIAN_POINT('',(3.422369900601,-5.978440685179));
#7596 = CARTESIAN_POINT('',(3.279632157388,-5.98977499225));
#7597 = CARTESIAN_POINT('',(3.187029963276,-5.996726285882));
#7598 = CARTESIAN_POINT('',(3.14159265359,-6.));
#7599 = ( GEOMETRIC_REPRESENTATION_CONTEXT(2) 
PARAMETRIC_REPRESENTATION_CONTEXT() REPRESENTATION_CONTEXT('2D SPACE',''
  ) );
#7600 = PCURVE('',#2216,#7601);
#7601 = DEFINITIONAL_REPRESENTATION('',(#7602),#7606);
#7602 = LINE('',#7603,#7604);
#7603 = CARTESIAN_POINT('',(1.,0.));
#7604 = VECTOR('',#7605,1.);
#7605 = DIRECTION('',(0.,1.));
#7606 = ( GEOMETRIC_REPRESENTATION_CONTEXT(2) 
PARAMETRIC_REPRESENTATION_CONTEXT() REPRESENTATION_CONTEXT('2D SPACE',''
  ) );
#7607 = ORIENTED_EDGE('',*,*,#5138,.T.);
#7608 = ORIENTED_EDGE('',*,*,#7609,.T.);
#7609 = EDGE_CURVE('',#5090,#4905,#7610,.T.);
#7610 = SURFACE_CURVE('',#7611,(#7619,#7648),.PCURVE_S1.);
#7611 = ( BOUNDED_CURVE() B_SPLINE_CURVE(2,(#7612,#7613,#7614,#7615,
#7616,#7617,#7618),.UNSPECIFIED.,.F.,.F.) B_SPLINE_CURVE_WITH_KNOTS((3,2
    ,2,3),(0.48,0.486666666667,0.493333333333,0.5),
.PIECEWISE_BEZIER_KNOTS.) CURVE() GEOMETRIC_REPRESENTATION_ITEM() 
RATIONAL_B_SPLINE_CURVE((1.,0.866025403784,1.,0.866025403784,1.,
0.866025403784,1.)) REPRESENTATION_ITEM('') );
#7612 = CARTESIAN_POINT('',(-30.81250000136,-6.,0.));
#7613 = CARTESIAN_POINT('',(-30.77083333469,-6.,-3.464101615138));
#7614 = CARTESIAN_POINT('',(-30.72916666803,-3.,-5.196152422707));
#7615 = CARTESIAN_POINT('',(-30.68750000136,9.79676062542E-15,
    -6.928203230276));
#7616 = CARTESIAN_POINT('',(-30.64583333469,3.,-5.196152422707));
#7617 = CARTESIAN_POINT('',(-30.60416666803,6.,-3.464101615138));
#7618 = CARTESIAN_POINT('',(-30.56250000136,6.,-7.347880794884E-16));
#7619 = PCURVE('',#4920,#7620);
#7620 = DEFINITIONAL_REPRESENTATION('',(#7621),#7647);
#7621 = B_SPLINE_CURVE_WITH_KNOTS('',3,(#7622,#7623,#7624,#7625,#7626,
    #7627,#7628,#7629,#7630,#7631,#7632,#7633,#7634,#7635,#7636,#7637,
    #7638,#7639,#7640,#7641,#7642,#7643,#7644,#7645,#7646),
  .UNSPECIFIED.,.F.,.F.,(4,1,1,1,1,1,1,1,1,1,1,1,1,1,1,1,1,1,1,1,1,1,4),
  (0.48,0.480909090909,0.481818181818,0.482727272727,0.483636363636,
    0.484545454545,0.485454545455,0.486363636364,0.487272727273,
    0.488181818182,0.489090909091,0.49,0.490909090909,0.491818181818,
    0.492727272727,0.493636363636,0.494545454545,0.495454545455,
    0.496363636364,0.497272727273,0.498181818182,0.499090909091,0.5),
  .QUASI_UNIFORM_KNOTS.);
#7622 = CARTESIAN_POINT('',(6.28318530718,-5.687499998634));
#7623 = CARTESIAN_POINT('',(6.237747997493,-5.690773712753));
#7624 = CARTESIAN_POINT('',(6.145145803381,-5.697725006384));
#7625 = CARTESIAN_POINT('',(6.002408060168,-5.709059313455));
#7626 = CARTESIAN_POINT('',(5.85711898895,-5.721022948624));
#7627 = CARTESIAN_POINT('',(5.710789732229,-5.733246204748));
#7628 = CARTESIAN_POINT('',(5.564990855957,-5.745336796545));
#7629 = CARTESIAN_POINT('',(5.421212408016,-5.756926333003));
#7630 = CARTESIAN_POINT('',(5.281012806584,-5.767653432606));
#7631 = CARTESIAN_POINT('',(5.145013381859,-5.777405984289));
#7632 = CARTESIAN_POINT('',(5.003069607686,-5.788545021285));
#7633 = CARTESIAN_POINT('',(4.858560976536,-5.800316524145));
#7634 = CARTESIAN_POINT('',(4.712388980385,-5.812499998634));
#7635 = CARTESIAN_POINT('',(4.566216984234,-5.824683473124));
#7636 = CARTESIAN_POINT('',(4.421708353083,-5.836454975984));
#7637 = CARTESIAN_POINT('',(4.279764578911,-5.84759401298));
#7638 = CARTESIAN_POINT('',(4.143765154185,-5.857346564663));
#7639 = CARTESIAN_POINT('',(4.003565552753,-5.868073664266));
#7640 = CARTESIAN_POINT('',(3.859787104812,-5.879663200723));
#7641 = CARTESIAN_POINT('',(3.71398822854,-5.89175379252));
#7642 = CARTESIAN_POINT('',(3.567658971819,-5.903977048645));
#7643 = CARTESIAN_POINT('',(3.422369900601,-5.915940683814));
#7644 = CARTESIAN_POINT('',(3.279632157388,-5.927274990885));
#7645 = CARTESIAN_POINT('',(3.187029963276,-5.934226284516));
#7646 = CARTESIAN_POINT('',(3.14159265359,-5.937499998634));
#7647 = ( GEOMETRIC_REPRESENTATION_CONTEXT(2) 
PARAMETRIC_REPRESENTATION_CONTEXT() REPRESENTATION_CONTEXT('2D SPACE',''
  ) );
#7648 = PCURVE('',#1421,#7649);
#7649 = DEFINITIONAL_REPRESENTATION('',(#7650),#7654);
#7650 = LINE('',#7651,#7652);
#7651 = CARTESIAN_POINT('',(4.401566611348E-14,0.));
#7652 = VECTOR('',#7653,1.);
#7653 = DIRECTION('',(-8.954225029961E-14,1.));
#7654 = ( GEOMETRIC_REPRESENTATION_CONTEXT(2) 
PARAMETRIC_REPRESENTATION_CONTEXT() REPRESENTATION_CONTEXT('2D SPACE',''
  ) );
#7655 = ADVANCED_FACE('',(#7656),#5077,.T.);
#7656 = FACE_BOUND('',#7657,.T.);
#7657 = EDGE_LOOP('',(#7658,#7659,#7706,#7707));
#7658 = ORIENTED_EDGE('',*,*,#5061,.F.);
#7659 = ORIENTED_EDGE('',*,*,#7660,.F.);
#7660 = EDGE_CURVE('',#5165,#5006,#7661,.T.);
#7661 = SURFACE_CURVE('',#7662,(#7670,#7699),.PCURVE_S1.);
#7662 = ( BOUNDED_CURVE() B_SPLINE_CURVE(2,(#7663,#7664,#7665,#7666,
#7667,#7668,#7669),.UNSPECIFIED.,.F.,.F.) B_SPLINE_CURVE_WITH_KNOTS((3,2
    ,2,3),(0.48,0.486666666667,0.493333333333,0.5),
.PIECEWISE_BEZIER_KNOTS.) CURVE() GEOMETRIC_REPRESENTATION_ITEM() 
RATIONAL_B_SPLINE_CURVE((1.,0.866025403784,1.,0.866025403784,1.,
0.866025403784,1.)) REPRESENTATION_ITEM('') );
#7663 = CARTESIAN_POINT('',(-31.25,-6.,0.));
#7664 = CARTESIAN_POINT('',(-31.20833333333,-6.,-3.464101615138));
#7665 = CARTESIAN_POINT('',(-31.16666666666,-3.,-5.196152422707));
#7666 = CARTESIAN_POINT('',(-31.125,9.942477396947E-15,-6.928203230276)
  );
#7667 = CARTESIAN_POINT('',(-31.08333333333,3.,-5.196152422707));
#7668 = CARTESIAN_POINT('',(-31.04166666666,6.,-3.464101615138));
#7669 = CARTESIAN_POINT('',(-31.,6.,-7.347880794884E-16));
#7670 = PCURVE('',#5077,#7671);
#7671 = DEFINITIONAL_REPRESENTATION('',(#7672),#7698);
#7672 = B_SPLINE_CURVE_WITH_KNOTS('',3,(#7673,#7674,#7675,#7676,#7677,
    #7678,#7679,#7680,#7681,#7682,#7683,#7684,#7685,#7686,#7687,#7688,
    #7689,#7690,#7691,#7692,#7693,#7694,#7695,#7696,#7697),
  .UNSPECIFIED.,.F.,.F.,(4,1,1,1,1,1,1,1,1,1,1,1,1,1,1,1,1,1,1,1,1,1,4),
  (0.48,0.480909090909,0.481818181818,0.482727272727,0.483636363636,
    0.484545454545,0.485454545455,0.486363636364,0.487272727273,
    0.488181818182,0.489090909091,0.49,0.490909090909,0.491818181818,
    0.492727272727,0.493636363636,0.494545454545,0.495454545455,
    0.496363636364,0.497272727273,0.498181818182,0.499090909091,0.5),
  .QUASI_UNIFORM_KNOTS.);
#7673 = CARTESIAN_POINT('',(6.28318530718,-5.25));
#7674 = CARTESIAN_POINT('',(6.237747997493,-5.253273714118));
#7675 = CARTESIAN_POINT('',(6.145145803381,-5.26022500775));
#7676 = CARTESIAN_POINT('',(6.002408060168,-5.271559314821));
#7677 = CARTESIAN_POINT('',(5.85711898895,-5.283522949989));
#7678 = CARTESIAN_POINT('',(5.710789732229,-5.295746206114));
#7679 = CARTESIAN_POINT('',(5.564990855957,-5.307836797911));
#7680 = CARTESIAN_POINT('',(5.421212408016,-5.319426334368));
#7681 = CARTESIAN_POINT('',(5.281012806584,-5.330153433971));
#7682 = CARTESIAN_POINT('',(5.145013381859,-5.339905985654));
#7683 = CARTESIAN_POINT('',(5.003069607686,-5.35104502265));
#7684 = CARTESIAN_POINT('',(4.858560976536,-5.36281652551));
#7685 = CARTESIAN_POINT('',(4.712388980385,-5.375));
#7686 = CARTESIAN_POINT('',(4.566216984234,-5.38718347449));
#7687 = CARTESIAN_POINT('',(4.421708353083,-5.39895497735));
#7688 = CARTESIAN_POINT('',(4.279764578911,-5.410094014345));
#7689 = CARTESIAN_POINT('',(4.143765154185,-5.419846566029));
#7690 = CARTESIAN_POINT('',(4.003565552753,-5.430573665632));
#7691 = CARTESIAN_POINT('',(3.859787104812,-5.442163202089));
#7692 = CARTESIAN_POINT('',(3.71398822854,-5.454253793886));
#7693 = CARTESIAN_POINT('',(3.567658971819,-5.466477050011));
#7694 = CARTESIAN_POINT('',(3.422369900601,-5.478440685179));
#7695 = CARTESIAN_POINT('',(3.279632157388,-5.48977499225));
#7696 = CARTESIAN_POINT('',(3.187029963276,-5.496726285882));
#7697 = CARTESIAN_POINT('',(3.14159265359,-5.5));
#7698 = ( GEOMETRIC_REPRESENTATION_CONTEXT(2) 
PARAMETRIC_REPRESENTATION_CONTEXT() REPRESENTATION_CONTEXT('2D SPACE',''
  ) );
#7699 = PCURVE('',#2216,#7700);
#7700 = DEFINITIONAL_REPRESENTATION('',(#7701),#7705);
#7701 = LINE('',#7702,#7703);
#7702 = CARTESIAN_POINT('',(1.,0.));
#7703 = VECTOR('',#7704,1.);
#7704 = DIRECTION('',(-1.887379141863E-13,1.));
#7705 = ( GEOMETRIC_REPRESENTATION_CONTEXT(2) 
PARAMETRIC_REPRESENTATION_CONTEXT() REPRESENTATION_CONTEXT('2D SPACE',''
  ) );
#7706 = ORIENTED_EDGE('',*,*,#5295,.T.);
#7707 = ORIENTED_EDGE('',*,*,#7708,.T.);
#7708 = EDGE_CURVE('',#5247,#5062,#7709,.T.);
#7709 = SURFACE_CURVE('',#7710,(#7718,#7747),.PCURVE_S1.);
#7710 = ( BOUNDED_CURVE() B_SPLINE_CURVE(2,(#7711,#7712,#7713,#7714,
#7715,#7716,#7717),.UNSPECIFIED.,.F.,.F.) B_SPLINE_CURVE_WITH_KNOTS((3,2
    ,2,3),(0.44,0.446666666667,0.453333333333,0.46),
.PIECEWISE_BEZIER_KNOTS.) CURVE() GEOMETRIC_REPRESENTATION_ITEM() 
RATIONAL_B_SPLINE_CURVE((1.,0.866025403784,1.,0.866025403784,1.,
0.866025403784,1.)) REPRESENTATION_ITEM('') );
#7711 = CARTESIAN_POINT('',(-31.31250000136,-6.,0.));
#7712 = CARTESIAN_POINT('',(-31.27083333469,-6.,-3.464101615138));
#7713 = CARTESIAN_POINT('',(-31.22916666803,-3.,-5.196152422707));
#7714 = CARTESIAN_POINT('',(-31.18750000136,9.963294079114E-15,
    -6.928203230276));
#7715 = CARTESIAN_POINT('',(-31.14583333469,3.,-5.196152422707));
#7716 = CARTESIAN_POINT('',(-31.10416666803,6.,-3.464101615138));
#7717 = CARTESIAN_POINT('',(-31.06250000136,6.,-7.347880794884E-16));
#7718 = PCURVE('',#5077,#7719);
#7719 = DEFINITIONAL_REPRESENTATION('',(#7720),#7746);
#7720 = B_SPLINE_CURVE_WITH_KNOTS('',3,(#7721,#7722,#7723,#7724,#7725,
    #7726,#7727,#7728,#7729,#7730,#7731,#7732,#7733,#7734,#7735,#7736,
    #7737,#7738,#7739,#7740,#7741,#7742,#7743,#7744,#7745),
  .UNSPECIFIED.,.F.,.F.,(4,1,1,1,1,1,1,1,1,1,1,1,1,1,1,1,1,1,1,1,1,1,4),
  (0.44,0.440909090909,0.441818181818,0.442727272727,0.443636363636,
    0.444545454545,0.445454545455,0.446363636364,0.447272727273,
    0.448181818182,0.449090909091,0.45,0.450909090909,0.451818181818,
    0.452727272727,0.453636363636,0.454545454545,0.455454545455,
    0.456363636364,0.457272727273,0.458181818182,0.459090909091,0.46),
  .QUASI_UNIFORM_KNOTS.);
#7721 = CARTESIAN_POINT('',(6.28318530718,-5.187499998634));
#7722 = CARTESIAN_POINT('',(6.237747997493,-5.190773712753));
#7723 = CARTESIAN_POINT('',(6.145145803381,-5.197725006384));
#7724 = CARTESIAN_POINT('',(6.002408060168,-5.209059313455));
#7725 = CARTESIAN_POINT('',(5.85711898895,-5.221022948624));
#7726 = CARTESIAN_POINT('',(5.710789732229,-5.233246204748));
#7727 = CARTESIAN_POINT('',(5.564990855957,-5.245336796545));
#7728 = CARTESIAN_POINT('',(5.421212408016,-5.256926333003));
#7729 = CARTESIAN_POINT('',(5.281012806584,-5.267653432606));
#7730 = CARTESIAN_POINT('',(5.145013381859,-5.277405984289));
#7731 = CARTESIAN_POINT('',(5.003069607686,-5.288545021285));
#7732 = CARTESIAN_POINT('',(4.858560976536,-5.300316524145));
#7733 = CARTESIAN_POINT('',(4.712388980385,-5.312499998634));
#7734 = CARTESIAN_POINT('',(4.566216984234,-5.324683473124));
#7735 = CARTESIAN_POINT('',(4.421708353083,-5.336454975984));
#7736 = CARTESIAN_POINT('',(4.279764578911,-5.34759401298));
#7737 = CARTESIAN_POINT('',(4.143765154185,-5.357346564663));
#7738 = CARTESIAN_POINT('',(4.003565552753,-5.368073664266));
#7739 = CARTESIAN_POINT('',(3.859787104812,-5.379663200723));
#7740 = CARTESIAN_POINT('',(3.71398822854,-5.39175379252));
#7741 = CARTESIAN_POINT('',(3.567658971819,-5.403977048645));
#7742 = CARTESIAN_POINT('',(3.422369900601,-5.415940683814));
#7743 = CARTESIAN_POINT('',(3.279632157388,-5.427274990885));
#7744 = CARTESIAN_POINT('',(3.187029963276,-5.434226284516));
#7745 = CARTESIAN_POINT('',(3.14159265359,-5.437499998634));
#7746 = ( GEOMETRIC_REPRESENTATION_CONTEXT(2) 
PARAMETRIC_REPRESENTATION_CONTEXT() REPRESENTATION_CONTEXT('2D SPACE',''
  ) );
#7747 = PCURVE('',#1421,#7748);
#7748 = DEFINITIONAL_REPRESENTATION('',(#7749),#7753);
#7749 = LINE('',#7750,#7751);
#7750 = CARTESIAN_POINT('',(-6.297207492869E-14,0.));
#7751 = VECTOR('',#7752,1.);
#7752 = DIRECTION('',(1.422615551836E-13,1.));
#7753 = ( GEOMETRIC_REPRESENTATION_CONTEXT(2) 
PARAMETRIC_REPRESENTATION_CONTEXT() REPRESENTATION_CONTEXT('2D SPACE',''
  ) );
#7754 = ADVANCED_FACE('',(#7755),#5234,.T.);
#7755 = FACE_BOUND('',#7756,.T.);
#7756 = EDGE_LOOP('',(#7757,#7758,#7805,#7806));
#7757 = ORIENTED_EDGE('',*,*,#5218,.F.);
#7758 = ORIENTED_EDGE('',*,*,#7759,.F.);
#7759 = EDGE_CURVE('',#5322,#5163,#7760,.T.);
#7760 = SURFACE_CURVE('',#7761,(#7769,#7798),.PCURVE_S1.);
#7761 = ( BOUNDED_CURVE() B_SPLINE_CURVE(2,(#7762,#7763,#7764,#7765,
#7766,#7767,#7768),.UNSPECIFIED.,.F.,.F.) B_SPLINE_CURVE_WITH_KNOTS((3,2
    ,2,3),(0.44,0.446666666667,0.453333333333,0.46),
.PIECEWISE_BEZIER_KNOTS.) CURVE() GEOMETRIC_REPRESENTATION_ITEM() 
RATIONAL_B_SPLINE_CURVE((1.,0.866025403784,1.,0.866025403784,1.,
0.866025403784,1.)) REPRESENTATION_ITEM('') );
#7762 = CARTESIAN_POINT('',(-31.75,-6.,0.));
#7763 = CARTESIAN_POINT('',(-31.70833333333,-6.,-3.464101615138));
#7764 = CARTESIAN_POINT('',(-31.66666666666,-3.,-5.196152422707));
#7765 = CARTESIAN_POINT('',(-31.625,1.010901085064E-14,-6.928203230276)
  );
#7766 = CARTESIAN_POINT('',(-31.58333333333,3.,-5.196152422707));
#7767 = CARTESIAN_POINT('',(-31.54166666666,6.,-3.464101615138));
#7768 = CARTESIAN_POINT('',(-31.5,6.,-7.347880794884E-16));
#7769 = PCURVE('',#5234,#7770);
#7770 = DEFINITIONAL_REPRESENTATION('',(#7771),#7797);
#7771 = B_SPLINE_CURVE_WITH_KNOTS('',3,(#7772,#7773,#7774,#7775,#7776,
    #7777,#7778,#7779,#7780,#7781,#7782,#7783,#7784,#7785,#7786,#7787,
    #7788,#7789,#7790,#7791,#7792,#7793,#7794,#7795,#7796),
  .UNSPECIFIED.,.F.,.F.,(4,1,1,1,1,1,1,1,1,1,1,1,1,1,1,1,1,1,1,1,1,1,4),
  (0.44,0.440909090909,0.441818181818,0.442727272727,0.443636363636,
    0.444545454545,0.445454545455,0.446363636364,0.447272727273,
    0.448181818182,0.449090909091,0.45,0.450909090909,0.451818181818,
    0.452727272727,0.453636363636,0.454545454545,0.455454545455,
    0.456363636364,0.457272727273,0.458181818182,0.459090909091,0.46),
  .QUASI_UNIFORM_KNOTS.);
#7772 = CARTESIAN_POINT('',(6.28318530718,-4.75));
#7773 = CARTESIAN_POINT('',(6.237747997493,-4.753273714118));
#7774 = CARTESIAN_POINT('',(6.145145803381,-4.76022500775));
#7775 = CARTESIAN_POINT('',(6.002408060168,-4.771559314821));
#7776 = CARTESIAN_POINT('',(5.85711898895,-4.783522949989));
#7777 = CARTESIAN_POINT('',(5.710789732229,-4.795746206114));
#7778 = CARTESIAN_POINT('',(5.564990855957,-4.807836797911));
#7779 = CARTESIAN_POINT('',(5.421212408016,-4.819426334368));
#7780 = CARTESIAN_POINT('',(5.281012806584,-4.830153433971));
#7781 = CARTESIAN_POINT('',(5.145013381859,-4.839905985654));
#7782 = CARTESIAN_POINT('',(5.003069607686,-4.85104502265));
#7783 = CARTESIAN_POINT('',(4.858560976536,-4.86281652551));
#7784 = CARTESIAN_POINT('',(4.712388980385,-4.875));
#7785 = CARTESIAN_POINT('',(4.566216984234,-4.88718347449));
#7786 = CARTESIAN_POINT('',(4.421708353083,-4.89895497735));
#7787 = CARTESIAN_POINT('',(4.279764578911,-4.910094014345));
#7788 = CARTESIAN_POINT('',(4.143765154185,-4.919846566029));
#7789 = CARTESIAN_POINT('',(4.003565552753,-4.930573665632));
#7790 = CARTESIAN_POINT('',(3.859787104812,-4.942163202089));
#7791 = CARTESIAN_POINT('',(3.71398822854,-4.954253793886));
#7792 = CARTESIAN_POINT('',(3.567658971819,-4.966477050011));
#7793 = CARTESIAN_POINT('',(3.422369900601,-4.978440685179));
#7794 = CARTESIAN_POINT('',(3.279632157388,-4.98977499225));
#7795 = CARTESIAN_POINT('',(3.187029963276,-4.996726285882));
#7796 = CARTESIAN_POINT('',(3.14159265359,-5.));
#7797 = ( GEOMETRIC_REPRESENTATION_CONTEXT(2) 
PARAMETRIC_REPRESENTATION_CONTEXT() REPRESENTATION_CONTEXT('2D SPACE',''
  ) );
#7798 = PCURVE('',#2216,#7799);
#7799 = DEFINITIONAL_REPRESENTATION('',(#7800),#7804);
#7800 = LINE('',#7801,#7802);
#7801 = CARTESIAN_POINT('',(1.,0.));
#7802 = VECTOR('',#7803,1.);
#7803 = DIRECTION('',(0.,1.));
#7804 = ( GEOMETRIC_REPRESENTATION_CONTEXT(2) 
PARAMETRIC_REPRESENTATION_CONTEXT() REPRESENTATION_CONTEXT('2D SPACE',''
  ) );
#7805 = ORIENTED_EDGE('',*,*,#5452,.T.);
#7806 = ORIENTED_EDGE('',*,*,#7807,.T.);
#7807 = EDGE_CURVE('',#5404,#5219,#7808,.T.);
#7808 = SURFACE_CURVE('',#7809,(#7817,#7846),.PCURVE_S1.);
#7809 = ( BOUNDED_CURVE() B_SPLINE_CURVE(2,(#7810,#7811,#7812,#7813,
#7814,#7815,#7816),.UNSPECIFIED.,.F.,.F.) B_SPLINE_CURVE_WITH_KNOTS((3,2
    ,2,3),(0.4,0.406666666667,0.413333333333,0.42),
.PIECEWISE_BEZIER_KNOTS.) CURVE() GEOMETRIC_REPRESENTATION_ITEM() 
RATIONAL_B_SPLINE_CURVE((1.,0.866025403784,1.,0.866025403784,1.,
0.866025403784,1.)) REPRESENTATION_ITEM('') );
#7810 = CARTESIAN_POINT('',(-31.81250000136,-6.,0.));
#7811 = CARTESIAN_POINT('',(-31.77083333469,-6.,-3.464101615138));
#7812 = CARTESIAN_POINT('',(-31.72916666803,-3.,-5.196152422707));
#7813 = CARTESIAN_POINT('',(-31.68750000136,1.012982753281E-14,
    -6.928203230276));
#7814 = CARTESIAN_POINT('',(-31.64583333469,3.,-5.196152422707));
#7815 = CARTESIAN_POINT('',(-31.60416666803,6.,-3.464101615138));
#7816 = CARTESIAN_POINT('',(-31.56250000136,6.,-7.347880794884E-16));
#7817 = PCURVE('',#5234,#7818);
#7818 = DEFINITIONAL_REPRESENTATION('',(#7819),#7845);
#7819 = B_SPLINE_CURVE_WITH_KNOTS('',3,(#7820,#7821,#7822,#7823,#7824,
    #7825,#7826,#7827,#7828,#7829,#7830,#7831,#7832,#7833,#7834,#7835,
    #7836,#7837,#7838,#7839,#7840,#7841,#7842,#7843,#7844),
  .UNSPECIFIED.,.F.,.F.,(4,1,1,1,1,1,1,1,1,1,1,1,1,1,1,1,1,1,1,1,1,1,4),
  (0.4,0.400909090909,0.401818181818,0.402727272727,0.403636363636,
    0.404545454545,0.405454545455,0.406363636364,0.407272727273,
    0.408181818182,0.409090909091,0.41,0.410909090909,0.411818181818,
    0.412727272727,0.413636363636,0.414545454545,0.415454545455,
    0.416363636364,0.417272727273,0.418181818182,0.419090909091,0.42),
  .QUASI_UNIFORM_KNOTS.);
#7820 = CARTESIAN_POINT('',(6.28318530718,-4.687499998634));
#7821 = CARTESIAN_POINT('',(6.237747997493,-4.690773712753));
#7822 = CARTESIAN_POINT('',(6.145145803381,-4.697725006384));
#7823 = CARTESIAN_POINT('',(6.002408060168,-4.709059313455));
#7824 = CARTESIAN_POINT('',(5.85711898895,-4.721022948624));
#7825 = CARTESIAN_POINT('',(5.710789732229,-4.733246204748));
#7826 = CARTESIAN_POINT('',(5.564990855957,-4.745336796545));
#7827 = CARTESIAN_POINT('',(5.421212408016,-4.756926333003));
#7828 = CARTESIAN_POINT('',(5.281012806584,-4.767653432606));
#7829 = CARTESIAN_POINT('',(5.145013381859,-4.777405984289));
#7830 = CARTESIAN_POINT('',(5.003069607686,-4.788545021285));
#7831 = CARTESIAN_POINT('',(4.858560976536,-4.800316524145));
#7832 = CARTESIAN_POINT('',(4.712388980385,-4.812499998634));
#7833 = CARTESIAN_POINT('',(4.566216984234,-4.824683473124));
#7834 = CARTESIAN_POINT('',(4.421708353083,-4.836454975984));
#7835 = CARTESIAN_POINT('',(4.279764578911,-4.84759401298));
#7836 = CARTESIAN_POINT('',(4.143765154185,-4.857346564663));
#7837 = CARTESIAN_POINT('',(4.003565552753,-4.868073664266));
#7838 = CARTESIAN_POINT('',(3.859787104812,-4.879663200723));
#7839 = CARTESIAN_POINT('',(3.71398822854,-4.89175379252));
#7840 = CARTESIAN_POINT('',(3.567658971819,-4.903977048645));
#7841 = CARTESIAN_POINT('',(3.422369900601,-4.915940683814));
#7842 = CARTESIAN_POINT('',(3.279632157388,-4.927274990885));
#7843 = CARTESIAN_POINT('',(3.187029963276,-4.934226284516));
#7844 = CARTESIAN_POINT('',(3.14159265359,-4.937499998634));
#7845 = ( GEOMETRIC_REPRESENTATION_CONTEXT(2) 
PARAMETRIC_REPRESENTATION_CONTEXT() REPRESENTATION_CONTEXT('2D SPACE',''
  ) );
#7846 = PCURVE('',#1421,#7847);
#7847 = DEFINITIONAL_REPRESENTATION('',(#7848),#7852);
#7848 = LINE('',#7849,#7850);
#7849 = CARTESIAN_POINT('',(6.04462362325E-14,0.));
#7850 = VECTOR('',#7851,1.);
#7851 = DIRECTION('',(-1.423733635326E-13,1.));
#7852 = ( GEOMETRIC_REPRESENTATION_CONTEXT(2) 
PARAMETRIC_REPRESENTATION_CONTEXT() REPRESENTATION_CONTEXT('2D SPACE',''
  ) );
#7853 = ADVANCED_FACE('',(#7854),#5391,.T.);
#7854 = FACE_BOUND('',#7855,.T.);
#7855 = EDGE_LOOP('',(#7856,#7857,#7904,#7905));
#7856 = ORIENTED_EDGE('',*,*,#5375,.F.);
#7857 = ORIENTED_EDGE('',*,*,#7858,.F.);
#7858 = EDGE_CURVE('',#5479,#5320,#7859,.T.);
#7859 = SURFACE_CURVE('',#7860,(#7868,#7897),.PCURVE_S1.);
#7860 = ( BOUNDED_CURVE() B_SPLINE_CURVE(2,(#7861,#7862,#7863,#7864,
#7865,#7866,#7867),.UNSPECIFIED.,.F.,.F.) B_SPLINE_CURVE_WITH_KNOTS((3,2
    ,2,3),(0.4,0.406666666667,0.413333333333,0.42),
.PIECEWISE_BEZIER_KNOTS.) CURVE() GEOMETRIC_REPRESENTATION_ITEM() 
RATIONAL_B_SPLINE_CURVE((1.,0.866025403784,1.,0.866025403784,1.,
0.866025403784,1.)) REPRESENTATION_ITEM('') );
#7861 = CARTESIAN_POINT('',(-32.25,-6.,0.));
#7862 = CARTESIAN_POINT('',(-32.20833333333,-6.,-3.464101615138));
#7863 = CARTESIAN_POINT('',(-32.16666666666,-3.,-5.196152422707));
#7864 = CARTESIAN_POINT('',(-32.125,1.027554430433E-14,-6.928203230276)
  );
#7865 = CARTESIAN_POINT('',(-32.08333333333,3.,-5.196152422707));
#7866 = CARTESIAN_POINT('',(-32.04166666666,6.,-3.464101615138));
#7867 = CARTESIAN_POINT('',(-32.,6.,-7.347880794884E-16));
#7868 = PCURVE('',#5391,#7869);
#7869 = DEFINITIONAL_REPRESENTATION('',(#7870),#7896);
#7870 = B_SPLINE_CURVE_WITH_KNOTS('',3,(#7871,#7872,#7873,#7874,#7875,
    #7876,#7877,#7878,#7879,#7880,#7881,#7882,#7883,#7884,#7885,#7886,
    #7887,#7888,#7889,#7890,#7891,#7892,#7893,#7894,#7895),
  .UNSPECIFIED.,.F.,.F.,(4,1,1,1,1,1,1,1,1,1,1,1,1,1,1,1,1,1,1,1,1,1,4),
  (0.4,0.400909090909,0.401818181818,0.402727272727,0.403636363636,
    0.404545454545,0.405454545455,0.406363636364,0.407272727273,
    0.408181818182,0.409090909091,0.41,0.410909090909,0.411818181818,
    0.412727272727,0.413636363636,0.414545454545,0.415454545455,
    0.416363636364,0.417272727273,0.418181818182,0.419090909091,0.42),
  .QUASI_UNIFORM_KNOTS.);
#7871 = CARTESIAN_POINT('',(6.28318530718,-4.25));
#7872 = CARTESIAN_POINT('',(6.237747997493,-4.253273714118));
#7873 = CARTESIAN_POINT('',(6.145145803381,-4.26022500775));
#7874 = CARTESIAN_POINT('',(6.002408060168,-4.271559314821));
#7875 = CARTESIAN_POINT('',(5.85711898895,-4.283522949989));
#7876 = CARTESIAN_POINT('',(5.710789732229,-4.295746206114));
#7877 = CARTESIAN_POINT('',(5.564990855957,-4.307836797911));
#7878 = CARTESIAN_POINT('',(5.421212408016,-4.319426334368));
#7879 = CARTESIAN_POINT('',(5.281012806584,-4.330153433971));
#7880 = CARTESIAN_POINT('',(5.145013381859,-4.339905985654));
#7881 = CARTESIAN_POINT('',(5.003069607686,-4.35104502265));
#7882 = CARTESIAN_POINT('',(4.858560976536,-4.36281652551));
#7883 = CARTESIAN_POINT('',(4.712388980385,-4.375));
#7884 = CARTESIAN_POINT('',(4.566216984234,-4.38718347449));
#7885 = CARTESIAN_POINT('',(4.421708353083,-4.39895497735));
#7886 = CARTESIAN_POINT('',(4.279764578911,-4.410094014345));
#7887 = CARTESIAN_POINT('',(4.143765154185,-4.419846566029));
#7888 = CARTESIAN_POINT('',(4.003565552753,-4.430573665632));
#7889 = CARTESIAN_POINT('',(3.859787104812,-4.442163202089));
#7890 = CARTESIAN_POINT('',(3.71398822854,-4.454253793886));
#7891 = CARTESIAN_POINT('',(3.567658971819,-4.466477050011));
#7892 = CARTESIAN_POINT('',(3.422369900601,-4.478440685179));
#7893 = CARTESIAN_POINT('',(3.279632157388,-4.48977499225));
#7894 = CARTESIAN_POINT('',(3.187029963276,-4.496726285882));
#7895 = CARTESIAN_POINT('',(3.14159265359,-4.5));
#7896 = ( GEOMETRIC_REPRESENTATION_CONTEXT(2) 
PARAMETRIC_REPRESENTATION_CONTEXT() REPRESENTATION_CONTEXT('2D SPACE',''
  ) );
#7897 = PCURVE('',#2216,#7898);
#7898 = DEFINITIONAL_REPRESENTATION('',(#7899),#7903);
#7899 = LINE('',#7900,#7901);
#7900 = CARTESIAN_POINT('',(1.,0.));
#7901 = VECTOR('',#7902,1.);
#7902 = DIRECTION('',(-1.609823385706E-13,1.));
#7903 = ( GEOMETRIC_REPRESENTATION_CONTEXT(2) 
PARAMETRIC_REPRESENTATION_CONTEXT() REPRESENTATION_CONTEXT('2D SPACE',''
  ) );
#7904 = ORIENTED_EDGE('',*,*,#5609,.T.);
#7905 = ORIENTED_EDGE('',*,*,#7906,.T.);
#7906 = EDGE_CURVE('',#5561,#5376,#7907,.T.);
#7907 = SURFACE_CURVE('',#7908,(#7916,#7945),.PCURVE_S1.);
#7908 = ( BOUNDED_CURVE() B_SPLINE_CURVE(2,(#7909,#7910,#7911,#7912,
#7913,#7914,#7915),.UNSPECIFIED.,.F.,.F.) B_SPLINE_CURVE_WITH_KNOTS((3,2
    ,2,3),(0.36,0.366666666667,0.373333333333,0.38),
.PIECEWISE_BEZIER_KNOTS.) CURVE() GEOMETRIC_REPRESENTATION_ITEM() 
RATIONAL_B_SPLINE_CURVE((1.,0.866025403784,1.,0.866025403784,1.,
0.866025403784,1.)) REPRESENTATION_ITEM('') );
#7909 = CARTESIAN_POINT('',(-32.31250000136,-6.,0.));
#7910 = CARTESIAN_POINT('',(-32.27083333469,-6.,-3.464101615138));
#7911 = CARTESIAN_POINT('',(-32.22916666803,-3.,-5.196152422707));
#7912 = CARTESIAN_POINT('',(-32.18750000136,1.02963609865E-14,
    -6.928203230276));
#7913 = CARTESIAN_POINT('',(-32.14583333469,3.,-5.196152422707));
#7914 = CARTESIAN_POINT('',(-32.10416666803,6.,-3.464101615138));
#7915 = CARTESIAN_POINT('',(-32.06250000136,6.,-7.347880794884E-16));
#7916 = PCURVE('',#5391,#7917);
#7917 = DEFINITIONAL_REPRESENTATION('',(#7918),#7944);
#7918 = B_SPLINE_CURVE_WITH_KNOTS('',3,(#7919,#7920,#7921,#7922,#7923,
    #7924,#7925,#7926,#7927,#7928,#7929,#7930,#7931,#7932,#7933,#7934,
    #7935,#7936,#7937,#7938,#7939,#7940,#7941,#7942,#7943),
  .UNSPECIFIED.,.F.,.F.,(4,1,1,1,1,1,1,1,1,1,1,1,1,1,1,1,1,1,1,1,1,1,4),
  (0.36,0.360909090909,0.361818181818,0.362727272727,0.363636363636,
    0.364545454545,0.365454545455,0.366363636364,0.367272727273,
    0.368181818182,0.369090909091,0.37,0.370909090909,0.371818181818,
    0.372727272727,0.373636363636,0.374545454545,0.375454545455,
    0.376363636364,0.377272727273,0.378181818182,0.379090909091,0.38),
  .QUASI_UNIFORM_KNOTS.);
#7919 = CARTESIAN_POINT('',(6.28318530718,-4.187499998634));
#7920 = CARTESIAN_POINT('',(6.237747997493,-4.190773712753));
#7921 = CARTESIAN_POINT('',(6.145145803381,-4.197725006384));
#7922 = CARTESIAN_POINT('',(6.002408060168,-4.209059313455));
#7923 = CARTESIAN_POINT('',(5.85711898895,-4.221022948624));
#7924 = CARTESIAN_POINT('',(5.710789732229,-4.233246204748));
#7925 = CARTESIAN_POINT('',(5.564990855957,-4.245336796545));
#7926 = CARTESIAN_POINT('',(5.421212408016,-4.256926333003));
#7927 = CARTESIAN_POINT('',(5.281012806584,-4.267653432606));
#7928 = CARTESIAN_POINT('',(5.145013381859,-4.277405984289));
#7929 = CARTESIAN_POINT('',(5.003069607686,-4.288545021285));
#7930 = CARTESIAN_POINT('',(4.858560976536,-4.300316524145));
#7931 = CARTESIAN_POINT('',(4.712388980385,-4.312499998634));
#7932 = CARTESIAN_POINT('',(4.566216984234,-4.324683473124));
#7933 = CARTESIAN_POINT('',(4.421708353083,-4.336454975984));
#7934 = CARTESIAN_POINT('',(4.279764578911,-4.34759401298));
#7935 = CARTESIAN_POINT('',(4.143765154185,-4.357346564663));
#7936 = CARTESIAN_POINT('',(4.003565552753,-4.368073664266));
#7937 = CARTESIAN_POINT('',(3.859787104812,-4.379663200723));
#7938 = CARTESIAN_POINT('',(3.71398822854,-4.39175379252));
#7939 = CARTESIAN_POINT('',(3.567658971819,-4.403977048645));
#7940 = CARTESIAN_POINT('',(3.422369900601,-4.415940683814));
#7941 = CARTESIAN_POINT('',(3.279632157388,-4.427274990885));
#7942 = CARTESIAN_POINT('',(3.187029963276,-4.434226284516));
#7943 = CARTESIAN_POINT('',(3.14159265359,-4.437499998634));
#7944 = ( GEOMETRIC_REPRESENTATION_CONTEXT(2) 
PARAMETRIC_REPRESENTATION_CONTEXT() REPRESENTATION_CONTEXT('2D SPACE',''
  ) );
#7945 = PCURVE('',#1421,#7946);
#7946 = DEFINITIONAL_REPRESENTATION('',(#7947),#7951);
#7947 = LINE('',#7948,#7949);
#7948 = CARTESIAN_POINT('',(-3.310125487462E-14,0.));
#7949 = VECTOR('',#7950,1.);
#7950 = DIRECTION('',(8.982035481437E-14,1.));
#7951 = ( GEOMETRIC_REPRESENTATION_CONTEXT(2) 
PARAMETRIC_REPRESENTATION_CONTEXT() REPRESENTATION_CONTEXT('2D SPACE',''
  ) );
#7952 = ADVANCED_FACE('',(#7953),#5548,.T.);
#7953 = FACE_BOUND('',#7954,.T.);
#7954 = EDGE_LOOP('',(#7955,#7956,#8003,#8004));
#7955 = ORIENTED_EDGE('',*,*,#5532,.F.);
#7956 = ORIENTED_EDGE('',*,*,#7957,.F.);
#7957 = EDGE_CURVE('',#5636,#5477,#7958,.T.);
#7958 = SURFACE_CURVE('',#7959,(#7967,#7996),.PCURVE_S1.);
#7959 = ( BOUNDED_CURVE() B_SPLINE_CURVE(2,(#7960,#7961,#7962,#7963,
#7964,#7965,#7966),.UNSPECIFIED.,.F.,.F.) B_SPLINE_CURVE_WITH_KNOTS((3,2
    ,2,3),(0.36,0.366666666667,0.373333333333,0.38),
.PIECEWISE_BEZIER_KNOTS.) CURVE() GEOMETRIC_REPRESENTATION_ITEM() 
RATIONAL_B_SPLINE_CURVE((1.,0.866025403784,1.,0.866025403784,1.,
0.866025403784,1.)) REPRESENTATION_ITEM('') );
#7960 = CARTESIAN_POINT('',(-32.75,-6.,0.));
#7961 = CARTESIAN_POINT('',(-32.70833333333,-6.,-3.464101615138));
#7962 = CARTESIAN_POINT('',(-32.66666666666,-3.,-5.196152422707));
#7963 = CARTESIAN_POINT('',(-32.625,1.044207775803E-14,-6.928203230276)
  );
#7964 = CARTESIAN_POINT('',(-32.58333333333,3.,-5.196152422707));
#7965 = CARTESIAN_POINT('',(-32.54166666666,6.,-3.464101615138));
#7966 = CARTESIAN_POINT('',(-32.5,6.,-7.347880794884E-16));
#7967 = PCURVE('',#5548,#7968);
#7968 = DEFINITIONAL_REPRESENTATION('',(#7969),#7995);
#7969 = B_SPLINE_CURVE_WITH_KNOTS('',3,(#7970,#7971,#7972,#7973,#7974,
    #7975,#7976,#7977,#7978,#7979,#7980,#7981,#7982,#7983,#7984,#7985,
    #7986,#7987,#7988,#7989,#7990,#7991,#7992,#7993,#7994),
  .UNSPECIFIED.,.F.,.F.,(4,1,1,1,1,1,1,1,1,1,1,1,1,1,1,1,1,1,1,1,1,1,4),
  (0.36,0.360909090909,0.361818181818,0.362727272727,0.363636363636,
    0.364545454545,0.365454545455,0.366363636364,0.367272727273,
    0.368181818182,0.369090909091,0.37,0.370909090909,0.371818181818,
    0.372727272727,0.373636363636,0.374545454545,0.375454545455,
    0.376363636364,0.377272727273,0.378181818182,0.379090909091,0.38),
  .QUASI_UNIFORM_KNOTS.);
#7970 = CARTESIAN_POINT('',(6.28318530718,-3.75));
#7971 = CARTESIAN_POINT('',(6.237747997493,-3.753273714118));
#7972 = CARTESIAN_POINT('',(6.145145803381,-3.76022500775));
#7973 = CARTESIAN_POINT('',(6.002408060168,-3.771559314821));
#7974 = CARTESIAN_POINT('',(5.85711898895,-3.783522949989));
#7975 = CARTESIAN_POINT('',(5.710789732229,-3.795746206114));
#7976 = CARTESIAN_POINT('',(5.564990855957,-3.807836797911));
#7977 = CARTESIAN_POINT('',(5.421212408016,-3.819426334368));
#7978 = CARTESIAN_POINT('',(5.281012806584,-3.830153433971));
#7979 = CARTESIAN_POINT('',(5.145013381859,-3.839905985654));
#7980 = CARTESIAN_POINT('',(5.003069607686,-3.85104502265));
#7981 = CARTESIAN_POINT('',(4.858560976536,-3.86281652551));
#7982 = CARTESIAN_POINT('',(4.712388980385,-3.875));
#7983 = CARTESIAN_POINT('',(4.566216984234,-3.88718347449));
#7984 = CARTESIAN_POINT('',(4.421708353083,-3.89895497735));
#7985 = CARTESIAN_POINT('',(4.279764578911,-3.910094014345));
#7986 = CARTESIAN_POINT('',(4.143765154185,-3.919846566029));
#7987 = CARTESIAN_POINT('',(4.003565552753,-3.930573665632));
#7988 = CARTESIAN_POINT('',(3.859787104812,-3.942163202089));
#7989 = CARTESIAN_POINT('',(3.71398822854,-3.954253793886));
#7990 = CARTESIAN_POINT('',(3.567658971819,-3.966477050011));
#7991 = CARTESIAN_POINT('',(3.422369900601,-3.978440685179));
#7992 = CARTESIAN_POINT('',(3.279632157388,-3.98977499225));
#7993 = CARTESIAN_POINT('',(3.187029963276,-3.996726285882));
#7994 = CARTESIAN_POINT('',(3.14159265359,-4.));
#7995 = ( GEOMETRIC_REPRESENTATION_CONTEXT(2) 
PARAMETRIC_REPRESENTATION_CONTEXT() REPRESENTATION_CONTEXT('2D SPACE',''
  ) );
#7996 = PCURVE('',#2216,#7997);
#7997 = DEFINITIONAL_REPRESENTATION('',(#7998),#8002);
#7998 = LINE('',#7999,#8000);
#7999 = CARTESIAN_POINT('',(1.,0.));
#8000 = VECTOR('',#8001,1.);
#8001 = DIRECTION('',(1.887379141863E-13,1.));
#8002 = ( GEOMETRIC_REPRESENTATION_CONTEXT(2) 
PARAMETRIC_REPRESENTATION_CONTEXT() REPRESENTATION_CONTEXT('2D SPACE',''
  ) );
#8003 = ORIENTED_EDGE('',*,*,#5766,.T.);
#8004 = ORIENTED_EDGE('',*,*,#8005,.T.);
#8005 = EDGE_CURVE('',#5718,#5533,#8006,.T.);
#8006 = SURFACE_CURVE('',#8007,(#8015,#8044),.PCURVE_S1.);
#8007 = ( BOUNDED_CURVE() B_SPLINE_CURVE(2,(#8008,#8009,#8010,#8011,
#8012,#8013,#8014),.UNSPECIFIED.,.F.,.F.) B_SPLINE_CURVE_WITH_KNOTS((3,2
    ,2,3),(0.32,0.326666666667,0.333333333333,0.34),
.PIECEWISE_BEZIER_KNOTS.) CURVE() GEOMETRIC_REPRESENTATION_ITEM() 
RATIONAL_B_SPLINE_CURVE((1.,0.866025403784,1.,0.866025403784,1.,
0.866025403784,1.)) REPRESENTATION_ITEM('') );
#8008 = CARTESIAN_POINT('',(-32.81250000136,-6.,0.));
#8009 = CARTESIAN_POINT('',(-32.77083333469,-6.,-3.464101615138));
#8010 = CARTESIAN_POINT('',(-32.72916666803,-3.,-5.196152422707));
#8011 = CARTESIAN_POINT('',(-32.68750000136,1.04628944402E-14,
    -6.928203230276));
#8012 = CARTESIAN_POINT('',(-32.64583333469,3.,-5.196152422707));
#8013 = CARTESIAN_POINT('',(-32.60416666803,6.,-3.464101615138));
#8014 = CARTESIAN_POINT('',(-32.56250000136,6.,-7.347880794884E-16));
#8015 = PCURVE('',#5548,#8016);
#8016 = DEFINITIONAL_REPRESENTATION('',(#8017),#8043);
#8017 = B_SPLINE_CURVE_WITH_KNOTS('',3,(#8018,#8019,#8020,#8021,#8022,
    #8023,#8024,#8025,#8026,#8027,#8028,#8029,#8030,#8031,#8032,#8033,
    #8034,#8035,#8036,#8037,#8038,#8039,#8040,#8041,#8042),
  .UNSPECIFIED.,.F.,.F.,(4,1,1,1,1,1,1,1,1,1,1,1,1,1,1,1,1,1,1,1,1,1,4),
  (0.32,0.320909090909,0.321818181818,0.322727272727,0.323636363636,
    0.324545454545,0.325454545455,0.326363636364,0.327272727273,
    0.328181818182,0.329090909091,0.33,0.330909090909,0.331818181818,
    0.332727272727,0.333636363636,0.334545454545,0.335454545455,
    0.336363636364,0.337272727273,0.338181818182,0.339090909091,0.34),
  .QUASI_UNIFORM_KNOTS.);
#8018 = CARTESIAN_POINT('',(6.28318530718,-3.687499998634));
#8019 = CARTESIAN_POINT('',(6.237747997493,-3.690773712753));
#8020 = CARTESIAN_POINT('',(6.145145803381,-3.697725006384));
#8021 = CARTESIAN_POINT('',(6.002408060168,-3.709059313455));
#8022 = CARTESIAN_POINT('',(5.85711898895,-3.721022948624));
#8023 = CARTESIAN_POINT('',(5.710789732229,-3.733246204748));
#8024 = CARTESIAN_POINT('',(5.564990855957,-3.745336796545));
#8025 = CARTESIAN_POINT('',(5.421212408016,-3.756926333003));
#8026 = CARTESIAN_POINT('',(5.281012806584,-3.767653432606));
#8027 = CARTESIAN_POINT('',(5.145013381859,-3.777405984289));
#8028 = CARTESIAN_POINT('',(5.003069607686,-3.788545021285));
#8029 = CARTESIAN_POINT('',(4.858560976536,-3.800316524145));
#8030 = CARTESIAN_POINT('',(4.712388980385,-3.812499998634));
#8031 = CARTESIAN_POINT('',(4.566216984234,-3.824683473124));
#8032 = CARTESIAN_POINT('',(4.421708353083,-3.836454975984));
#8033 = CARTESIAN_POINT('',(4.279764578911,-3.84759401298));
#8034 = CARTESIAN_POINT('',(4.143765154185,-3.857346564663));
#8035 = CARTESIAN_POINT('',(4.003565552753,-3.868073664266));
#8036 = CARTESIAN_POINT('',(3.859787104812,-3.879663200723));
#8037 = CARTESIAN_POINT('',(3.71398822854,-3.89175379252));
#8038 = CARTESIAN_POINT('',(3.567658971819,-3.903977048645));
#8039 = CARTESIAN_POINT('',(3.422369900601,-3.915940683814));
#8040 = CARTESIAN_POINT('',(3.279632157388,-3.927274990885));
#8041 = CARTESIAN_POINT('',(3.187029963276,-3.934226284516));
#8042 = CARTESIAN_POINT('',(3.14159265359,-3.937499998634));
#8043 = ( GEOMETRIC_REPRESENTATION_CONTEXT(2) 
PARAMETRIC_REPRESENTATION_CONTEXT() REPRESENTATION_CONTEXT('2D SPACE',''
  ) );
#8044 = PCURVE('',#1421,#8045);
#8045 = DEFINITIONAL_REPRESENTATION('',(#8046),#8050);
#8046 = LINE('',#8047,#8048);
#8047 = CARTESIAN_POINT('',(-1.108579103081E-14,0.));
#8048 = VECTOR('',#8049,1.);
#8049 = DIRECTION('',(3.568515925464E-14,1.));
#8050 = ( GEOMETRIC_REPRESENTATION_CONTEXT(2) 
PARAMETRIC_REPRESENTATION_CONTEXT() REPRESENTATION_CONTEXT('2D SPACE',''
  ) );
#8051 = ADVANCED_FACE('',(#8052),#5705,.T.);
#8052 = FACE_BOUND('',#8053,.T.);
#8053 = EDGE_LOOP('',(#8054,#8055,#8102,#8103));
#8054 = ORIENTED_EDGE('',*,*,#5689,.F.);
#8055 = ORIENTED_EDGE('',*,*,#8056,.F.);
#8056 = EDGE_CURVE('',#5793,#5634,#8057,.T.);
#8057 = SURFACE_CURVE('',#8058,(#8066,#8095),.PCURVE_S1.);
#8058 = ( BOUNDED_CURVE() B_SPLINE_CURVE(2,(#8059,#8060,#8061,#8062,
#8063,#8064,#8065),.UNSPECIFIED.,.F.,.F.) B_SPLINE_CURVE_WITH_KNOTS((3,2
    ,2,3),(0.32,0.326666666667,0.333333333333,0.34),
.PIECEWISE_BEZIER_KNOTS.) CURVE() GEOMETRIC_REPRESENTATION_ITEM() 
RATIONAL_B_SPLINE_CURVE((1.,0.866025403784,1.,0.866025403784,1.,
0.866025403784,1.)) REPRESENTATION_ITEM('') );
#8059 = CARTESIAN_POINT('',(-33.25,-6.,0.));
#8060 = CARTESIAN_POINT('',(-33.20833333333,-6.,-3.464101615138));
#8061 = CARTESIAN_POINT('',(-33.16666666666,-3.,-5.196152422707));
#8062 = CARTESIAN_POINT('',(-33.125,1.060861121172E-14,-6.928203230276)
  );
#8063 = CARTESIAN_POINT('',(-33.08333333333,3.,-5.196152422707));
#8064 = CARTESIAN_POINT('',(-33.04166666666,6.,-3.464101615138));
#8065 = CARTESIAN_POINT('',(-33.,6.,-7.347880794884E-16));
#8066 = PCURVE('',#5705,#8067);
#8067 = DEFINITIONAL_REPRESENTATION('',(#8068),#8094);
#8068 = B_SPLINE_CURVE_WITH_KNOTS('',3,(#8069,#8070,#8071,#8072,#8073,
    #8074,#8075,#8076,#8077,#8078,#8079,#8080,#8081,#8082,#8083,#8084,
    #8085,#8086,#8087,#8088,#8089,#8090,#8091,#8092,#8093),
  .UNSPECIFIED.,.F.,.F.,(4,1,1,1,1,1,1,1,1,1,1,1,1,1,1,1,1,1,1,1,1,1,4),
  (0.32,0.320909090909,0.321818181818,0.322727272727,0.323636363636,
    0.324545454545,0.325454545455,0.326363636364,0.327272727273,
    0.328181818182,0.329090909091,0.33,0.330909090909,0.331818181818,
    0.332727272727,0.333636363636,0.334545454545,0.335454545455,
    0.336363636364,0.337272727273,0.338181818182,0.339090909091,0.34),
  .QUASI_UNIFORM_KNOTS.);
#8069 = CARTESIAN_POINT('',(6.28318530718,-3.25));
#8070 = CARTESIAN_POINT('',(6.237747997493,-3.253273714118));
#8071 = CARTESIAN_POINT('',(6.145145803381,-3.26022500775));
#8072 = CARTESIAN_POINT('',(6.002408060168,-3.271559314821));
#8073 = CARTESIAN_POINT('',(5.85711898895,-3.283522949989));
#8074 = CARTESIAN_POINT('',(5.710789732229,-3.295746206114));
#8075 = CARTESIAN_POINT('',(5.564990855957,-3.307836797911));
#8076 = CARTESIAN_POINT('',(5.421212408016,-3.319426334368));
#8077 = CARTESIAN_POINT('',(5.281012806584,-3.330153433971));
#8078 = CARTESIAN_POINT('',(5.145013381859,-3.339905985654));
#8079 = CARTESIAN_POINT('',(5.003069607686,-3.35104502265));
#8080 = CARTESIAN_POINT('',(4.858560976536,-3.36281652551));
#8081 = CARTESIAN_POINT('',(4.712388980385,-3.375));
#8082 = CARTESIAN_POINT('',(4.566216984234,-3.38718347449));
#8083 = CARTESIAN_POINT('',(4.421708353083,-3.39895497735));
#8084 = CARTESIAN_POINT('',(4.279764578911,-3.410094014345));
#8085 = CARTESIAN_POINT('',(4.143765154185,-3.419846566029));
#8086 = CARTESIAN_POINT('',(4.003565552753,-3.430573665632));
#8087 = CARTESIAN_POINT('',(3.859787104812,-3.442163202089));
#8088 = CARTESIAN_POINT('',(3.71398822854,-3.454253793886));
#8089 = CARTESIAN_POINT('',(3.567658971819,-3.466477050011));
#8090 = CARTESIAN_POINT('',(3.422369900601,-3.478440685179));
#8091 = CARTESIAN_POINT('',(3.279632157388,-3.48977499225));
#8092 = CARTESIAN_POINT('',(3.187029963276,-3.496726285882));
#8093 = CARTESIAN_POINT('',(3.14159265359,-3.5));
#8094 = ( GEOMETRIC_REPRESENTATION_CONTEXT(2) 
PARAMETRIC_REPRESENTATION_CONTEXT() REPRESENTATION_CONTEXT('2D SPACE',''
  ) );
#8095 = PCURVE('',#2216,#8096);
#8096 = DEFINITIONAL_REPRESENTATION('',(#8097),#8101);
#8097 = LINE('',#8098,#8099);
#8098 = CARTESIAN_POINT('',(1.,0.));
#8099 = VECTOR('',#8100,1.);
#8100 = DIRECTION('',(-6.661338147751E-14,1.));
#8101 = ( GEOMETRIC_REPRESENTATION_CONTEXT(2) 
PARAMETRIC_REPRESENTATION_CONTEXT() REPRESENTATION_CONTEXT('2D SPACE',''
  ) );
#8102 = ORIENTED_EDGE('',*,*,#5923,.T.);
#8103 = ORIENTED_EDGE('',*,*,#8104,.T.);
#8104 = EDGE_CURVE('',#5875,#5690,#8105,.T.);
#8105 = SURFACE_CURVE('',#8106,(#8114,#8143),.PCURVE_S1.);
#8106 = ( BOUNDED_CURVE() B_SPLINE_CURVE(2,(#8107,#8108,#8109,#8110,
#8111,#8112,#8113),.UNSPECIFIED.,.F.,.F.) B_SPLINE_CURVE_WITH_KNOTS((3,2
    ,2,3),(0.28,0.286666666667,0.293333333333,0.3),
.PIECEWISE_BEZIER_KNOTS.) CURVE() GEOMETRIC_REPRESENTATION_ITEM() 
RATIONAL_B_SPLINE_CURVE((1.,0.866025403784,1.,0.866025403784,1.,
0.866025403784,1.)) REPRESENTATION_ITEM('') );
#8107 = CARTESIAN_POINT('',(-33.31250000136,-6.,0.));
#8108 = CARTESIAN_POINT('',(-33.27083333469,-6.,-3.464101615138));
#8109 = CARTESIAN_POINT('',(-33.22916666803,-3.,-5.196152422707));
#8110 = CARTESIAN_POINT('',(-33.18750000136,1.062942789389E-14,
    -6.928203230276));
#8111 = CARTESIAN_POINT('',(-33.14583333469,3.,-5.196152422707));
#8112 = CARTESIAN_POINT('',(-33.10416666803,6.,-3.464101615138));
#8113 = CARTESIAN_POINT('',(-33.06250000136,6.,-7.347880794884E-16));
#8114 = PCURVE('',#5705,#8115);
#8115 = DEFINITIONAL_REPRESENTATION('',(#8116),#8142);
#8116 = B_SPLINE_CURVE_WITH_KNOTS('',3,(#8117,#8118,#8119,#8120,#8121,
    #8122,#8123,#8124,#8125,#8126,#8127,#8128,#8129,#8130,#8131,#8132,
    #8133,#8134,#8135,#8136,#8137,#8138,#8139,#8140,#8141),
  .UNSPECIFIED.,.F.,.F.,(4,1,1,1,1,1,1,1,1,1,1,1,1,1,1,1,1,1,1,1,1,1,4),
  (0.28,0.280909090909,0.281818181818,0.282727272727,0.283636363636,
    0.284545454545,0.285454545455,0.286363636364,0.287272727273,
    0.288181818182,0.289090909091,0.29,0.290909090909,0.291818181818,
    0.292727272727,0.293636363636,0.294545454545,0.295454545455,
    0.296363636364,0.297272727273,0.298181818182,0.299090909091,0.3),
  .QUASI_UNIFORM_KNOTS.);
#8117 = CARTESIAN_POINT('',(6.28318530718,-3.187499998634));
#8118 = CARTESIAN_POINT('',(6.237747997493,-3.190773712753));
#8119 = CARTESIAN_POINT('',(6.145145803381,-3.197725006384));
#8120 = CARTESIAN_POINT('',(6.002408060168,-3.209059313455));
#8121 = CARTESIAN_POINT('',(5.85711898895,-3.221022948624));
#8122 = CARTESIAN_POINT('',(5.710789732229,-3.233246204748));
#8123 = CARTESIAN_POINT('',(5.564990855957,-3.245336796545));
#8124 = CARTESIAN_POINT('',(5.421212408016,-3.256926333003));
#8125 = CARTESIAN_POINT('',(5.281012806584,-3.267653432606));
#8126 = CARTESIAN_POINT('',(5.145013381859,-3.277405984289));
#8127 = CARTESIAN_POINT('',(5.003069607686,-3.288545021285));
#8128 = CARTESIAN_POINT('',(4.858560976536,-3.300316524145));
#8129 = CARTESIAN_POINT('',(4.712388980385,-3.312499998634));
#8130 = CARTESIAN_POINT('',(4.566216984234,-3.324683473124));
#8131 = CARTESIAN_POINT('',(4.421708353083,-3.336454975984));
#8132 = CARTESIAN_POINT('',(4.279764578911,-3.34759401298));
#8133 = CARTESIAN_POINT('',(4.143765154185,-3.357346564663));
#8134 = CARTESIAN_POINT('',(4.003565552753,-3.368073664266));
#8135 = CARTESIAN_POINT('',(3.859787104812,-3.379663200723));
#8136 = CARTESIAN_POINT('',(3.71398822854,-3.39175379252));
#8137 = CARTESIAN_POINT('',(3.567658971819,-3.403977048645));
#8138 = CARTESIAN_POINT('',(3.422369900601,-3.415940683814));
#8139 = CARTESIAN_POINT('',(3.279632157388,-3.427274990885));
#8140 = CARTESIAN_POINT('',(3.187029963276,-3.434226284516));
#8141 = CARTESIAN_POINT('',(3.14159265359,-3.437499998634));
#8142 = ( GEOMETRIC_REPRESENTATION_CONTEXT(2) 
PARAMETRIC_REPRESENTATION_CONTEXT() REPRESENTATION_CONTEXT('2D SPACE',''
  ) );
#8143 = PCURVE('',#1421,#8144);
#8144 = DEFINITIONAL_REPRESENTATION('',(#8145),#8149);
#8145 = LINE('',#8146,#8147);
#8146 = CARTESIAN_POINT('',(2.713786932585E-14,0.));
#8147 = VECTOR('',#8148,1.);
#8148 = DIRECTION('',(-8.696920140063E-14,1.));
#8149 = ( GEOMETRIC_REPRESENTATION_CONTEXT(2) 
PARAMETRIC_REPRESENTATION_CONTEXT() REPRESENTATION_CONTEXT('2D SPACE',''
  ) );
#8150 = ADVANCED_FACE('',(#8151),#5862,.T.);
#8151 = FACE_BOUND('',#8152,.T.);
#8152 = EDGE_LOOP('',(#8153,#8154,#8201,#8202));
#8153 = ORIENTED_EDGE('',*,*,#5846,.F.);
#8154 = ORIENTED_EDGE('',*,*,#8155,.F.);
#8155 = EDGE_CURVE('',#5950,#5791,#8156,.T.);
#8156 = SURFACE_CURVE('',#8157,(#8165,#8194),.PCURVE_S1.);
#8157 = ( BOUNDED_CURVE() B_SPLINE_CURVE(2,(#8158,#8159,#8160,#8161,
#8162,#8163,#8164),.UNSPECIFIED.,.F.,.F.) B_SPLINE_CURVE_WITH_KNOTS((3,2
    ,2,3),(0.28,0.286666666667,0.293333333333,0.3),
.PIECEWISE_BEZIER_KNOTS.) CURVE() GEOMETRIC_REPRESENTATION_ITEM() 
RATIONAL_B_SPLINE_CURVE((1.,0.866025403784,1.,0.866025403784,1.,
0.866025403784,1.)) REPRESENTATION_ITEM('') );
#8158 = CARTESIAN_POINT('',(-33.75,-6.,0.));
#8159 = CARTESIAN_POINT('',(-33.70833333333,-6.,-3.464101615138));
#8160 = CARTESIAN_POINT('',(-33.66666666666,-3.,-5.196152422707));
#8161 = CARTESIAN_POINT('',(-33.625,1.077514466542E-14,-6.928203230276)
  );
#8162 = CARTESIAN_POINT('',(-33.58333333333,3.,-5.196152422707));
#8163 = CARTESIAN_POINT('',(-33.54166666666,6.,-3.464101615138));
#8164 = CARTESIAN_POINT('',(-33.5,6.,-7.347880794884E-16));
#8165 = PCURVE('',#5862,#8166);
#8166 = DEFINITIONAL_REPRESENTATION('',(#8167),#8193);
#8167 = B_SPLINE_CURVE_WITH_KNOTS('',3,(#8168,#8169,#8170,#8171,#8172,
    #8173,#8174,#8175,#8176,#8177,#8178,#8179,#8180,#8181,#8182,#8183,
    #8184,#8185,#8186,#8187,#8188,#8189,#8190,#8191,#8192),
  .UNSPECIFIED.,.F.,.F.,(4,1,1,1,1,1,1,1,1,1,1,1,1,1,1,1,1,1,1,1,1,1,4),
  (0.28,0.280909090909,0.281818181818,0.282727272727,0.283636363636,
    0.284545454545,0.285454545455,0.286363636364,0.287272727273,
    0.288181818182,0.289090909091,0.29,0.290909090909,0.291818181818,
    0.292727272727,0.293636363636,0.294545454545,0.295454545455,
    0.296363636364,0.297272727273,0.298181818182,0.299090909091,0.3),
  .QUASI_UNIFORM_KNOTS.);
#8168 = CARTESIAN_POINT('',(6.28318530718,-2.75));
#8169 = CARTESIAN_POINT('',(6.237747997493,-2.753273714118));
#8170 = CARTESIAN_POINT('',(6.145145803381,-2.76022500775));
#8171 = CARTESIAN_POINT('',(6.002408060168,-2.771559314821));
#8172 = CARTESIAN_POINT('',(5.85711898895,-2.783522949989));
#8173 = CARTESIAN_POINT('',(5.710789732229,-2.795746206114));
#8174 = CARTESIAN_POINT('',(5.564990855957,-2.807836797911));
#8175 = CARTESIAN_POINT('',(5.421212408016,-2.819426334368));
#8176 = CARTESIAN_POINT('',(5.281012806584,-2.830153433971));
#8177 = CARTESIAN_POINT('',(5.145013381859,-2.839905985654));
#8178 = CARTESIAN_POINT('',(5.003069607686,-2.85104502265));
#8179 = CARTESIAN_POINT('',(4.858560976536,-2.86281652551));
#8180 = CARTESIAN_POINT('',(4.712388980385,-2.875));
#8181 = CARTESIAN_POINT('',(4.566216984234,-2.88718347449));
#8182 = CARTESIAN_POINT('',(4.421708353083,-2.89895497735));
#8183 = CARTESIAN_POINT('',(4.279764578911,-2.910094014345));
#8184 = CARTESIAN_POINT('',(4.143765154185,-2.919846566029));
#8185 = CARTESIAN_POINT('',(4.003565552753,-2.930573665632));
#8186 = CARTESIAN_POINT('',(3.859787104812,-2.942163202089));
#8187 = CARTESIAN_POINT('',(3.71398822854,-2.954253793886));
#8188 = CARTESIAN_POINT('',(3.567658971819,-2.966477050011));
#8189 = CARTESIAN_POINT('',(3.422369900601,-2.978440685179));
#8190 = CARTESIAN_POINT('',(3.279632157388,-2.98977499225));
#8191 = CARTESIAN_POINT('',(3.187029963276,-2.996726285882));
#8192 = CARTESIAN_POINT('',(3.14159265359,-3.));
#8193 = ( GEOMETRIC_REPRESENTATION_CONTEXT(2) 
PARAMETRIC_REPRESENTATION_CONTEXT() REPRESENTATION_CONTEXT('2D SPACE',''
  ) );
#8194 = PCURVE('',#2216,#8195);
#8195 = DEFINITIONAL_REPRESENTATION('',(#8196),#8200);
#8196 = LINE('',#8197,#8198);
#8197 = CARTESIAN_POINT('',(1.,0.));
#8198 = VECTOR('',#8199,1.);
#8199 = DIRECTION('',(1.221245327088E-13,1.));
#8200 = ( GEOMETRIC_REPRESENTATION_CONTEXT(2) 
PARAMETRIC_REPRESENTATION_CONTEXT() REPRESENTATION_CONTEXT('2D SPACE',''
  ) );
#8201 = ORIENTED_EDGE('',*,*,#6080,.T.);
#8202 = ORIENTED_EDGE('',*,*,#8203,.T.);
#8203 = EDGE_CURVE('',#6032,#5847,#8204,.T.);
#8204 = SURFACE_CURVE('',#8205,(#8213,#8242),.PCURVE_S1.);
#8205 = ( BOUNDED_CURVE() B_SPLINE_CURVE(2,(#8206,#8207,#8208,#8209,
#8210,#8211,#8212),.UNSPECIFIED.,.F.,.F.) B_SPLINE_CURVE_WITH_KNOTS((3,2
    ,2,3),(0.24,0.246666666667,0.253333333333,0.26),
.PIECEWISE_BEZIER_KNOTS.) CURVE() GEOMETRIC_REPRESENTATION_ITEM() 
RATIONAL_B_SPLINE_CURVE((1.,0.866025403784,1.,0.866025403784,1.,
0.866025403784,1.)) REPRESENTATION_ITEM('') );
#8206 = CARTESIAN_POINT('',(-33.81250000136,-6.,0.));
#8207 = CARTESIAN_POINT('',(-33.77083333469,-6.,-3.464101615138));
#8208 = CARTESIAN_POINT('',(-33.72916666803,-3.,-5.196152422707));
#8209 = CARTESIAN_POINT('',(-33.68750000136,1.079596134758E-14,
    -6.928203230276));
#8210 = CARTESIAN_POINT('',(-33.64583333469,3.,-5.196152422707));
#8211 = CARTESIAN_POINT('',(-33.60416666803,6.,-3.464101615138));
#8212 = CARTESIAN_POINT('',(-33.56250000136,6.,-7.347880794884E-16));
#8213 = PCURVE('',#5862,#8214);
#8214 = DEFINITIONAL_REPRESENTATION('',(#8215),#8241);
#8215 = B_SPLINE_CURVE_WITH_KNOTS('',3,(#8216,#8217,#8218,#8219,#8220,
    #8221,#8222,#8223,#8224,#8225,#8226,#8227,#8228,#8229,#8230,#8231,
    #8232,#8233,#8234,#8235,#8236,#8237,#8238,#8239,#8240),
  .UNSPECIFIED.,.F.,.F.,(4,1,1,1,1,1,1,1,1,1,1,1,1,1,1,1,1,1,1,1,1,1,4),
  (0.24,0.240909090909,0.241818181818,0.242727272727,0.243636363636,
    0.244545454545,0.245454545455,0.246363636364,0.247272727273,
    0.248181818182,0.249090909091,0.25,0.250909090909,0.251818181818,
    0.252727272727,0.253636363636,0.254545454545,0.255454545455,
    0.256363636364,0.257272727273,0.258181818182,0.259090909091,0.26),
  .QUASI_UNIFORM_KNOTS.);
#8216 = CARTESIAN_POINT('',(6.28318530718,-2.687499998634));
#8217 = CARTESIAN_POINT('',(6.237747997493,-2.690773712753));
#8218 = CARTESIAN_POINT('',(6.145145803381,-2.697725006384));
#8219 = CARTESIAN_POINT('',(6.002408060168,-2.709059313455));
#8220 = CARTESIAN_POINT('',(5.85711898895,-2.721022948624));
#8221 = CARTESIAN_POINT('',(5.710789732229,-2.733246204748));
#8222 = CARTESIAN_POINT('',(5.564990855957,-2.745336796545));
#8223 = CARTESIAN_POINT('',(5.421212408016,-2.756926333003));
#8224 = CARTESIAN_POINT('',(5.281012806584,-2.767653432606));
#8225 = CARTESIAN_POINT('',(5.145013381859,-2.777405984289));
#8226 = CARTESIAN_POINT('',(5.003069607686,-2.788545021285));
#8227 = CARTESIAN_POINT('',(4.858560976536,-2.800316524145));
#8228 = CARTESIAN_POINT('',(4.712388980385,-2.812499998634));
#8229 = CARTESIAN_POINT('',(4.566216984234,-2.824683473124));
#8230 = CARTESIAN_POINT('',(4.421708353083,-2.836454975984));
#8231 = CARTESIAN_POINT('',(4.279764578911,-2.84759401298));
#8232 = CARTESIAN_POINT('',(4.143765154185,-2.857346564663));
#8233 = CARTESIAN_POINT('',(4.003565552753,-2.868073664266));
#8234 = CARTESIAN_POINT('',(3.859787104812,-2.879663200723));
#8235 = CARTESIAN_POINT('',(3.71398822854,-2.89175379252));
#8236 = CARTESIAN_POINT('',(3.567658971819,-2.903977048645));
#8237 = CARTESIAN_POINT('',(3.422369900601,-2.915940683814));
#8238 = CARTESIAN_POINT('',(3.279632157388,-2.927274990885));
#8239 = CARTESIAN_POINT('',(3.187029963276,-2.934226284516));
#8240 = CARTESIAN_POINT('',(3.14159265359,-2.937499998634));
#8241 = ( GEOMETRIC_REPRESENTATION_CONTEXT(2) 
PARAMETRIC_REPRESENTATION_CONTEXT() REPRESENTATION_CONTEXT('2D SPACE',''
  ) );
#8242 = PCURVE('',#1421,#8243);
#8243 = DEFINITIONAL_REPRESENTATION('',(#8244),#8248);
#8244 = LINE('',#8245,#8246);
#8245 = CARTESIAN_POINT('',(-6.219193619842E-14,0.));
#8246 = VECTOR('',#8247,1.);
#8247 = DIRECTION('',(2.458951200252E-13,1.));
#8248 = ( GEOMETRIC_REPRESENTATION_CONTEXT(2) 
PARAMETRIC_REPRESENTATION_CONTEXT() REPRESENTATION_CONTEXT('2D SPACE',''
  ) );
#8249 = ADVANCED_FACE('',(#8250),#6019,.T.);
#8250 = FACE_BOUND('',#8251,.T.);
#8251 = EDGE_LOOP('',(#8252,#8253,#8300,#8301));
#8252 = ORIENTED_EDGE('',*,*,#6003,.F.);
#8253 = ORIENTED_EDGE('',*,*,#8254,.F.);
#8254 = EDGE_CURVE('',#6107,#5948,#8255,.T.);
#8255 = SURFACE_CURVE('',#8256,(#8264,#8293),.PCURVE_S1.);
#8256 = ( BOUNDED_CURVE() B_SPLINE_CURVE(2,(#8257,#8258,#8259,#8260,
#8261,#8262,#8263),.UNSPECIFIED.,.F.,.F.) B_SPLINE_CURVE_WITH_KNOTS((3,2
    ,2,3),(0.24,0.246666666667,0.253333333333,0.26),
.PIECEWISE_BEZIER_KNOTS.) CURVE() GEOMETRIC_REPRESENTATION_ITEM() 
RATIONAL_B_SPLINE_CURVE((1.,0.866025403784,1.,0.866025403784,1.,
0.866025403784,1.)) REPRESENTATION_ITEM('') );
#8257 = CARTESIAN_POINT('',(-34.25,-6.,0.));
#8258 = CARTESIAN_POINT('',(-34.20833333333,-6.,-3.464101615138));
#8259 = CARTESIAN_POINT('',(-34.16666666666,-3.,-5.196152422707));
#8260 = CARTESIAN_POINT('',(-34.125,1.094167811911E-14,-6.928203230276)
  );
#8261 = CARTESIAN_POINT('',(-34.08333333333,3.,-5.196152422707));
#8262 = CARTESIAN_POINT('',(-34.04166666666,6.,-3.464101615138));
#8263 = CARTESIAN_POINT('',(-34.,6.,-7.347880794884E-16));
#8264 = PCURVE('',#6019,#8265);
#8265 = DEFINITIONAL_REPRESENTATION('',(#8266),#8292);
#8266 = B_SPLINE_CURVE_WITH_KNOTS('',3,(#8267,#8268,#8269,#8270,#8271,
    #8272,#8273,#8274,#8275,#8276,#8277,#8278,#8279,#8280,#8281,#8282,
    #8283,#8284,#8285,#8286,#8287,#8288,#8289,#8290,#8291),
  .UNSPECIFIED.,.F.,.F.,(4,1,1,1,1,1,1,1,1,1,1,1,1,1,1,1,1,1,1,1,1,1,4),
  (0.24,0.240909090909,0.241818181818,0.242727272727,0.243636363636,
    0.244545454545,0.245454545455,0.246363636364,0.247272727273,
    0.248181818182,0.249090909091,0.25,0.250909090909,0.251818181818,
    0.252727272727,0.253636363636,0.254545454545,0.255454545455,
    0.256363636364,0.257272727273,0.258181818182,0.259090909091,0.26),
  .QUASI_UNIFORM_KNOTS.);
#8267 = CARTESIAN_POINT('',(6.28318530718,-2.25));
#8268 = CARTESIAN_POINT('',(6.237747997493,-2.253273714118));
#8269 = CARTESIAN_POINT('',(6.145145803381,-2.26022500775));
#8270 = CARTESIAN_POINT('',(6.002408060168,-2.271559314821));
#8271 = CARTESIAN_POINT('',(5.85711898895,-2.283522949989));
#8272 = CARTESIAN_POINT('',(5.710789732229,-2.295746206114));
#8273 = CARTESIAN_POINT('',(5.564990855957,-2.307836797911));
#8274 = CARTESIAN_POINT('',(5.421212408016,-2.319426334368));
#8275 = CARTESIAN_POINT('',(5.281012806584,-2.330153433971));
#8276 = CARTESIAN_POINT('',(5.145013381859,-2.339905985654));
#8277 = CARTESIAN_POINT('',(5.003069607686,-2.35104502265));
#8278 = CARTESIAN_POINT('',(4.858560976536,-2.36281652551));
#8279 = CARTESIAN_POINT('',(4.712388980385,-2.375));
#8280 = CARTESIAN_POINT('',(4.566216984234,-2.38718347449));
#8281 = CARTESIAN_POINT('',(4.421708353083,-2.39895497735));
#8282 = CARTESIAN_POINT('',(4.279764578911,-2.410094014345));
#8283 = CARTESIAN_POINT('',(4.143765154185,-2.419846566029));
#8284 = CARTESIAN_POINT('',(4.003565552753,-2.430573665632));
#8285 = CARTESIAN_POINT('',(3.859787104812,-2.442163202089));
#8286 = CARTESIAN_POINT('',(3.71398822854,-2.454253793886));
#8287 = CARTESIAN_POINT('',(3.567658971819,-2.466477050011));
#8288 = CARTESIAN_POINT('',(3.422369900601,-2.478440685179));
#8289 = CARTESIAN_POINT('',(3.279632157388,-2.48977499225));
#8290 = CARTESIAN_POINT('',(3.187029963276,-2.496726285882));
#8291 = CARTESIAN_POINT('',(3.14159265359,-2.5));
#8292 = ( GEOMETRIC_REPRESENTATION_CONTEXT(2) 
PARAMETRIC_REPRESENTATION_CONTEXT() REPRESENTATION_CONTEXT('2D SPACE',''
  ) );
#8293 = PCURVE('',#2216,#8294);
#8294 = DEFINITIONAL_REPRESENTATION('',(#8295),#8299);
#8295 = LINE('',#8296,#8297);
#8296 = CARTESIAN_POINT('',(1.,0.));
#8297 = VECTOR('',#8298,1.);
#8298 = DIRECTION('',(-1.554312234475E-13,1.));
#8299 = ( GEOMETRIC_REPRESENTATION_CONTEXT(2) 
PARAMETRIC_REPRESENTATION_CONTEXT() REPRESENTATION_CONTEXT('2D SPACE',''
  ) );
#8300 = ORIENTED_EDGE('',*,*,#6237,.T.);
#8301 = ORIENTED_EDGE('',*,*,#8302,.T.);
#8302 = EDGE_CURVE('',#6189,#6004,#8303,.T.);
#8303 = SURFACE_CURVE('',#8304,(#8312,#8341),.PCURVE_S1.);
#8304 = ( BOUNDED_CURVE() B_SPLINE_CURVE(2,(#8305,#8306,#8307,#8308,
#8309,#8310,#8311),.UNSPECIFIED.,.F.,.F.) B_SPLINE_CURVE_WITH_KNOTS((3,2
    ,2,3),(0.2,0.206666666667,0.213333333333,0.22),
.PIECEWISE_BEZIER_KNOTS.) CURVE() GEOMETRIC_REPRESENTATION_ITEM() 
RATIONAL_B_SPLINE_CURVE((1.,0.866025403784,1.,0.866025403784,1.,
0.866025403784,1.)) REPRESENTATION_ITEM('') );
#8305 = CARTESIAN_POINT('',(-34.31250000136,-6.,0.));
#8306 = CARTESIAN_POINT('',(-34.27083333469,-6.,-3.464101615138));
#8307 = CARTESIAN_POINT('',(-34.22916666803,-3.,-5.196152422707));
#8308 = CARTESIAN_POINT('',(-34.18750000136,1.096249480128E-14,
    -6.928203230276));
#8309 = CARTESIAN_POINT('',(-34.14583333469,3.,-5.196152422707));
#8310 = CARTESIAN_POINT('',(-34.10416666803,6.,-3.464101615138));
#8311 = CARTESIAN_POINT('',(-34.06250000136,6.,-7.347880794884E-16));
#8312 = PCURVE('',#6019,#8313);
#8313 = DEFINITIONAL_REPRESENTATION('',(#8314),#8340);
#8314 = B_SPLINE_CURVE_WITH_KNOTS('',3,(#8315,#8316,#8317,#8318,#8319,
    #8320,#8321,#8322,#8323,#8324,#8325,#8326,#8327,#8328,#8329,#8330,
    #8331,#8332,#8333,#8334,#8335,#8336,#8337,#8338,#8339),
  .UNSPECIFIED.,.F.,.F.,(4,1,1,1,1,1,1,1,1,1,1,1,1,1,1,1,1,1,1,1,1,1,4),
  (0.2,0.200909090909,0.201818181818,0.202727272727,0.203636363636,
    0.204545454545,0.205454545455,0.206363636364,0.207272727273,
    0.208181818182,0.209090909091,0.21,0.210909090909,0.211818181818,
    0.212727272727,0.213636363636,0.214545454545,0.215454545455,
    0.216363636364,0.217272727273,0.218181818182,0.219090909091,0.22),
  .QUASI_UNIFORM_KNOTS.);
#8315 = CARTESIAN_POINT('',(6.28318530718,-2.187499998634));
#8316 = CARTESIAN_POINT('',(6.237747997493,-2.190773712753));
#8317 = CARTESIAN_POINT('',(6.145145803381,-2.197725006384));
#8318 = CARTESIAN_POINT('',(6.002408060168,-2.209059313455));
#8319 = CARTESIAN_POINT('',(5.85711898895,-2.221022948624));
#8320 = CARTESIAN_POINT('',(5.710789732229,-2.233246204748));
#8321 = CARTESIAN_POINT('',(5.564990855957,-2.245336796545));
#8322 = CARTESIAN_POINT('',(5.421212408016,-2.256926333003));
#8323 = CARTESIAN_POINT('',(5.281012806584,-2.267653432606));
#8324 = CARTESIAN_POINT('',(5.145013381859,-2.277405984289));
#8325 = CARTESIAN_POINT('',(5.003069607686,-2.288545021285));
#8326 = CARTESIAN_POINT('',(4.858560976536,-2.300316524145));
#8327 = CARTESIAN_POINT('',(4.712388980385,-2.312499998634));
#8328 = CARTESIAN_POINT('',(4.566216984234,-2.324683473124));
#8329 = CARTESIAN_POINT('',(4.421708353083,-2.336454975984));
#8330 = CARTESIAN_POINT('',(4.279764578911,-2.34759401298));
#8331 = CARTESIAN_POINT('',(4.143765154185,-2.357346564663));
#8332 = CARTESIAN_POINT('',(4.003565552753,-2.368073664266));
#8333 = CARTESIAN_POINT('',(3.859787104812,-2.379663200723));
#8334 = CARTESIAN_POINT('',(3.71398822854,-2.39175379252));
#8335 = CARTESIAN_POINT('',(3.567658971819,-2.403977048645));
#8336 = CARTESIAN_POINT('',(3.422369900601,-2.415940683814));
#8337 = CARTESIAN_POINT('',(3.279632157388,-2.427274990885));
#8338 = CARTESIAN_POINT('',(3.187029963276,-2.434226284516));
#8339 = CARTESIAN_POINT('',(3.14159265359,-2.437499998634));
#8340 = ( GEOMETRIC_REPRESENTATION_CONTEXT(2) 
PARAMETRIC_REPRESENTATION_CONTEXT() REPRESENTATION_CONTEXT('2D SPACE',''
  ) );
#8341 = PCURVE('',#1421,#8342);
#8342 = DEFINITIONAL_REPRESENTATION('',(#8343),#8347);
#8343 = LINE('',#8344,#8345);
#8344 = CARTESIAN_POINT('',(1.004553970389E-15,0.));
#8345 = VECTOR('',#8346,1.);
#8346 = DIRECTION('',(1.544988095792E-16,1.));
#8347 = ( GEOMETRIC_REPRESENTATION_CONTEXT(2) 
PARAMETRIC_REPRESENTATION_CONTEXT() REPRESENTATION_CONTEXT('2D SPACE',''
  ) );
#8348 = ADVANCED_FACE('',(#8349),#6176,.T.);
#8349 = FACE_BOUND('',#8350,.T.);
#8350 = EDGE_LOOP('',(#8351,#8352,#8399,#8400));
#8351 = ORIENTED_EDGE('',*,*,#6160,.F.);
#8352 = ORIENTED_EDGE('',*,*,#8353,.F.);
#8353 = EDGE_CURVE('',#6264,#6105,#8354,.T.);
#8354 = SURFACE_CURVE('',#8355,(#8363,#8392),.PCURVE_S1.);
#8355 = ( BOUNDED_CURVE() B_SPLINE_CURVE(2,(#8356,#8357,#8358,#8359,
#8360,#8361,#8362),.UNSPECIFIED.,.F.,.F.) B_SPLINE_CURVE_WITH_KNOTS((3,2
    ,2,3),(0.2,0.206666666667,0.213333333333,0.22),
.PIECEWISE_BEZIER_KNOTS.) CURVE() GEOMETRIC_REPRESENTATION_ITEM() 
RATIONAL_B_SPLINE_CURVE((1.,0.866025403784,1.,0.866025403784,1.,
0.866025403784,1.)) REPRESENTATION_ITEM('') );
#8356 = CARTESIAN_POINT('',(-34.75,-6.,0.));
#8357 = CARTESIAN_POINT('',(-34.70833333333,-6.,-3.464101615138));
#8358 = CARTESIAN_POINT('',(-34.66666666666,-3.,-5.196152422707));
#8359 = CARTESIAN_POINT('',(-34.625,1.11082115728E-14,-6.928203230276));
#8360 = CARTESIAN_POINT('',(-34.58333333333,3.,-5.196152422707));
#8361 = CARTESIAN_POINT('',(-34.54166666666,6.,-3.464101615138));
#8362 = CARTESIAN_POINT('',(-34.5,6.,-7.347880794884E-16));
#8363 = PCURVE('',#6176,#8364);
#8364 = DEFINITIONAL_REPRESENTATION('',(#8365),#8391);
#8365 = B_SPLINE_CURVE_WITH_KNOTS('',3,(#8366,#8367,#8368,#8369,#8370,
    #8371,#8372,#8373,#8374,#8375,#8376,#8377,#8378,#8379,#8380,#8381,
    #8382,#8383,#8384,#8385,#8386,#8387,#8388,#8389,#8390),
  .UNSPECIFIED.,.F.,.F.,(4,1,1,1,1,1,1,1,1,1,1,1,1,1,1,1,1,1,1,1,1,1,4),
  (0.2,0.200909090909,0.201818181818,0.202727272727,0.203636363636,
    0.204545454545,0.205454545455,0.206363636364,0.207272727273,
    0.208181818182,0.209090909091,0.21,0.210909090909,0.211818181818,
    0.212727272727,0.213636363636,0.214545454545,0.215454545455,
    0.216363636364,0.217272727273,0.218181818182,0.219090909091,0.22),
  .QUASI_UNIFORM_KNOTS.);
#8366 = CARTESIAN_POINT('',(6.28318530718,-1.75));
#8367 = CARTESIAN_POINT('',(6.237747997493,-1.753273714118));
#8368 = CARTESIAN_POINT('',(6.145145803381,-1.76022500775));
#8369 = CARTESIAN_POINT('',(6.002408060168,-1.771559314821));
#8370 = CARTESIAN_POINT('',(5.85711898895,-1.783522949989));
#8371 = CARTESIAN_POINT('',(5.710789732229,-1.795746206114));
#8372 = CARTESIAN_POINT('',(5.564990855957,-1.807836797911));
#8373 = CARTESIAN_POINT('',(5.421212408016,-1.819426334368));
#8374 = CARTESIAN_POINT('',(5.281012806584,-1.830153433971));
#8375 = CARTESIAN_POINT('',(5.145013381859,-1.839905985654));
#8376 = CARTESIAN_POINT('',(5.003069607686,-1.85104502265));
#8377 = CARTESIAN_POINT('',(4.858560976536,-1.86281652551));
#8378 = CARTESIAN_POINT('',(4.712388980385,-1.875));
#8379 = CARTESIAN_POINT('',(4.566216984234,-1.88718347449));
#8380 = CARTESIAN_POINT('',(4.421708353083,-1.89895497735));
#8381 = CARTESIAN_POINT('',(4.279764578911,-1.910094014345));
#8382 = CARTESIAN_POINT('',(4.143765154185,-1.919846566029));
#8383 = CARTESIAN_POINT('',(4.003565552753,-1.930573665632));
#8384 = CARTESIAN_POINT('',(3.859787104812,-1.942163202089));
#8385 = CARTESIAN_POINT('',(3.71398822854,-1.954253793886));
#8386 = CARTESIAN_POINT('',(3.567658971819,-1.966477050011));
#8387 = CARTESIAN_POINT('',(3.422369900601,-1.978440685179));
#8388 = CARTESIAN_POINT('',(3.279632157388,-1.98977499225));
#8389 = CARTESIAN_POINT('',(3.187029963276,-1.996726285882));
#8390 = CARTESIAN_POINT('',(3.14159265359,-2.));
#8391 = ( GEOMETRIC_REPRESENTATION_CONTEXT(2) 
PARAMETRIC_REPRESENTATION_CONTEXT() REPRESENTATION_CONTEXT('2D SPACE',''
  ) );
#8392 = PCURVE('',#2216,#8393);
#8393 = DEFINITIONAL_REPRESENTATION('',(#8394),#8398);
#8394 = LINE('',#8395,#8396);
#8395 = CARTESIAN_POINT('',(1.,0.));
#8396 = VECTOR('',#8397,1.);
#8397 = DIRECTION('',(3.330669073875E-14,1.));
#8398 = ( GEOMETRIC_REPRESENTATION_CONTEXT(2) 
PARAMETRIC_REPRESENTATION_CONTEXT() REPRESENTATION_CONTEXT('2D SPACE',''
  ) );
#8399 = ORIENTED_EDGE('',*,*,#6394,.T.);
#8400 = ORIENTED_EDGE('',*,*,#8401,.T.);
#8401 = EDGE_CURVE('',#6346,#6161,#8402,.T.);
#8402 = SURFACE_CURVE('',#8403,(#8411,#8440),.PCURVE_S1.);
#8403 = ( BOUNDED_CURVE() B_SPLINE_CURVE(2,(#8404,#8405,#8406,#8407,
#8408,#8409,#8410),.UNSPECIFIED.,.F.,.F.) B_SPLINE_CURVE_WITH_KNOTS((3,2
    ,2,3),(0.16,0.166666666667,0.173333333333,0.18),
.PIECEWISE_BEZIER_KNOTS.) CURVE() GEOMETRIC_REPRESENTATION_ITEM() 
RATIONAL_B_SPLINE_CURVE((1.,0.866025403784,1.,0.866025403784,1.,
0.866025403784,1.)) REPRESENTATION_ITEM('') );
#8404 = CARTESIAN_POINT('',(-34.81250000136,-6.,0.));
#8405 = CARTESIAN_POINT('',(-34.77083333469,-6.,-3.464101615138));
#8406 = CARTESIAN_POINT('',(-34.72916666803,-3.,-5.196152422707));
#8407 = CARTESIAN_POINT('',(-34.68750000136,1.112902825497E-14,
    -6.928203230276));
#8408 = CARTESIAN_POINT('',(-34.64583333469,3.,-5.196152422707));
#8409 = CARTESIAN_POINT('',(-34.60416666803,6.,-3.464101615138));
#8410 = CARTESIAN_POINT('',(-34.56250000136,6.,-7.347880794884E-16));
#8411 = PCURVE('',#6176,#8412);
#8412 = DEFINITIONAL_REPRESENTATION('',(#8413),#8439);
#8413 = B_SPLINE_CURVE_WITH_KNOTS('',3,(#8414,#8415,#8416,#8417,#8418,
    #8419,#8420,#8421,#8422,#8423,#8424,#8425,#8426,#8427,#8428,#8429,
    #8430,#8431,#8432,#8433,#8434,#8435,#8436,#8437,#8438),
  .UNSPECIFIED.,.F.,.F.,(4,1,1,1,1,1,1,1,1,1,1,1,1,1,1,1,1,1,1,1,1,1,4),
  (0.16,0.160909090909,0.161818181818,0.162727272727,0.163636363636,
    0.164545454545,0.165454545455,0.166363636364,0.167272727273,
    0.168181818182,0.169090909091,0.17,0.170909090909,0.171818181818,
    0.172727272727,0.173636363636,0.174545454545,0.175454545455,
    0.176363636364,0.177272727273,0.178181818182,0.179090909091,0.18),
  .QUASI_UNIFORM_KNOTS.);
#8414 = CARTESIAN_POINT('',(6.28318530718,-1.687499998634));
#8415 = CARTESIAN_POINT('',(6.237747997493,-1.690773712753));
#8416 = CARTESIAN_POINT('',(6.145145803381,-1.697725006384));
#8417 = CARTESIAN_POINT('',(6.002408060168,-1.709059313455));
#8418 = CARTESIAN_POINT('',(5.85711898895,-1.721022948624));
#8419 = CARTESIAN_POINT('',(5.710789732229,-1.733246204748));
#8420 = CARTESIAN_POINT('',(5.564990855957,-1.745336796545));
#8421 = CARTESIAN_POINT('',(5.421212408016,-1.756926333003));
#8422 = CARTESIAN_POINT('',(5.281012806584,-1.767653432606));
#8423 = CARTESIAN_POINT('',(5.145013381859,-1.777405984289));
#8424 = CARTESIAN_POINT('',(5.003069607686,-1.788545021285));
#8425 = CARTESIAN_POINT('',(4.858560976536,-1.800316524145));
#8426 = CARTESIAN_POINT('',(4.712388980385,-1.812499998634));
#8427 = CARTESIAN_POINT('',(4.566216984234,-1.824683473124));
#8428 = CARTESIAN_POINT('',(4.421708353083,-1.836454975984));
#8429 = CARTESIAN_POINT('',(4.279764578911,-1.84759401298));
#8430 = CARTESIAN_POINT('',(4.143765154185,-1.857346564663));
#8431 = CARTESIAN_POINT('',(4.003565552753,-1.868073664266));
#8432 = CARTESIAN_POINT('',(3.859787104812,-1.879663200723));
#8433 = CARTESIAN_POINT('',(3.71398822854,-1.89175379252));
#8434 = CARTESIAN_POINT('',(3.567658971819,-1.903977048645));
#8435 = CARTESIAN_POINT('',(3.422369900601,-1.915940683814));
#8436 = CARTESIAN_POINT('',(3.279632157388,-1.927274990885));
#8437 = CARTESIAN_POINT('',(3.187029963276,-1.934226284516));
#8438 = CARTESIAN_POINT('',(3.14159265359,-1.937499998634));
#8439 = ( GEOMETRIC_REPRESENTATION_CONTEXT(2) 
PARAMETRIC_REPRESENTATION_CONTEXT() REPRESENTATION_CONTEXT('2D SPACE',''
  ) );
#8440 = PCURVE('',#1421,#8441);
#8441 = DEFINITIONAL_REPRESENTATION('',(#8442),#8446);
#8442 = LINE('',#8443,#8444);
#8443 = CARTESIAN_POINT('',(3.917656130059E-15,0.));
#8444 = VECTOR('',#8445,1.);
#8445 = DIRECTION('',(-1.801401909585E-14,1.));
#8446 = ( GEOMETRIC_REPRESENTATION_CONTEXT(2) 
PARAMETRIC_REPRESENTATION_CONTEXT() REPRESENTATION_CONTEXT('2D SPACE',''
  ) );
#8447 = ADVANCED_FACE('',(#8448),#6333,.T.);
#8448 = FACE_BOUND('',#8449,.T.);
#8449 = EDGE_LOOP('',(#8450,#8451,#8498,#8499));
#8450 = ORIENTED_EDGE('',*,*,#6317,.F.);
#8451 = ORIENTED_EDGE('',*,*,#8452,.F.);
#8452 = EDGE_CURVE('',#6421,#6262,#8453,.T.);
#8453 = SURFACE_CURVE('',#8454,(#8462,#8491),.PCURVE_S1.);
#8454 = ( BOUNDED_CURVE() B_SPLINE_CURVE(2,(#8455,#8456,#8457,#8458,
#8459,#8460,#8461),.UNSPECIFIED.,.F.,.F.) B_SPLINE_CURVE_WITH_KNOTS((3,2
    ,2,3),(0.16,0.166666666667,0.173333333333,0.18),
.PIECEWISE_BEZIER_KNOTS.) CURVE() GEOMETRIC_REPRESENTATION_ITEM() 
RATIONAL_B_SPLINE_CURVE((1.,0.866025403784,1.,0.866025403784,1.,
0.866025403784,1.)) REPRESENTATION_ITEM('') );
#8455 = CARTESIAN_POINT('',(-35.25,-6.,0.));
#8456 = CARTESIAN_POINT('',(-35.20833333333,-6.,-3.464101615138));
#8457 = CARTESIAN_POINT('',(-35.16666666666,-3.,-5.196152422707));
#8458 = CARTESIAN_POINT('',(-35.125,1.12747450265E-14,-6.928203230276));
#8459 = CARTESIAN_POINT('',(-35.08333333333,3.,-5.196152422707));
#8460 = CARTESIAN_POINT('',(-35.04166666666,6.,-3.464101615138));
#8461 = CARTESIAN_POINT('',(-35.,6.,-7.347880794884E-16));
#8462 = PCURVE('',#6333,#8463);
#8463 = DEFINITIONAL_REPRESENTATION('',(#8464),#8490);
#8464 = B_SPLINE_CURVE_WITH_KNOTS('',3,(#8465,#8466,#8467,#8468,#8469,
    #8470,#8471,#8472,#8473,#8474,#8475,#8476,#8477,#8478,#8479,#8480,
    #8481,#8482,#8483,#8484,#8485,#8486,#8487,#8488,#8489),
  .UNSPECIFIED.,.F.,.F.,(4,1,1,1,1,1,1,1,1,1,1,1,1,1,1,1,1,1,1,1,1,1,4),
  (0.16,0.160909090909,0.161818181818,0.162727272727,0.163636363636,
    0.164545454545,0.165454545455,0.166363636364,0.167272727273,
    0.168181818182,0.169090909091,0.17,0.170909090909,0.171818181818,
    0.172727272727,0.173636363636,0.174545454545,0.175454545455,
    0.176363636364,0.177272727273,0.178181818182,0.179090909091,0.18),
  .QUASI_UNIFORM_KNOTS.);
#8465 = CARTESIAN_POINT('',(6.28318530718,-1.25));
#8466 = CARTESIAN_POINT('',(6.237747997493,-1.253273714118));
#8467 = CARTESIAN_POINT('',(6.145145803381,-1.26022500775));
#8468 = CARTESIAN_POINT('',(6.002408060168,-1.271559314821));
#8469 = CARTESIAN_POINT('',(5.85711898895,-1.283522949989));
#8470 = CARTESIAN_POINT('',(5.710789732229,-1.295746206114));
#8471 = CARTESIAN_POINT('',(5.564990855957,-1.307836797911));
#8472 = CARTESIAN_POINT('',(5.421212408016,-1.319426334368));
#8473 = CARTESIAN_POINT('',(5.281012806584,-1.330153433971));
#8474 = CARTESIAN_POINT('',(5.145013381859,-1.339905985654));
#8475 = CARTESIAN_POINT('',(5.003069607686,-1.35104502265));
#8476 = CARTESIAN_POINT('',(4.858560976536,-1.36281652551));
#8477 = CARTESIAN_POINT('',(4.712388980385,-1.375));
#8478 = CARTESIAN_POINT('',(4.566216984234,-1.38718347449));
#8479 = CARTESIAN_POINT('',(4.421708353083,-1.39895497735));
#8480 = CARTESIAN_POINT('',(4.279764578911,-1.410094014345));
#8481 = CARTESIAN_POINT('',(4.143765154185,-1.419846566029));
#8482 = CARTESIAN_POINT('',(4.003565552753,-1.430573665632));
#8483 = CARTESIAN_POINT('',(3.859787104812,-1.442163202089));
#8484 = CARTESIAN_POINT('',(3.71398822854,-1.454253793886));
#8485 = CARTESIAN_POINT('',(3.567658971819,-1.466477050011));
#8486 = CARTESIAN_POINT('',(3.422369900601,-1.478440685179));
#8487 = CARTESIAN_POINT('',(3.279632157388,-1.48977499225));
#8488 = CARTESIAN_POINT('',(3.187029963276,-1.496726285882));
#8489 = CARTESIAN_POINT('',(3.14159265359,-1.5));
#8490 = ( GEOMETRIC_REPRESENTATION_CONTEXT(2) 
PARAMETRIC_REPRESENTATION_CONTEXT() REPRESENTATION_CONTEXT('2D SPACE',''
  ) );
#8491 = PCURVE('',#2216,#8492);
#8492 = DEFINITIONAL_REPRESENTATION('',(#8493),#8497);
#8493 = LINE('',#8494,#8495);
#8494 = CARTESIAN_POINT('',(1.,0.));
#8495 = VECTOR('',#8496,1.);
#8496 = DIRECTION('',(0.,1.));
#8497 = ( GEOMETRIC_REPRESENTATION_CONTEXT(2) 
PARAMETRIC_REPRESENTATION_CONTEXT() REPRESENTATION_CONTEXT('2D SPACE',''
  ) );
#8498 = ORIENTED_EDGE('',*,*,#6546,.T.);
#8499 = ORIENTED_EDGE('',*,*,#8500,.T.);
#8500 = EDGE_CURVE('',#6498,#6318,#8501,.T.);
#8501 = SURFACE_CURVE('',#8502,(#8510,#8539),.PCURVE_S1.);
#8502 = ( BOUNDED_CURVE() B_SPLINE_CURVE(2,(#8503,#8504,#8505,#8506,
#8507,#8508,#8509),.UNSPECIFIED.,.F.,.F.) B_SPLINE_CURVE_WITH_KNOTS((3,2
    ,2,3),(0.12,0.126666666667,0.133333333333,0.14),
.PIECEWISE_BEZIER_KNOTS.) CURVE() GEOMETRIC_REPRESENTATION_ITEM() 
RATIONAL_B_SPLINE_CURVE((1.,0.866025403784,1.,0.866025403784,1.,
0.866025403784,1.)) REPRESENTATION_ITEM('') );
#8503 = CARTESIAN_POINT('',(-35.31250000136,-6.,0.));
#8504 = CARTESIAN_POINT('',(-35.27083333469,-6.,-3.464101615138));
#8505 = CARTESIAN_POINT('',(-35.22916666803,-3.,-5.196152422707));
#8506 = CARTESIAN_POINT('',(-35.18750000136,1.129556170866E-14,
    -6.928203230276));
#8507 = CARTESIAN_POINT('',(-35.14583333469,3.,-5.196152422707));
#8508 = CARTESIAN_POINT('',(-35.10416666803,6.,-3.464101615138));
#8509 = CARTESIAN_POINT('',(-35.06250000136,6.,-7.347880794884E-16));
#8510 = PCURVE('',#6333,#8511);
#8511 = DEFINITIONAL_REPRESENTATION('',(#8512),#8538);
#8512 = B_SPLINE_CURVE_WITH_KNOTS('',3,(#8513,#8514,#8515,#8516,#8517,
    #8518,#8519,#8520,#8521,#8522,#8523,#8524,#8525,#8526,#8527,#8528,
    #8529,#8530,#8531,#8532,#8533,#8534,#8535,#8536,#8537),
  .UNSPECIFIED.,.F.,.F.,(4,1,1,1,1,1,1,1,1,1,1,1,1,1,1,1,1,1,1,1,1,1,4),
  (0.12,0.120909090909,0.121818181818,0.122727272727,0.123636363636,
    0.124545454545,0.125454545455,0.126363636364,0.127272727273,
    0.128181818182,0.129090909091,0.13,0.130909090909,0.131818181818,
    0.132727272727,0.133636363636,0.134545454545,0.135454545455,
    0.136363636364,0.137272727273,0.138181818182,0.139090909091,0.14),
  .QUASI_UNIFORM_KNOTS.);
#8513 = CARTESIAN_POINT('',(6.28318530718,-1.187499998634));
#8514 = CARTESIAN_POINT('',(6.237747997493,-1.190773712753));
#8515 = CARTESIAN_POINT('',(6.145145803381,-1.197725006384));
#8516 = CARTESIAN_POINT('',(6.002408060168,-1.209059313455));
#8517 = CARTESIAN_POINT('',(5.85711898895,-1.221022948624));
#8518 = CARTESIAN_POINT('',(5.710789732229,-1.233246204748));
#8519 = CARTESIAN_POINT('',(5.564990855957,-1.245336796545));
#8520 = CARTESIAN_POINT('',(5.421212408016,-1.256926333003));
#8521 = CARTESIAN_POINT('',(5.281012806584,-1.267653432606));
#8522 = CARTESIAN_POINT('',(5.145013381859,-1.277405984289));
#8523 = CARTESIAN_POINT('',(5.003069607686,-1.288545021285));
#8524 = CARTESIAN_POINT('',(4.858560976536,-1.300316524145));
#8525 = CARTESIAN_POINT('',(4.712388980385,-1.312499998634));
#8526 = CARTESIAN_POINT('',(4.566216984234,-1.324683473124));
#8527 = CARTESIAN_POINT('',(4.421708353083,-1.336454975984));
#8528 = CARTESIAN_POINT('',(4.279764578911,-1.34759401298));
#8529 = CARTESIAN_POINT('',(4.143765154185,-1.357346564663));
#8530 = CARTESIAN_POINT('',(4.003565552753,-1.368073664266));
#8531 = CARTESIAN_POINT('',(3.859787104812,-1.379663200723));
#8532 = CARTESIAN_POINT('',(3.71398822854,-1.39175379252));
#8533 = CARTESIAN_POINT('',(3.567658971819,-1.403977048645));
#8534 = CARTESIAN_POINT('',(3.422369900601,-1.415940683814));
#8535 = CARTESIAN_POINT('',(3.279632157388,-1.427274990885));
#8536 = CARTESIAN_POINT('',(3.187029963276,-1.434226284516));
#8537 = CARTESIAN_POINT('',(3.14159265359,-1.437499998634));
#8538 = ( GEOMETRIC_REPRESENTATION_CONTEXT(2) 
PARAMETRIC_REPRESENTATION_CONTEXT() REPRESENTATION_CONTEXT('2D SPACE',''
  ) );
#8539 = PCURVE('',#1421,#8540);
#8540 = DEFINITIONAL_REPRESENTATION('',(#8541),#8545);
#8541 = LINE('',#8542,#8543);
#8542 = CARTESIAN_POINT('',(3.127900701375E-15,0.));
#8543 = VECTOR('',#8544,1.);
#8544 = DIRECTION('',(-1.743739688876E-14,1.));
#8545 = ( GEOMETRIC_REPRESENTATION_CONTEXT(2) 
PARAMETRIC_REPRESENTATION_CONTEXT() REPRESENTATION_CONTEXT('2D SPACE',''
  ) );
#8546 = ADVANCED_FACE('',(#8547),#3310,.T.);
#8547 = FACE_BOUND('',#8548,.T.);
#8548 = EDGE_LOOP('',(#8549,#8550,#8597,#8598));
#8549 = ORIENTED_EDGE('',*,*,#6474,.F.);
#8550 = ORIENTED_EDGE('',*,*,#8551,.F.);
#8551 = EDGE_CURVE('',#3166,#6419,#8552,.T.);
#8552 = SURFACE_CURVE('',#8553,(#8561,#8590),.PCURVE_S1.);
#8553 = ( BOUNDED_CURVE() B_SPLINE_CURVE(2,(#8554,#8555,#8556,#8557,
#8558,#8559,#8560),.UNSPECIFIED.,.F.,.F.) B_SPLINE_CURVE_WITH_KNOTS((3,2
    ,2,3),(0.12,0.126666666667,0.133333333333,0.14),
.PIECEWISE_BEZIER_KNOTS.) CURVE() GEOMETRIC_REPRESENTATION_ITEM() 
RATIONAL_B_SPLINE_CURVE((1.,0.866025403784,1.,0.866025403784,1.,
0.866025403784,1.)) REPRESENTATION_ITEM('') );
#8554 = CARTESIAN_POINT('',(-35.75,-6.,0.));
#8555 = CARTESIAN_POINT('',(-35.70833333333,-6.,-3.464101615138));
#8556 = CARTESIAN_POINT('',(-35.66666666666,-3.,-5.196152422707));
#8557 = CARTESIAN_POINT('',(-35.625,1.144127848019E-14,-6.928203230276)
  );
#8558 = CARTESIAN_POINT('',(-35.58333333333,3.,-5.196152422707));
#8559 = CARTESIAN_POINT('',(-35.54166666666,6.,-3.464101615138));
#8560 = CARTESIAN_POINT('',(-35.5,6.,-7.347880794884E-16));
#8561 = PCURVE('',#3310,#8562);
#8562 = DEFINITIONAL_REPRESENTATION('',(#8563),#8589);
#8563 = B_SPLINE_CURVE_WITH_KNOTS('',3,(#8564,#8565,#8566,#8567,#8568,
    #8569,#8570,#8571,#8572,#8573,#8574,#8575,#8576,#8577,#8578,#8579,
    #8580,#8581,#8582,#8583,#8584,#8585,#8586,#8587,#8588),
  .UNSPECIFIED.,.F.,.F.,(4,1,1,1,1,1,1,1,1,1,1,1,1,1,1,1,1,1,1,1,1,1,4),
  (0.12,0.120909090909,0.121818181818,0.122727272727,0.123636363636,
    0.124545454545,0.125454545455,0.126363636364,0.127272727273,
    0.128181818182,0.129090909091,0.13,0.130909090909,0.131818181818,
    0.132727272727,0.133636363636,0.134545454545,0.135454545455,
    0.136363636364,0.137272727273,0.138181818182,0.139090909091,0.14),
  .QUASI_UNIFORM_KNOTS.);
#8564 = CARTESIAN_POINT('',(6.28318530718,-0.75));
#8565 = CARTESIAN_POINT('',(6.237747997493,-0.753273714118));
#8566 = CARTESIAN_POINT('',(6.145145803381,-0.76022500775));
#8567 = CARTESIAN_POINT('',(6.002408060168,-0.771559314821));
#8568 = CARTESIAN_POINT('',(5.85711898895,-0.783522949989));
#8569 = CARTESIAN_POINT('',(5.710789732229,-0.795746206114));
#8570 = CARTESIAN_POINT('',(5.564990855957,-0.807836797911));
#8571 = CARTESIAN_POINT('',(5.421212408016,-0.819426334368));
#8572 = CARTESIAN_POINT('',(5.281012806584,-0.830153433971));
#8573 = CARTESIAN_POINT('',(5.145013381859,-0.839905985654));
#8574 = CARTESIAN_POINT('',(5.003069607686,-0.85104502265));
#8575 = CARTESIAN_POINT('',(4.858560976536,-0.86281652551));
#8576 = CARTESIAN_POINT('',(4.712388980385,-0.875));
#8577 = CARTESIAN_POINT('',(4.566216984234,-0.88718347449));
#8578 = CARTESIAN_POINT('',(4.421708353083,-0.89895497735));
#8579 = CARTESIAN_POINT('',(4.279764578911,-0.910094014345));
#8580 = CARTESIAN_POINT('',(4.143765154185,-0.919846566029));
#8581 = CARTESIAN_POINT('',(4.003565552753,-0.930573665632));
#8582 = CARTESIAN_POINT('',(3.859787104812,-0.942163202089));
#8583 = CARTESIAN_POINT('',(3.71398822854,-0.954253793886));
#8584 = CARTESIAN_POINT('',(3.567658971819,-0.966477050011));
#8585 = CARTESIAN_POINT('',(3.422369900601,-0.978440685179));
#8586 = CARTESIAN_POINT('',(3.279632157388,-0.98977499225));
#8587 = CARTESIAN_POINT('',(3.187029963276,-0.996726285882));
#8588 = CARTESIAN_POINT('',(3.14159265359,-1.));
#8589 = ( GEOMETRIC_REPRESENTATION_CONTEXT(2) 
PARAMETRIC_REPRESENTATION_CONTEXT() REPRESENTATION_CONTEXT('2D SPACE',''
  ) );
#8590 = PCURVE('',#2216,#8591);
#8591 = DEFINITIONAL_REPRESENTATION('',(#8592),#8596);
#8592 = LINE('',#8593,#8594);
#8593 = CARTESIAN_POINT('',(1.,0.));
#8594 = VECTOR('',#8595,1.);
#8595 = DIRECTION('',(-2.775557561563E-14,1.));
#8596 = ( GEOMETRIC_REPRESENTATION_CONTEXT(2) 
PARAMETRIC_REPRESENTATION_CONTEXT() REPRESENTATION_CONTEXT('2D SPACE',''
  ) );
#8597 = ORIENTED_EDGE('',*,*,#3296,.T.);
#8598 = ORIENTED_EDGE('',*,*,#8599,.T.);
#8599 = EDGE_CURVE('',#3248,#6475,#8600,.T.);
#8600 = SURFACE_CURVE('',#8601,(#8609,#8638),.PCURVE_S1.);
#8601 = ( BOUNDED_CURVE() B_SPLINE_CURVE(2,(#8602,#8603,#8604,#8605,
#8606,#8607,#8608),.UNSPECIFIED.,.F.,.F.) B_SPLINE_CURVE_WITH_KNOTS((3,2
    ,2,3),(8.E-02,8.666666666667E-02,9.333333333333E-02,0.1),
.PIECEWISE_BEZIER_KNOTS.) CURVE() GEOMETRIC_REPRESENTATION_ITEM() 
RATIONAL_B_SPLINE_CURVE((1.,0.866025403784,1.,0.866025403784,1.,
0.866025403784,1.)) REPRESENTATION_ITEM('') );
#8602 = CARTESIAN_POINT('',(-35.81250000136,-6.,0.));
#8603 = CARTESIAN_POINT('',(-35.77083333469,-6.,-3.464101615138));
#8604 = CARTESIAN_POINT('',(-35.72916666803,-3.,-5.196152422707));
#8605 = CARTESIAN_POINT('',(-35.68750000136,1.146209516236E-14,
    -6.928203230276));
#8606 = CARTESIAN_POINT('',(-35.64583333469,3.,-5.196152422707));
#8607 = CARTESIAN_POINT('',(-35.60416666803,6.,-3.464101615138));
#8608 = CARTESIAN_POINT('',(-35.56250000136,6.,-7.347880794884E-16));
#8609 = PCURVE('',#3310,#8610);
#8610 = DEFINITIONAL_REPRESENTATION('',(#8611),#8637);
#8611 = B_SPLINE_CURVE_WITH_KNOTS('',3,(#8612,#8613,#8614,#8615,#8616,
    #8617,#8618,#8619,#8620,#8621,#8622,#8623,#8624,#8625,#8626,#8627,
    #8628,#8629,#8630,#8631,#8632,#8633,#8634,#8635,#8636),
  .UNSPECIFIED.,.F.,.F.,(4,1,1,1,1,1,1,1,1,1,1,1,1,1,1,1,1,1,1,1,1,1,4),
  (8.E-02,8.090909090909E-02,8.181818181818E-02,8.272727272727E-02,
    8.363636363636E-02,8.454545454545E-02,8.545454545455E-02,
    8.636363636364E-02,8.727272727273E-02,8.818181818182E-02,
    8.909090909091E-02,9.E-02,9.090909090909E-02,9.181818181818E-02,
    9.272727272727E-02,9.363636363636E-02,9.454545454545E-02,
    9.545454545455E-02,9.636363636364E-02,9.727272727273E-02,
    9.818181818182E-02,9.909090909091E-02,0.1),.QUASI_UNIFORM_KNOTS.);
#8612 = CARTESIAN_POINT('',(6.28318530718,-0.687499998634));
#8613 = CARTESIAN_POINT('',(6.237747997493,-0.690773712753));
#8614 = CARTESIAN_POINT('',(6.145145803381,-0.697725006384));
#8615 = CARTESIAN_POINT('',(6.002408060168,-0.709059313455));
#8616 = CARTESIAN_POINT('',(5.85711898895,-0.721022948624));
#8617 = CARTESIAN_POINT('',(5.710789732229,-0.733246204748));
#8618 = CARTESIAN_POINT('',(5.564990855957,-0.745336796545));
#8619 = CARTESIAN_POINT('',(5.421212408016,-0.756926333003));
#8620 = CARTESIAN_POINT('',(5.281012806584,-0.767653432606));
#8621 = CARTESIAN_POINT('',(5.145013381859,-0.777405984289));
#8622 = CARTESIAN_POINT('',(5.003069607686,-0.788545021285));
#8623 = CARTESIAN_POINT('',(4.858560976536,-0.800316524145));
#8624 = CARTESIAN_POINT('',(4.712388980385,-0.812499998634));
#8625 = CARTESIAN_POINT('',(4.566216984234,-0.824683473124));
#8626 = CARTESIAN_POINT('',(4.421708353083,-0.836454975984));
#8627 = CARTESIAN_POINT('',(4.279764578911,-0.84759401298));
#8628 = CARTESIAN_POINT('',(4.143765154185,-0.857346564663));
#8629 = CARTESIAN_POINT('',(4.003565552753,-0.868073664266));
#8630 = CARTESIAN_POINT('',(3.859787104812,-0.879663200723));
#8631 = CARTESIAN_POINT('',(3.71398822854,-0.89175379252));
#8632 = CARTESIAN_POINT('',(3.567658971819,-0.903977048645));
#8633 = CARTESIAN_POINT('',(3.422369900601,-0.915940683814));
#8634 = CARTESIAN_POINT('',(3.279632157388,-0.927274990885));
#8635 = CARTESIAN_POINT('',(3.187029963276,-0.934226284516));
#8636 = CARTESIAN_POINT('',(3.14159265359,-0.937499998634));
#8637 = ( GEOMETRIC_REPRESENTATION_CONTEXT(2) 
PARAMETRIC_REPRESENTATION_CONTEXT() REPRESENTATION_CONTEXT('2D SPACE',''
  ) );
#8638 = PCURVE('',#1421,#8639);
#8639 = DEFINITIONAL_REPRESENTATION('',(#8640),#8644);
#8640 = LINE('',#8641,#8642);
#8641 = CARTESIAN_POINT('',(2.433518881198E-15,0.));
#8642 = VECTOR('',#8643,1.);
#8643 = DIRECTION('',(-1.758643686407E-14,1.));
#8644 = ( GEOMETRIC_REPRESENTATION_CONTEXT(2) 
PARAMETRIC_REPRESENTATION_CONTEXT() REPRESENTATION_CONTEXT('2D SPACE',''
  ) );
#8645 = ADVANCED_FACE('',(#8646),#3349,.T.);
#8646 = FACE_BOUND('',#8647,.T.);
#8647 = EDGE_LOOP('',(#8648,#8683,#8711,#9430,#9504,#9505,#9687));
#8648 = ORIENTED_EDGE('',*,*,#8649,.F.);
#8649 = EDGE_CURVE('',#8650,#8652,#8654,.T.);
#8650 = VERTEX_POINT('',#8651);
#8651 = CARTESIAN_POINT('',(-25.,5.5,7.041719095097E-16));
#8652 = VERTEX_POINT('',#8653);
#8653 = CARTESIAN_POINT('',(-25.,-5.5,0.));
#8654 = SURFACE_CURVE('',#8655,(#8660,#8667),.PCURVE_S1.);
#8655 = CIRCLE('',#8656,5.5);
#8656 = AXIS2_PLACEMENT_3D('',#8657,#8658,#8659);
#8657 = CARTESIAN_POINT('',(-25.,8.326672684689E-15,0.));
#8658 = DIRECTION('',(1.,-3.330669073875E-16,-0.));
#8659 = DIRECTION('',(-3.330669073875E-16,-1.,0.));
#8660 = PCURVE('',#3349,#8661);
#8661 = DEFINITIONAL_REPRESENTATION('',(#8662),#8666);
#8662 = LINE('',#8663,#8664);
#8663 = CARTESIAN_POINT('',(6.28318530718,-0.5));
#8664 = VECTOR('',#8665,1.);
#8665 = DIRECTION('',(-1.,0.));
#8666 = ( GEOMETRIC_REPRESENTATION_CONTEXT(2) 
PARAMETRIC_REPRESENTATION_CONTEXT() REPRESENTATION_CONTEXT('2D SPACE',''
  ) );
#8667 = PCURVE('',#8668,#8673);
#8668 = PLANE('',#8669);
#8669 = AXIS2_PLACEMENT_3D('',#8670,#8671,#8672);
#8670 = CARTESIAN_POINT('',(-25.,8.326672684689E-15,0.));
#8671 = DIRECTION('',(-1.,3.330669073875E-16,0.));
#8672 = DIRECTION('',(-3.330669073875E-16,-1.,0.));
#8673 = DEFINITIONAL_REPRESENTATION('',(#8674),#8682);
#8674 = ( BOUNDED_CURVE() B_SPLINE_CURVE(2,(#8675,#8676,#8677,#8678,
#8679,#8680,#8681),.UNSPECIFIED.,.T.,.F.) B_SPLINE_CURVE_WITH_KNOTS((1,2
    ,2,2,2,1),(-2.094395102393,0.,2.094395102393,4.188790204786,
6.28318530718,8.377580409573),.UNSPECIFIED.) CURVE() 
GEOMETRIC_REPRESENTATION_ITEM() RATIONAL_B_SPLINE_CURVE((1.,0.5,1.,0.5,
1.,0.5,1.)) REPRESENTATION_ITEM('') );
#8675 = CARTESIAN_POINT('',(5.5,0.));
#8676 = CARTESIAN_POINT('',(5.5,-9.526279441629));
#8677 = CARTESIAN_POINT('',(-2.75,-4.763139720814));
#8678 = CARTESIAN_POINT('',(-11.,-1.347111479062E-15));
#8679 = CARTESIAN_POINT('',(-2.75,4.763139720814));
#8680 = CARTESIAN_POINT('',(5.5,9.526279441629));
#8681 = CARTESIAN_POINT('',(5.5,0.));
#8682 = ( GEOMETRIC_REPRESENTATION_CONTEXT(2) 
PARAMETRIC_REPRESENTATION_CONTEXT() REPRESENTATION_CONTEXT('2D SPACE',''
  ) );
#8683 = ORIENTED_EDGE('',*,*,#8684,.T.);
#8684 = EDGE_CURVE('',#8650,#8685,#8687,.T.);
#8685 = VERTEX_POINT('',#8686);
#8686 = CARTESIAN_POINT('',(-25.2293670625,5.7293670625,
    -7.016451034231E-16));
#8687 = SURFACE_CURVE('',#8688,(#8692,#8699),.PCURVE_S1.);
#8688 = LINE('',#8689,#8690);
#8689 = CARTESIAN_POINT('',(-25.5,6.,7.347880794884E-16));
#8690 = VECTOR('',#8691,1.);
#8691 = DIRECTION('',(-0.707106781187,0.707106781187,8.659560562355E-17)
  );
#8692 = PCURVE('',#3349,#8693);
#8693 = DEFINITIONAL_REPRESENTATION('',(#8694),#8698);
#8694 = LINE('',#8695,#8696);
#8695 = CARTESIAN_POINT('',(3.14159265359,-7.850462293419E-17));
#8696 = VECTOR('',#8697,1.);
#8697 = DIRECTION('',(0.,1.));
#8698 = ( GEOMETRIC_REPRESENTATION_CONTEXT(2) 
PARAMETRIC_REPRESENTATION_CONTEXT() REPRESENTATION_CONTEXT('2D SPACE',''
  ) );
#8699 = PCURVE('',#8700,#8705);
#8700 = CONICAL_SURFACE('',#8701,6.,0.785398163397);
#8701 = AXIS2_PLACEMENT_3D('',#8702,#8703,#8704);
#8702 = CARTESIAN_POINT('',(-25.5,8.493206138382E-15,0.));
#8703 = DIRECTION('',(-1.,3.330669073875E-16,-0.));
#8704 = DIRECTION('',(-3.330669073875E-16,-1.,0.));
#8705 = DEFINITIONAL_REPRESENTATION('',(#8706),#8710);
#8706 = LINE('',#8707,#8708);
#8707 = CARTESIAN_POINT('',(3.14159265359,-7.850462293419E-17));
#8708 = VECTOR('',#8709,1.);
#8709 = DIRECTION('',(0.,1.));
#8710 = ( GEOMETRIC_REPRESENTATION_CONTEXT(2) 
PARAMETRIC_REPRESENTATION_CONTEXT() REPRESENTATION_CONTEXT('2D SPACE',''
  ) );
#8711 = ORIENTED_EDGE('',*,*,#8712,.T.);
#8712 = EDGE_CURVE('',#8685,#8713,#8715,.T.);
#8713 = VERTEX_POINT('',#8714);
#8714 = CARTESIAN_POINT('',(-25.2293670625,0.729948531311,5.682677368855
    ));
#8715 = SURFACE_CURVE('',#8716,(#8733,#8784),.PCURVE_S1.);
#8716 = B_SPLINE_CURVE_WITH_KNOTS('',3,(#8717,#8718,#8719,#8720,#8721,
    #8722,#8723,#8724,#8725,#8726,#8727,#8728,#8729,#8730,#8731,#8732),
  .UNSPECIFIED.,.F.,.F.,(4,2,2,2,2,2,2,4),(8.137621942189E-04,
    1.856740258183E-03,2.899718322147E-03,3.942696386111E-03,
    4.985674450074E-03,6.028652514038E-03,7.071630578002E-03,
    9.15758670593E-03),.UNSPECIFIED.);
#8717 = CARTESIAN_POINT('',(-25.2293670625,5.7293670625,
    -7.016451034231E-16));
#8718 = CARTESIAN_POINT('',(-25.2293670625,5.7293670625,0.346423984981)
  );
#8719 = CARTESIAN_POINT('',(-25.2293670625,5.697496649273,0.694399115486
    ));
#8720 = CARTESIAN_POINT('',(-25.2293670625,5.573704541812,1.3702101593)
  );
#8721 = CARTESIAN_POINT('',(-25.2293670625,5.482021818062,1.700637427639
    ));
#8722 = CARTESIAN_POINT('',(-25.2293670625,5.238268930575,2.346331068917
    ));
#8723 = CARTESIAN_POINT('',(-25.2293670625,5.085754941739,2.660538100505
    ));
#8724 = CARTESIAN_POINT('',(-25.2293670625,4.731894759941,3.248467068095
    ));
#8725 = CARTESIAN_POINT('',(-25.2293670625,4.529429651657,3.52557944926)
  );
#8726 = CARTESIAN_POINT('',(-25.2293670625,4.072071720078,4.045203991011
    ));
#8727 = CARTESIAN_POINT('',(-25.2293670625,3.819712058745,4.284040430362
    ));
#8728 = CARTESIAN_POINT('',(-25.2293670625,3.281539152489,4.709002379632
    ));
#8729 = CARTESIAN_POINT('',(-25.2293670625,2.993976458219,4.897183173368
    ));
#8730 = CARTESIAN_POINT('',(-25.2293670625,2.073655747823,5.385926409864
    ));
#8731 = CARTESIAN_POINT('',(-25.2293670625,1.419765231286,5.594069366968
    ));
#8732 = CARTESIAN_POINT('',(-25.2293670625,0.729948531311,5.682677368855
    ));
#8733 = PCURVE('',#3349,#8734);
#8734 = DEFINITIONAL_REPRESENTATION('',(#8735),#8783);
#8735 = B_SPLINE_CURVE_WITH_KNOTS('',3,(#8736,#8737,#8738,#8739,#8740,
    #8741,#8742,#8743,#8744,#8745,#8746,#8747,#8748,#8749,#8750,#8751,
    #8752,#8753,#8754,#8755,#8756,#8757,#8758,#8759,#8760,#8761,#8762,
    #8763,#8764,#8765,#8766,#8767,#8768,#8769,#8770,#8771,#8772,#8773,
    #8774,#8775,#8776,#8777,#8778,#8779,#8780,#8781,#8782),
  .UNSPECIFIED.,.F.,.F.,(4,1,1,1,1,1,1,1,1,1,1,1,1,1,1,1,1,1,1,1,1,1,1,1
    ,1,1,1,1,1,1,1,1,1,1,1,1,1,1,1,1,1,1,1,1,4),(8.137621942189E-04,
    1.003394569485E-03,1.193026944751E-03,1.382659320017E-03,
    1.572291695284E-03,1.76192407055E-03,1.951556445816E-03,
    2.141188821082E-03,2.330821196348E-03,2.520453571614E-03,
    2.71008594688E-03,2.899718322147E-03,3.089350697413E-03,
    3.278983072679E-03,3.468615447945E-03,3.658247823211E-03,
    3.847880198477E-03,4.037512573744E-03,4.22714494901E-03,
    4.416777324276E-03,4.606409699542E-03,4.796042074808E-03,
    4.985674450074E-03,5.175306825341E-03,5.364939200607E-03,
    5.554571575873E-03,5.744203951139E-03,5.933836326405E-03,
    6.123468701671E-03,6.313101076937E-03,6.502733452204E-03,
    6.69236582747E-03,6.881998202736E-03,7.071630578002E-03,
    7.261262953268E-03,7.450895328534E-03,7.640527703801E-03,
    7.830160079067E-03,8.019792454333E-03,8.209424829599E-03,
    8.399057204865E-03,8.588689580131E-03,8.778321955398E-03,
    8.967954330664E-03,9.15758670593E-03),.QUASI_UNIFORM_KNOTS.);
#8736 = CARTESIAN_POINT('',(3.14159265359,-0.2706329375));
#8737 = CARTESIAN_POINT('',(3.130599187717,-0.270634404202));
#8738 = CARTESIAN_POINT('',(3.108593945494,-0.270646672529));
#8739 = CARTESIAN_POINT('',(3.075569200547,-0.270672621335));
#8740 = CARTESIAN_POINT('',(3.042564829138,-0.270678417021));
#8741 = CARTESIAN_POINT('',(3.009620867762,-0.270661703595));
#8742 = CARTESIAN_POINT('',(2.976771548986,-0.270632643355));
#8743 = CARTESIAN_POINT('',(2.944072625416,-0.270633155189));
#8744 = CARTESIAN_POINT('',(2.911423254101,-0.270616991813));
#8745 = CARTESIAN_POINT('',(2.878791753952,-0.270607831274));
#8746 = CARTESIAN_POINT('',(2.84614190405,-0.270610531716));
#8747 = CARTESIAN_POINT('',(2.813439887063,-0.27062657865));
#8748 = CARTESIAN_POINT('',(2.780645431574,-0.270630654918));
#8749 = CARTESIAN_POINT('',(2.747741647792,-0.270648426679));
#8750 = CARTESIAN_POINT('',(2.714792689555,-0.270680444513));
#8751 = CARTESIAN_POINT('',(2.681840466863,-0.270687030729));
#8752 = CARTESIAN_POINT('',(2.648935809936,-0.27066719117));
#8753 = CARTESIAN_POINT('',(2.61612045335,-0.270632587537));
#8754 = CARTESIAN_POINT('',(2.583463913181,-0.270633172582));
#8755 = CARTESIAN_POINT('',(2.550829627983,-0.270616845278));
#8756 = CARTESIAN_POINT('',(2.518189417953,-0.270607498279));
#8757 = CARTESIAN_POINT('',(2.485504564772,-0.270610386798));
#8758 = CARTESIAN_POINT('',(2.452746828837,-0.270625889847));
#8759 = CARTESIAN_POINT('',(2.419854231084,-0.270632815632));
#8760 = CARTESIAN_POINT('',(2.386888278122,-0.270640472623));
#8761 = CARTESIAN_POINT('',(2.353964555999,-0.270657012487));
#8762 = CARTESIAN_POINT('',(2.321075990452,-0.270660287076));
#8763 = CARTESIAN_POINT('',(2.288250640536,-0.270650310919));
#8764 = CARTESIAN_POINT('',(2.25550252056,-0.270632744631));
#8765 = CARTESIAN_POINT('',(2.222868320601,-0.27063312482));
#8766 = CARTESIAN_POINT('',(2.190232109023,-0.270616625965));
#8767 = CARTESIAN_POINT('',(2.157565529081,-0.270606824154));
#8768 = CARTESIAN_POINT('',(2.124827351751,-0.270610583855));
#8769 = CARTESIAN_POINT('',(2.091997589682,-0.270623214914));
#8770 = CARTESIAN_POINT('',(2.058980794634,-0.27064218014));
#8771 = CARTESIAN_POINT('',(2.025960156157,-0.270605689525));
#8772 = CARTESIAN_POINT('',(1.993125442108,-0.270518123723));
#8773 = CARTESIAN_POINT('',(1.960386956877,-0.270424114085));
#8774 = CARTESIAN_POINT('',(1.927728973637,-0.270346654306));
#8775 = CARTESIAN_POINT('',(1.895115281051,-0.270303672164));
#8776 = CARTESIAN_POINT('',(1.862514730412,-0.270303585995));
#8777 = CARTESIAN_POINT('',(1.829894625055,-0.270346466285));
#8778 = CARTESIAN_POINT('',(1.797222715575,-0.270423785394));
#8779 = CARTESIAN_POINT('',(1.764466922454,-0.270518197559));
#8780 = CARTESIAN_POINT('',(1.73159555413,-0.270604597538));
#8781 = CARTESIAN_POINT('',(1.70958374766,-0.270632217633));
#8782 = CARTESIAN_POINT('',(1.698548282433,-0.2706329375));
#8783 = ( GEOMETRIC_REPRESENTATION_CONTEXT(2) 
PARAMETRIC_REPRESENTATION_CONTEXT() REPRESENTATION_CONTEXT('2D SPACE',''
  ) );
#8784 = PCURVE('',#8785,#9380);
#8785 = ( BOUNDED_SURFACE() B_SPLINE_SURFACE(1,2,(
    (#8786,#8787,#8788,#8789,#8790,#8791,#8792,#8793,#8794,#8795,#8796
      ,#8797,#8798,#8799,#8800,#8801,#8802,#8803,#8804,#8805,#8806,#8807
      ,#8808,#8809,#8810,#8811,#8812,#8813,#8814,#8815,#8816,#8817,#8818
      ,#8819,#8820,#8821,#8822,#8823,#8824,#8825,#8826,#8827,#8828,#8829
      ,#8830,#8831,#8832,#8833,#8834,#8835,#8836,#8837,#8838,#8839,#8840
      ,#8841,#8842,#8843,#8844,#8845,#8846,#8847,#8848,#8849,#8850,#8851
      ,#8852,#8853,#8854,#8855,#8856,#8857,#8858,#8859,#8860,#8861,#8862
      ,#8863,#8864,#8865,#8866,#8867,#8868,#8869,#8870,#8871,#8872,#8873
      ,#8874,#8875,#8876,#8877,#8878,#8879,#8880,#8881,#8882,#8883,#8884
      ,#8885,#8886,#8887,#8888,#8889,#8890,#8891,#8892,#8893,#8894,#8895
      ,#8896,#8897,#8898,#8899,#8900,#8901,#8902,#8903,#8904,#8905,#8906
      ,#8907,#8908,#8909,#8910,#8911,#8912,#8913,#8914,#8915,#8916,#8917
      ,#8918,#8919,#8920,#8921,#8922,#8923,#8924,#8925,#8926,#8927,#8928
      ,#8929,#8930,#8931,#8932,#8933,#8934,#8935,#8936,#8937,#8938,#8939
      ,#8940,#8941,#8942,#8943,#8944,#8945,#8946,#8947,#8948,#8949,#8950
      ,#8951,#8952,#8953,#8954,#8955,#8956,#8957,#8958,#8959,#8960,#8961
      ,#8962,#8963,#8964,#8965,#8966,#8967,#8968,#8969,#8970,#8971,#8972
      ,#8973,#8974,#8975,#8976,#8977,#8978,#8979,#8980,#8981,#8982,#8983
      ,#8984,#8985,#8986,#8987,#8988,#8989,#8990,#8991,#8992,#8993,#8994
      ,#8995,#8996,#8997,#8998,#8999,#9000,#9001,#9002,#9003,#9004,#9005
      ,#9006,#9007,#9008,#9009,#9010,#9011,#9012,#9013,#9014,#9015,#9016
      ,#9017,#9018,#9019,#9020,#9021,#9022,#9023,#9024,#9025,#9026,#9027
      ,#9028,#9029,#9030,#9031,#9032,#9033,#9034,#9035,#9036,#9037,#9038
      ,#9039,#9040,#9041,#9042,#9043,#9044,#9045,#9046,#9047,#9048,#9049
      ,#9050,#9051,#9052,#9053,#9054,#9055,#9056,#9057,#9058,#9059,#9060
      ,#9061,#9062,#9063,#9064,#9065,#9066,#9067,#9068,#9069,#9070,#9071
      ,#9072,#9073,#9074,#9075,#9076,#9077,#9078,#9079,#9080,#9081,#9082
      )
    ,(#9083,#9084,#9085,#9086,#9087,#9088,#9089,#9090,#9091,#9092,#9093
      ,#9094,#9095,#9096,#9097,#9098,#9099,#9100,#9101,#9102,#9103,#9104
      ,#9105,#9106,#9107,#9108,#9109,#9110,#9111,#9112,#9113,#9114,#9115
      ,#9116,#9117,#9118,#9119,#9120,#9121,#9122,#9123,#9124,#9125,#9126
      ,#9127,#9128,#9129,#9130,#9131,#9132,#9133,#9134,#9135,#9136,#9137
      ,#9138,#9139,#9140,#9141,#9142,#9143,#9144,#9145,#9146,#9147,#9148
      ,#9149,#9150,#9151,#9152,#9153,#9154,#9155,#9156,#9157,#9158,#9159
      ,#9160,#9161,#9162,#9163,#9164,#9165,#9166,#9167,#9168,#9169,#9170
      ,#9171,#9172,#9173,#9174,#9175,#9176,#9177,#9178,#9179,#9180,#9181
      ,#9182,#9183,#9184,#9185,#9186,#9187,#9188,#9189,#9190,#9191,#9192
      ,#9193,#9194,#9195,#9196,#9197,#9198,#9199,#9200,#9201,#9202,#9203
      ,#9204,#9205,#9206,#9207,#9208,#9209,#9210,#9211,#9212,#9213,#9214
      ,#9215,#9216,#9217,#9218,#9219,#9220,#9221,#9222,#9223,#9224,#9225
      ,#9226,#9227,#9228,#9229,#9230,#9231,#9232,#9233,#9234,#9235,#9236
      ,#9237,#9238,#9239,#9240,#9241,#9242,#9243,#9244,#9245,#9246,#9247
      ,#9248,#9249,#9250,#9251,#9252,#9253,#9254,#9255,#9256,#9257,#9258
      ,#9259,#9260,#9261,#9262,#9263,#9264,#9265,#9266,#9267,#9268,#9269
      ,#9270,#9271,#9272,#9273,#9274,#9275,#9276,#9277,#9278,#9279,#9280
      ,#9281,#9282,#9283,#9284,#9285,#9286,#9287,#9288,#9289,#9290,#9291
      ,#9292,#9293,#9294,#9295,#9296,#9297,#9298,#9299,#9300,#9301,#9302
      ,#9303,#9304,#9305,#9306,#9307,#9308,#9309,#9310,#9311,#9312,#9313
      ,#9314,#9315,#9316,#9317,#9318,#9319,#9320,#9321,#9322,#9323,#9324
      ,#9325,#9326,#9327,#9328,#9329,#9330,#9331,#9332,#9333,#9334,#9335
      ,#9336,#9337,#9338,#9339,#9340,#9341,#9342,#9343,#9344,#9345,#9346
      ,#9347,#9348,#9349,#9350,#9351,#9352,#9353,#9354,#9355,#9356,#9357
      ,#9358,#9359,#9360,#9361,#9362,#9363,#9364,#9365,#9366,#9367,#9368
      ,#9369,#9370,#9371,#9372,#9373,#9374,#9375,#9376,#9377,#9378,#9379
)),.UNSPECIFIED.,.F.,.F.,.F.) B_SPLINE_SURFACE_WITH_KNOTS((2,2),(3,2,2,2
    ,2,2,2,2,2,2,2,2,2,2,2,2,2,2,2,2,2,2,2,2,2,2,2,2,2,2,2,2,2,2,2,2,2,2
    ,2,2,2,2,2,2,2,2,2,2,2,2,2,2,2,2,2,2,2,2,2,2,2,2,2,2,2,2,2,2,2,2,2,2
    ,2,2,2,2,2,2,2,2,2,2,2,2,2,2,2,2,2,2,2,2,2,2,2,2,2,2,2,2,2,2,2,2,2,2
    ,2,2,2,2,2,2,2,2,2,2,2,2,2,2,2,2,2,2,2,2,2,2,2,2,2,2,2,2,2,2,2,2,2,2
    ,2,2,2,2,2,2,2,2,3),(0.,1.),(0.,6.666666666667E-03,
    1.333333333333E-02,2.E-02,2.666666666667E-02,3.333333333333E-02,
    4.E-02,4.666666666667E-02,5.333333333333E-02,6.E-02,
    6.666666666667E-02,7.333333333333E-02,8.E-02,8.666666666667E-02,
    9.333333333333E-02,0.1,0.106666666667,0.113333333333,0.12,
    0.126666666667,0.133333333333,0.14,0.146666666667,0.153333333333,
    0.16,0.166666666667,0.173333333333,0.18,0.186666666667,
    0.193333333333,0.2,0.206666666667,0.213333333333,0.22,0.226666666667
    ,0.233333333333,0.24,0.246666666667,0.253333333333,0.26,
    0.266666666667,0.273333333333,0.28,0.286666666667,0.293333333333,0.3
    ,0.306666666667,0.313333333333,0.32,0.326666666667,0.333333333333,
    0.34,0.346666666667,0.353333333333,0.36,0.366666666667,
    0.373333333333,0.38,0.386666666667,0.393333333333,0.4,0.406666666667
    ,0.413333333333,0.42,0.426666666667,0.433333333333,0.44,
    0.446666666667,0.453333333333,0.46,0.466666666667,0.473333333333,
    0.48,0.486666666667,0.493333333333,0.5,0.506666666667,0.513333333333
    ,0.52,0.526666666667,0.533333333333,0.54,0.546666666667,
    0.553333333333,0.56,0.566666666667,0.573333333333,0.58,
    0.586666666667,0.593333333333,0.6,0.606666666667,0.613333333333,0.62
    ,0.626666666667,0.633333333333,0.64,0.646666666667,0.653333333333,
    0.66,0.666666666667,0.673333333333,0.68,0.686666666667,
    0.693333333333,0.7,0.706666666667,0.713333333333,0.72,0.726666666667
    ,0.733333333333,0.74,0.746666666667,0.753333333333,0.76,
    0.766666666667,0.773333333333,0.78,0.786666666667,0.793333333333,0.8
    ,0.806666666667,0.813333333333,0.82,0.826666666667,0.833333333333,
    0.84,0.846666666667,0.853333333333,0.86,0.866666666667,
    0.873333333333,0.88,0.886666666667,0.893333333333,0.9,0.906666666667
    ,0.913333333333,0.92,0.926666666667,0.933333333333,0.94,
    0.946666666667,0.953333333333,0.96,0.966666666667,0.973333333333,
0.98,0.983985294983),.UNSPECIFIED.) GEOMETRIC_REPRESENTATION_ITEM() 
RATIONAL_B_SPLINE_SURFACE((
    (1.,0.866025403784,1.,0.866025403784,1.,0.866025403784,1.
      ,0.866025403784,1.,0.866025403784,1.,0.866025403784,1.
      ,0.866025403784,1.,0.866025403784,1.,0.866025403784,1.
      ,0.866025403784,1.,0.866025403784,1.,0.866025403784,1.
      ,0.866025403784,1.,0.866025403784,1.,0.866025403784,1.
      ,0.866025403784,1.,0.866025403784,1.,0.866025403784,1.
      ,0.866025403784,1.,0.866025403784,1.,0.866025403784,1.
      ,0.866025403784,1.,0.866025403784,1.,0.866025403784,1.
      ,0.866025403784,1.,0.866025403784,1.,0.866025403784,1.
      ,0.866025403784,1.,0.866025403784,1.,0.866025403784,1.
      ,0.866025403784,1.,0.866025403784,1.,0.866025403784,1.
      ,0.866025403784,1.,0.866025403784,1.,0.866025403784,1.
      ,0.866025403784,1.,0.866025403784,1.,0.866025403784,1.
      ,0.866025403784,1.,0.866025403784,1.,0.866025403784,1.
      ,0.866025403784,1.,0.866025403784,1.,0.866025403784,1.
      ,0.866025403784,1.,0.866025403784,1.,0.866025403784,1.
      ,0.866025403784,1.,0.866025403784,1.,0.866025403784,1.
      ,0.866025403784,1.,0.866025403784,1.,0.866025403784,1.
      ,0.866025403784,1.,0.866025403784,1.,0.866025403784,1.
      ,0.866025403784,1.,0.866025403784,1.,0.866025403784,1.
      ,0.866025403784,1.,0.866025403784,1.,0.866025403784,1.
      ,0.866025403784,1.,0.866025403784,1.,0.866025403784,1.
      ,0.866025403784,1.,0.866025403784,1.,0.866025403784,1.
      ,0.866025403784,1.,0.866025403784,1.,0.866025403784,1.
      ,0.866025403784,1.,0.866025403784,1.,0.866025403784,1.
      ,0.866025403784,1.,0.866025403784,1.,0.866025403784,1.
      ,0.866025403784,1.,0.866025403784,1.,0.866025403784,1.
      ,0.866025403784,1.,0.866025403784,1.,0.866025403784,1.
      ,0.866025403784,1.,0.866025403784,1.,0.866025403784,1.
      ,0.866025403784,1.,0.866025403784,1.,0.866025403784,1.
      ,0.866025403784,1.,0.866025403784,1.,0.866025403784,1.
      ,0.866025403784,1.,0.866025403784,1.,0.866025403784,1.
      ,0.866025403784,1.,0.866025403784,1.,0.866025403784,1.
      ,0.866025403784,1.,0.866025403784,1.,0.866025403784,1.
      ,0.866025403784,1.,0.866025403784,1.,0.866025403784,1.
      ,0.866025403784,1.,0.866025403784,1.,0.866025403784,1.
      ,0.866025403784,1.,0.866025403784,1.,0.866025403784,1.
      ,0.866025403784,1.,0.866025403784,1.,0.866025403784,1.
      ,0.866025403784,1.,0.866025403784,1.,0.866025403784,1.
      ,0.866025403784,1.,0.866025403784,1.,0.866025403784,1.
      ,0.866025403784,1.,0.866025403784,1.,0.866025403784,1.
      ,0.866025403784,1.,0.866025403784,1.,0.866025403784,1.
      ,0.866025403784,1.,0.866025403784,1.,0.866025403784,1.
      ,0.866025403784,1.,0.866025403784,1.,0.866025403784,1.
      ,0.866025403784,1.,0.866025403784,1.,0.866025403784,1.
      ,0.866025403784,1.,0.866025403784,1.,0.866025403784,1.
      ,0.866025403784,1.,0.866025403784,1.,0.866025403784,1.
      ,0.866025403784,1.,0.866025403784,1.,0.866025403784,1.
      ,0.866025403784,1.,0.866025403784,1.,0.866025403784,1.
      ,0.919910757071,0.935575291561)
    ,(1.,0.866025403784,1.,0.866025403784,1.,0.866025403784,1.
      ,0.866025403784,1.,0.866025403784,1.,0.866025403784,1.
      ,0.866025403784,1.,0.866025403784,1.,0.866025403784,1.
      ,0.866025403784,1.,0.866025403784,1.,0.866025403784,1.
      ,0.866025403784,1.,0.866025403784,1.,0.866025403784,1.
      ,0.866025403784,1.,0.866025403784,1.,0.866025403784,1.
      ,0.866025403784,1.,0.866025403784,1.,0.866025403784,1.
      ,0.866025403784,1.,0.866025403784,1.,0.866025403784,1.
      ,0.866025403784,1.,0.866025403784,1.,0.866025403784,1.
      ,0.866025403784,1.,0.866025403784,1.,0.866025403784,1.
      ,0.866025403784,1.,0.866025403784,1.,0.866025403784,1.
      ,0.866025403784,1.,0.866025403784,1.,0.866025403784,1.
      ,0.866025403784,1.,0.866025403784,1.,0.866025403784,1.
      ,0.866025403784,1.,0.866025403784,1.,0.866025403784,1.
      ,0.866025403784,1.,0.866025403784,1.,0.866025403784,1.
      ,0.866025403784,1.,0.866025403784,1.,0.866025403784,1.
      ,0.866025403784,1.,0.866025403784,1.,0.866025403784,1.
      ,0.866025403784,1.,0.866025403784,1.,0.866025403784,1.
      ,0.866025403784,1.,0.866025403784,1.,0.866025403784,1.
      ,0.866025403784,1.,0.866025403784,1.,0.866025403784,1.
      ,0.866025403784,1.,0.866025403784,1.,0.866025403784,1.
      ,0.866025403784,1.,0.866025403784,1.,0.866025403784,1.
      ,0.866025403784,1.,0.866025403784,1.,0.866025403784,1.
      ,0.866025403784,1.,0.866025403784,1.,0.866025403784,1.
      ,0.866025403784,1.,0.866025403784,1.,0.866025403784,1.
      ,0.866025403784,1.,0.866025403784,1.,0.866025403784,1.
      ,0.866025403784,1.,0.866025403784,1.,0.866025403784,1.
      ,0.866025403784,1.,0.866025403784,1.,0.866025403784,1.
      ,0.866025403784,1.,0.866025403784,1.,0.866025403784,1.
      ,0.866025403784,1.,0.866025403784,1.,0.866025403784,1.
      ,0.866025403784,1.,0.866025403784,1.,0.866025403784,1.
      ,0.866025403784,1.,0.866025403784,1.,0.866025403784,1.
      ,0.866025403784,1.,0.866025403784,1.,0.866025403784,1.
      ,0.866025403784,1.,0.866025403784,1.,0.866025403784,1.
      ,0.866025403784,1.,0.866025403784,1.,0.866025403784,1.
      ,0.866025403784,1.,0.866025403784,1.,0.866025403784,1.
      ,0.866025403784,1.,0.866025403784,1.,0.866025403784,1.
      ,0.866025403784,1.,0.866025403784,1.,0.866025403784,1.
      ,0.866025403784,1.,0.866025403784,1.,0.866025403784,1.
      ,0.866025403784,1.,0.866025403784,1.,0.866025403784,1.
      ,0.866025403784,1.,0.866025403784,1.,0.866025403784,1.
      ,0.866025403784,1.,0.866025403784,1.,0.866025403784,1.
      ,0.866025403784,1.,0.866025403784,1.,0.866025403784,1.
      ,0.866025403784,1.,0.866025403784,1.,0.866025403784,1.
      ,0.866025403784,1.,0.866025403784,1.,0.866025403784,1.
      ,0.866025403784,1.,0.866025403784,1.,0.866025403784,1.
      ,0.866025403784,1.,0.866025403784,1.,0.866025403784,1.
      ,0.866025403784,1.,0.866025403784,1.,0.866025403784,1.
      ,0.866025403784,1.,0.866025403784,1.,0.866025403784,1.
,0.919910757071,0.935575291561))) REPRESENTATION_ITEM('') SURFACE() );
#8786 = CARTESIAN_POINT('',(-36.96875000068,-5.7293670625,0.));
#8787 = CARTESIAN_POINT('',(-36.92708333401,-5.7293670625,
    -3.307851615821));
#8788 = CARTESIAN_POINT('',(-36.88541666734,-2.86468353125,
    -4.961777423731));
#8789 = CARTESIAN_POINT('',(-36.84375000068,1.186633887995E-14,
    -6.615703231641));
#8790 = CARTESIAN_POINT('',(-36.80208333401,2.86468353125,
    -4.961777423731));
#8791 = CARTESIAN_POINT('',(-36.76041666734,5.7293670625,-3.307851615821
    ));
#8792 = CARTESIAN_POINT('',(-36.71875000068,5.7293670625,
    -7.016451034231E-16));
#8793 = CARTESIAN_POINT('',(-36.67708333401,5.7293670625,3.307851615821)
  );
#8794 = CARTESIAN_POINT('',(-36.63541666734,2.86468353125,4.961777423731
    ));
#8795 = CARTESIAN_POINT('',(-36.59375000068,1.340345211045E-14,
    6.615703231641));
#8796 = CARTESIAN_POINT('',(-36.55208333401,-2.86468353125,
    4.961777423731));
#8797 = CARTESIAN_POINT('',(-36.51041666734,-5.7293670625,3.307851615821
    ));
#8798 = CARTESIAN_POINT('',(-36.46875000068,-5.7293670625,0.));
#8799 = CARTESIAN_POINT('',(-36.42708333401,-5.7293670625,
    -3.307851615821));
#8800 = CARTESIAN_POINT('',(-36.38541666734,-2.86468353125,
    -4.961777423731));
#8801 = CARTESIAN_POINT('',(-36.34375000068,1.169980542626E-14,
    -6.615703231641));
#8802 = CARTESIAN_POINT('',(-36.30208333401,2.86468353125,
    -4.961777423731));
#8803 = CARTESIAN_POINT('',(-36.26041666734,5.7293670625,-3.307851615821
    ));
#8804 = CARTESIAN_POINT('',(-36.21875000068,5.7293670625,
    -7.016451034231E-16));
#8805 = CARTESIAN_POINT('',(-36.17708333401,5.7293670625,3.307851615821)
  );
#8806 = CARTESIAN_POINT('',(-36.13541666734,2.86468353125,4.961777423731
    ));
#8807 = CARTESIAN_POINT('',(-36.09375000068,1.323691865676E-14,
    6.615703231641));
#8808 = CARTESIAN_POINT('',(-36.05208333401,-2.86468353125,
    4.961777423731));
#8809 = CARTESIAN_POINT('',(-36.01041666734,-5.7293670625,3.307851615821
    ));
#8810 = CARTESIAN_POINT('',(-35.96875000068,-5.7293670625,0.));
#8811 = CARTESIAN_POINT('',(-35.92708333401,-5.7293670625,
    -3.307851615821));
#8812 = CARTESIAN_POINT('',(-35.88541666734,-2.86468353125,
    -4.961777423731));
#8813 = CARTESIAN_POINT('',(-35.84375000068,1.153327197256E-14,
    -6.615703231641));
#8814 = CARTESIAN_POINT('',(-35.80208333401,2.86468353125,
    -4.961777423731));
#8815 = CARTESIAN_POINT('',(-35.76041666734,5.7293670625,-3.307851615821
    ));
#8816 = CARTESIAN_POINT('',(-35.71875000068,5.7293670625,
    -7.016451034231E-16));
#8817 = CARTESIAN_POINT('',(-35.67708333401,5.7293670625,3.307851615821)
  );
#8818 = CARTESIAN_POINT('',(-35.63541666734,2.86468353125,4.961777423731
    ));
#8819 = CARTESIAN_POINT('',(-35.59375000068,1.307038520306E-14,
    6.615703231641));
#8820 = CARTESIAN_POINT('',(-35.55208333401,-2.86468353125,
    4.961777423731));
#8821 = CARTESIAN_POINT('',(-35.51041666734,-5.7293670625,3.307851615821
    ));
#8822 = CARTESIAN_POINT('',(-35.46875000068,-5.7293670625,0.));
#8823 = CARTESIAN_POINT('',(-35.42708333401,-5.7293670625,
    -3.307851615821));
#8824 = CARTESIAN_POINT('',(-35.38541666734,-2.86468353125,
    -4.961777423731));
#8825 = CARTESIAN_POINT('',(-35.34375000068,1.136673851887E-14,
    -6.615703231641));
#8826 = CARTESIAN_POINT('',(-35.30208333401,2.86468353125,
    -4.961777423731));
#8827 = CARTESIAN_POINT('',(-35.26041666734,5.7293670625,-3.307851615821
    ));
#8828 = CARTESIAN_POINT('',(-35.21875000068,5.7293670625,
    -7.016451034231E-16));
#8829 = CARTESIAN_POINT('',(-35.17708333401,5.7293670625,3.307851615821)
  );
#8830 = CARTESIAN_POINT('',(-35.13541666734,2.86468353125,4.961777423731
    ));
#8831 = CARTESIAN_POINT('',(-35.09375000068,1.290385174937E-14,
    6.615703231641));
#8832 = CARTESIAN_POINT('',(-35.05208333401,-2.86468353125,
    4.961777423731));
#8833 = CARTESIAN_POINT('',(-35.01041666734,-5.7293670625,3.307851615821
    ));
#8834 = CARTESIAN_POINT('',(-34.96875000068,-5.7293670625,0.));
#8835 = CARTESIAN_POINT('',(-34.92708333401,-5.7293670625,
    -3.307851615821));
#8836 = CARTESIAN_POINT('',(-34.88541666734,-2.86468353125,
    -4.961777423731));
#8837 = CARTESIAN_POINT('',(-34.84375000068,1.120020506518E-14,
    -6.615703231641));
#8838 = CARTESIAN_POINT('',(-34.80208333401,2.86468353125,
    -4.961777423731));
#8839 = CARTESIAN_POINT('',(-34.76041666734,5.7293670625,-3.307851615821
    ));
#8840 = CARTESIAN_POINT('',(-34.71875000068,5.7293670625,
    -7.016451034231E-16));
#8841 = CARTESIAN_POINT('',(-34.67708333401,5.7293670625,3.307851615821)
  );
#8842 = CARTESIAN_POINT('',(-34.63541666734,2.86468353125,4.961777423731
    ));
#8843 = CARTESIAN_POINT('',(-34.59375000068,1.273731829568E-14,
    6.615703231641));
#8844 = CARTESIAN_POINT('',(-34.55208333401,-2.86468353125,
    4.961777423731));
#8845 = CARTESIAN_POINT('',(-34.51041666734,-5.7293670625,3.307851615821
    ));
#8846 = CARTESIAN_POINT('',(-34.46875000068,-5.7293670625,0.));
#8847 = CARTESIAN_POINT('',(-34.42708333401,-5.7293670625,
    -3.307851615821));
#8848 = CARTESIAN_POINT('',(-34.38541666734,-2.86468353125,
    -4.961777423731));
#8849 = CARTESIAN_POINT('',(-34.34375000068,1.103367161148E-14,
    -6.615703231641));
#8850 = CARTESIAN_POINT('',(-34.30208333401,2.86468353125,
    -4.961777423731));
#8851 = CARTESIAN_POINT('',(-34.26041666734,5.7293670625,-3.307851615821
    ));
#8852 = CARTESIAN_POINT('',(-34.21875000068,5.7293670625,
    -7.016451034231E-16));
#8853 = CARTESIAN_POINT('',(-34.17708333401,5.7293670625,3.307851615821)
  );
#8854 = CARTESIAN_POINT('',(-34.13541666734,2.86468353125,4.961777423731
    ));
#8855 = CARTESIAN_POINT('',(-34.09375000068,1.257078484198E-14,
    6.615703231641));
#8856 = CARTESIAN_POINT('',(-34.05208333401,-2.86468353125,
    4.961777423731));
#8857 = CARTESIAN_POINT('',(-34.01041666734,-5.7293670625,3.307851615821
    ));
#8858 = CARTESIAN_POINT('',(-33.96875000068,-5.7293670625,0.));
#8859 = CARTESIAN_POINT('',(-33.92708333401,-5.7293670625,
    -3.307851615821));
#8860 = CARTESIAN_POINT('',(-33.88541666734,-2.86468353125,
    -4.961777423731));
#8861 = CARTESIAN_POINT('',(-33.84375000068,1.086713815779E-14,
    -6.615703231641));
#8862 = CARTESIAN_POINT('',(-33.80208333401,2.86468353125,
    -4.961777423731));
#8863 = CARTESIAN_POINT('',(-33.76041666734,5.7293670625,-3.307851615821
    ));
#8864 = CARTESIAN_POINT('',(-33.71875000068,5.7293670625,
    -7.016451034231E-16));
#8865 = CARTESIAN_POINT('',(-33.67708333401,5.7293670625,3.307851615821)
  );
#8866 = CARTESIAN_POINT('',(-33.63541666734,2.86468353125,4.961777423731
    ));
#8867 = CARTESIAN_POINT('',(-33.59375000068,1.240425138829E-14,
    6.615703231641));
#8868 = CARTESIAN_POINT('',(-33.55208333401,-2.86468353125,
    4.961777423731));
#8869 = CARTESIAN_POINT('',(-33.51041666734,-5.7293670625,3.307851615821
    ));
#8870 = CARTESIAN_POINT('',(-33.46875000068,-5.7293670625,0.));
#8871 = CARTESIAN_POINT('',(-33.42708333401,-5.7293670625,
    -3.307851615821));
#8872 = CARTESIAN_POINT('',(-33.38541666734,-2.86468353125,
    -4.961777423731));
#8873 = CARTESIAN_POINT('',(-33.34375000068,1.070060470409E-14,
    -6.615703231641));
#8874 = CARTESIAN_POINT('',(-33.30208333401,2.86468353125,
    -4.961777423731));
#8875 = CARTESIAN_POINT('',(-33.26041666734,5.7293670625,-3.307851615821
    ));
#8876 = CARTESIAN_POINT('',(-33.21875000068,5.7293670625,
    -7.016451034231E-16));
#8877 = CARTESIAN_POINT('',(-33.17708333401,5.7293670625,3.307851615821)
  );
#8878 = CARTESIAN_POINT('',(-33.13541666734,2.86468353125,4.961777423731
    ));
#8879 = CARTESIAN_POINT('',(-33.09375000068,1.223771793459E-14,
    6.615703231641));
#8880 = CARTESIAN_POINT('',(-33.05208333401,-2.86468353125,
    4.961777423731));
#8881 = CARTESIAN_POINT('',(-33.01041666734,-5.7293670625,3.307851615821
    ));
#8882 = CARTESIAN_POINT('',(-32.96875000068,-5.7293670625,0.));
#8883 = CARTESIAN_POINT('',(-32.92708333401,-5.7293670625,
    -3.307851615821));
#8884 = CARTESIAN_POINT('',(-32.88541666734,-2.86468353125,
    -4.961777423731));
#8885 = CARTESIAN_POINT('',(-32.84375000068,1.05340712504E-14,
    -6.615703231641));
#8886 = CARTESIAN_POINT('',(-32.80208333401,2.86468353125,
    -4.961777423731));
#8887 = CARTESIAN_POINT('',(-32.76041666734,5.7293670625,-3.307851615821
    ));
#8888 = CARTESIAN_POINT('',(-32.71875000068,5.7293670625,
    -7.016451034231E-16));
#8889 = CARTESIAN_POINT('',(-32.67708333401,5.7293670625,3.307851615821)
  );
#8890 = CARTESIAN_POINT('',(-32.63541666734,2.86468353125,4.961777423731
    ));
#8891 = CARTESIAN_POINT('',(-32.59375000068,1.20711844809E-14,
    6.615703231641));
#8892 = CARTESIAN_POINT('',(-32.55208333401,-2.86468353125,
    4.961777423731));
#8893 = CARTESIAN_POINT('',(-32.51041666734,-5.7293670625,3.307851615821
    ));
#8894 = CARTESIAN_POINT('',(-32.46875000068,-5.7293670625,0.));
#8895 = CARTESIAN_POINT('',(-32.42708333401,-5.7293670625,
    -3.307851615821));
#8896 = CARTESIAN_POINT('',(-32.38541666734,-2.86468353125,
    -4.961777423731));
#8897 = CARTESIAN_POINT('',(-32.34375000068,1.036753779671E-14,
    -6.615703231641));
#8898 = CARTESIAN_POINT('',(-32.30208333401,2.86468353125,
    -4.961777423731));
#8899 = CARTESIAN_POINT('',(-32.26041666734,5.7293670625,-3.307851615821
    ));
#8900 = CARTESIAN_POINT('',(-32.21875000068,5.7293670625,
    -7.016451034231E-16));
#8901 = CARTESIAN_POINT('',(-32.17708333401,5.7293670625,3.307851615821)
  );
#8902 = CARTESIAN_POINT('',(-32.13541666734,2.86468353125,4.961777423731
    ));
#8903 = CARTESIAN_POINT('',(-32.09375000068,1.190465102721E-14,
    6.615703231641));
#8904 = CARTESIAN_POINT('',(-32.05208333401,-2.86468353125,
    4.961777423731));
#8905 = CARTESIAN_POINT('',(-32.01041666734,-5.7293670625,3.307851615821
    ));
#8906 = CARTESIAN_POINT('',(-31.96875000068,-5.7293670625,0.));
#8907 = CARTESIAN_POINT('',(-31.92708333401,-5.7293670625,
    -3.307851615821));
#8908 = CARTESIAN_POINT('',(-31.88541666734,-2.86468353125,
    -4.961777423731));
#8909 = CARTESIAN_POINT('',(-31.84375000068,1.020100434301E-14,
    -6.615703231641));
#8910 = CARTESIAN_POINT('',(-31.80208333401,2.86468353125,
    -4.961777423731));
#8911 = CARTESIAN_POINT('',(-31.76041666734,5.7293670625,-3.307851615821
    ));
#8912 = CARTESIAN_POINT('',(-31.71875000068,5.7293670625,
    -7.016451034231E-16));
#8913 = CARTESIAN_POINT('',(-31.67708333401,5.7293670625,3.307851615821)
  );
#8914 = CARTESIAN_POINT('',(-31.63541666734,2.86468353125,4.961777423731
    ));
#8915 = CARTESIAN_POINT('',(-31.59375000068,1.173811757351E-14,
    6.615703231641));
#8916 = CARTESIAN_POINT('',(-31.55208333401,-2.86468353125,
    4.961777423731));
#8917 = CARTESIAN_POINT('',(-31.51041666734,-5.7293670625,3.307851615821
    ));
#8918 = CARTESIAN_POINT('',(-31.46875000068,-5.7293670625,0.));
#8919 = CARTESIAN_POINT('',(-31.42708333401,-5.7293670625,
    -3.307851615821));
#8920 = CARTESIAN_POINT('',(-31.38541666734,-2.86468353125,
    -4.961777423731));
#8921 = CARTESIAN_POINT('',(-31.34375000068,1.003447088932E-14,
    -6.615703231641));
#8922 = CARTESIAN_POINT('',(-31.30208333401,2.86468353125,
    -4.961777423731));
#8923 = CARTESIAN_POINT('',(-31.26041666734,5.7293670625,-3.307851615821
    ));
#8924 = CARTESIAN_POINT('',(-31.21875000068,5.7293670625,
    -7.016451034231E-16));
#8925 = CARTESIAN_POINT('',(-31.17708333401,5.7293670625,3.307851615821)
  );
#8926 = CARTESIAN_POINT('',(-31.13541666734,2.86468353125,4.961777423731
    ));
#8927 = CARTESIAN_POINT('',(-31.09375000068,1.157158411982E-14,
    6.615703231641));
#8928 = CARTESIAN_POINT('',(-31.05208333401,-2.86468353125,
    4.961777423731));
#8929 = CARTESIAN_POINT('',(-31.01041666734,-5.7293670625,3.307851615821
    ));
#8930 = CARTESIAN_POINT('',(-30.96875000068,-5.7293670625,0.));
#8931 = CARTESIAN_POINT('',(-30.92708333401,-5.7293670625,
    -3.307851615821));
#8932 = CARTESIAN_POINT('',(-30.88541666734,-2.86468353125,
    -4.961777423731));
#8933 = CARTESIAN_POINT('',(-30.84375000068,9.867937435625E-15,
    -6.615703231641));
#8934 = CARTESIAN_POINT('',(-30.80208333401,2.86468353125,
    -4.961777423731));
#8935 = CARTESIAN_POINT('',(-30.76041666734,5.7293670625,-3.307851615821
    ));
#8936 = CARTESIAN_POINT('',(-30.71875000068,5.7293670625,
    -7.016451034231E-16));
#8937 = CARTESIAN_POINT('',(-30.67708333401,5.7293670625,3.307851615821)
  );
#8938 = CARTESIAN_POINT('',(-30.63541666734,2.86468353125,4.961777423731
    ));
#8939 = CARTESIAN_POINT('',(-30.59375000068,1.140505066613E-14,
    6.615703231641));
#8940 = CARTESIAN_POINT('',(-30.55208333401,-2.86468353125,
    4.961777423731));
#8941 = CARTESIAN_POINT('',(-30.51041666734,-5.7293670625,3.307851615821
    ));
#8942 = CARTESIAN_POINT('',(-30.46875000068,-5.7293670625,0.));
#8943 = CARTESIAN_POINT('',(-30.42708333401,-5.7293670625,
    -3.307851615821));
#8944 = CARTESIAN_POINT('',(-30.38541666734,-2.86468353125,
    -4.961777423731));
#8945 = CARTESIAN_POINT('',(-30.34375000068,9.701403981931E-15,
    -6.615703231641));
#8946 = CARTESIAN_POINT('',(-30.30208333401,2.86468353125,
    -4.961777423731));
#8947 = CARTESIAN_POINT('',(-30.26041666734,5.7293670625,-3.307851615821
    ));
#8948 = CARTESIAN_POINT('',(-30.21875000068,5.7293670625,
    -7.016451034231E-16));
#8949 = CARTESIAN_POINT('',(-30.17708333401,5.7293670625,3.307851615821)
  );
#8950 = CARTESIAN_POINT('',(-30.13541666734,2.86468353125,4.961777423731
    ));
#8951 = CARTESIAN_POINT('',(-30.09375000068,1.123851721243E-14,
    6.615703231641));
#8952 = CARTESIAN_POINT('',(-30.05208333401,-2.86468353125,
    4.961777423731));
#8953 = CARTESIAN_POINT('',(-30.01041666734,-5.7293670625,3.307851615821
    ));
#8954 = CARTESIAN_POINT('',(-29.96875000068,-5.7293670625,0.));
#8955 = CARTESIAN_POINT('',(-29.92708333401,-5.7293670625,
    -3.307851615821));
#8956 = CARTESIAN_POINT('',(-29.88541666734,-2.86468353125,
    -4.961777423731));
#8957 = CARTESIAN_POINT('',(-29.84375000068,9.534870528238E-15,
    -6.615703231641));
#8958 = CARTESIAN_POINT('',(-29.80208333401,2.86468353125,
    -4.961777423731));
#8959 = CARTESIAN_POINT('',(-29.76041666734,5.7293670625,-3.307851615821
    ));
#8960 = CARTESIAN_POINT('',(-29.71875000068,5.7293670625,
    -7.016451034231E-16));
#8961 = CARTESIAN_POINT('',(-29.67708333401,5.7293670625,3.307851615821)
  );
#8962 = CARTESIAN_POINT('',(-29.63541666734,2.86468353125,4.961777423731
    ));
#8963 = CARTESIAN_POINT('',(-29.59375000068,1.107198375874E-14,
    6.615703231641));
#8964 = CARTESIAN_POINT('',(-29.55208333401,-2.86468353125,
    4.961777423731));
#8965 = CARTESIAN_POINT('',(-29.51041666734,-5.7293670625,3.307851615821
    ));
#8966 = CARTESIAN_POINT('',(-29.46875000068,-5.7293670625,0.));
#8967 = CARTESIAN_POINT('',(-29.42708333401,-5.7293670625,
    -3.307851615821));
#8968 = CARTESIAN_POINT('',(-29.38541666734,-2.86468353125,
    -4.961777423731));
#8969 = CARTESIAN_POINT('',(-29.34375000068,9.368337074544E-15,
    -6.615703231641));
#8970 = CARTESIAN_POINT('',(-29.30208333401,2.86468353125,
    -4.961777423731));
#8971 = CARTESIAN_POINT('',(-29.26041666734,5.7293670625,-3.307851615821
    ));
#8972 = CARTESIAN_POINT('',(-29.21875000068,5.7293670625,
    -7.016451034231E-16));
#8973 = CARTESIAN_POINT('',(-29.17708333401,5.7293670625,3.307851615821)
  );
#8974 = CARTESIAN_POINT('',(-29.13541666734,2.86468353125,4.961777423731
    ));
#8975 = CARTESIAN_POINT('',(-29.09375000068,1.090545030504E-14,
    6.615703231641));
#8976 = CARTESIAN_POINT('',(-29.05208333401,-2.86468353125,
    4.961777423731));
#8977 = CARTESIAN_POINT('',(-29.01041666734,-5.7293670625,3.307851615821
    ));
#8978 = CARTESIAN_POINT('',(-28.96875000068,-5.7293670625,0.));
#8979 = CARTESIAN_POINT('',(-28.92708333401,-5.7293670625,
    -3.307851615821));
#8980 = CARTESIAN_POINT('',(-28.88541666734,-2.86468353125,
    -4.961777423731));
#8981 = CARTESIAN_POINT('',(-28.84375000068,9.20180362085E-15,
    -6.615703231641));
#8982 = CARTESIAN_POINT('',(-28.80208333401,2.86468353125,
    -4.961777423731));
#8983 = CARTESIAN_POINT('',(-28.76041666734,5.7293670625,-3.307851615821
    ));
#8984 = CARTESIAN_POINT('',(-28.71875000068,5.7293670625,
    -7.016451034231E-16));
#8985 = CARTESIAN_POINT('',(-28.67708333401,5.7293670625,3.307851615821)
  );
#8986 = CARTESIAN_POINT('',(-28.63541666734,2.86468353125,4.961777423731
    ));
#8987 = CARTESIAN_POINT('',(-28.59375000068,1.073891685135E-14,
    6.615703231641));
#8988 = CARTESIAN_POINT('',(-28.55208333401,-2.86468353125,
    4.961777423731));
#8989 = CARTESIAN_POINT('',(-28.51041666734,-5.7293670625,3.307851615821
    ));
#8990 = CARTESIAN_POINT('',(-28.46875000068,-5.7293670625,0.));
#8991 = CARTESIAN_POINT('',(-28.42708333401,-5.7293670625,
    -3.307851615821));
#8992 = CARTESIAN_POINT('',(-28.38541666734,-2.86468353125,
    -4.961777423731));
#8993 = CARTESIAN_POINT('',(-28.34375000068,9.035270167156E-15,
    -6.615703231641));
#8994 = CARTESIAN_POINT('',(-28.30208333401,2.86468353125,
    -4.961777423731));
#8995 = CARTESIAN_POINT('',(-28.26041666734,5.7293670625,-3.307851615821
    ));
#8996 = CARTESIAN_POINT('',(-28.21875000068,5.7293670625,
    -7.016451034231E-16));
#8997 = CARTESIAN_POINT('',(-28.17708333401,5.7293670625,3.307851615821)
  );
#8998 = CARTESIAN_POINT('',(-28.13541666734,2.86468353125,4.961777423731
    ));
#8999 = CARTESIAN_POINT('',(-28.09375000068,1.057238339766E-14,
    6.615703231641));
#9000 = CARTESIAN_POINT('',(-28.05208333401,-2.86468353125,
    4.961777423731));
#9001 = CARTESIAN_POINT('',(-28.01041666734,-5.7293670625,3.307851615821
    ));
#9002 = CARTESIAN_POINT('',(-27.96875000068,-5.7293670625,0.));
#9003 = CARTESIAN_POINT('',(-27.92708333401,-5.7293670625,
    -3.307851615821));
#9004 = CARTESIAN_POINT('',(-27.88541666734,-2.86468353125,
    -4.961777423731));
#9005 = CARTESIAN_POINT('',(-27.84375000068,8.868736713463E-15,
    -6.615703231641));
#9006 = CARTESIAN_POINT('',(-27.80208333401,2.86468353125,
    -4.961777423731));
#9007 = CARTESIAN_POINT('',(-27.76041666734,5.7293670625,-3.307851615821
    ));
#9008 = CARTESIAN_POINT('',(-27.71875000068,5.7293670625,
    -7.016451034231E-16));
#9009 = CARTESIAN_POINT('',(-27.67708333401,5.7293670625,3.307851615821)
  );
#9010 = CARTESIAN_POINT('',(-27.63541666734,2.86468353125,4.961777423731
    ));
#9011 = CARTESIAN_POINT('',(-27.59375000068,1.040584994396E-14,
    6.615703231641));
#9012 = CARTESIAN_POINT('',(-27.55208333401,-2.86468353125,
    4.961777423731));
#9013 = CARTESIAN_POINT('',(-27.51041666734,-5.7293670625,3.307851615821
    ));
#9014 = CARTESIAN_POINT('',(-27.46875000068,-5.7293670625,0.));
#9015 = CARTESIAN_POINT('',(-27.42708333401,-5.7293670625,
    -3.307851615821));
#9016 = CARTESIAN_POINT('',(-27.38541666734,-2.86468353125,
    -4.961777423731));
#9017 = CARTESIAN_POINT('',(-27.34375000068,8.702203259769E-15,
    -6.615703231641));
#9018 = CARTESIAN_POINT('',(-27.30208333401,2.86468353125,
    -4.961777423731));
#9019 = CARTESIAN_POINT('',(-27.26041666734,5.7293670625,-3.307851615821
    ));
#9020 = CARTESIAN_POINT('',(-27.21875000068,5.7293670625,
    -7.016451034231E-16));
#9021 = CARTESIAN_POINT('',(-27.17708333401,5.7293670625,3.307851615821)
  );
#9022 = CARTESIAN_POINT('',(-27.13541666734,2.86468353125,4.961777423731
    ));
#9023 = CARTESIAN_POINT('',(-27.09375000068,1.023931649027E-14,
    6.615703231641));
#9024 = CARTESIAN_POINT('',(-27.05208333401,-2.86468353125,
    4.961777423731));
#9025 = CARTESIAN_POINT('',(-27.01041666734,-5.7293670625,3.307851615821
    ));
#9026 = CARTESIAN_POINT('',(-26.96875000068,-5.7293670625,0.));
#9027 = CARTESIAN_POINT('',(-26.92708333401,-5.7293670625,
    -3.307851615821));
#9028 = CARTESIAN_POINT('',(-26.88541666734,-2.86468353125,
    -4.961777423731));
#9029 = CARTESIAN_POINT('',(-26.84375000068,8.535669806075E-15,
    -6.615703231641));
#9030 = CARTESIAN_POINT('',(-26.80208333401,2.86468353125,
    -4.961777423731));
#9031 = CARTESIAN_POINT('',(-26.76041666734,5.7293670625,-3.307851615821
    ));
#9032 = CARTESIAN_POINT('',(-26.71875000068,5.7293670625,
    -7.016451034231E-16));
#9033 = CARTESIAN_POINT('',(-26.67708333401,5.7293670625,3.307851615821)
  );
#9034 = CARTESIAN_POINT('',(-26.63541666734,2.86468353125,4.961777423731
    ));
#9035 = CARTESIAN_POINT('',(-26.59375000068,1.007278303658E-14,
    6.615703231641));
#9036 = CARTESIAN_POINT('',(-26.55208333401,-2.86468353125,
    4.961777423731));
#9037 = CARTESIAN_POINT('',(-26.51041666734,-5.7293670625,3.307851615821
    ));
#9038 = CARTESIAN_POINT('',(-26.46875000068,-5.7293670625,0.));
#9039 = CARTESIAN_POINT('',(-26.42708333401,-5.7293670625,
    -3.307851615821));
#9040 = CARTESIAN_POINT('',(-26.38541666734,-2.86468353125,
    -4.961777423731));
#9041 = CARTESIAN_POINT('',(-26.34375000068,8.369136352381E-15,
    -6.615703231641));
#9042 = CARTESIAN_POINT('',(-26.30208333401,2.86468353125,
    -4.961777423731));
#9043 = CARTESIAN_POINT('',(-26.26041666734,5.7293670625,-3.307851615821
    ));
#9044 = CARTESIAN_POINT('',(-26.21875000068,5.7293670625,
    -7.016451034231E-16));
#9045 = CARTESIAN_POINT('',(-26.17708333401,5.7293670625,3.307851615821)
  );
#9046 = CARTESIAN_POINT('',(-26.13541666734,2.86468353125,4.961777423731
    ));
#9047 = CARTESIAN_POINT('',(-26.09375000068,9.906249582882E-15,
    6.615703231641));
#9048 = CARTESIAN_POINT('',(-26.05208333401,-2.86468353125,
    4.961777423731));
#9049 = CARTESIAN_POINT('',(-26.01041666734,-5.7293670625,3.307851615821
    ));
#9050 = CARTESIAN_POINT('',(-25.96875000068,-5.7293670625,0.));
#9051 = CARTESIAN_POINT('',(-25.92708333401,-5.7293670625,
    -3.307851615821));
#9052 = CARTESIAN_POINT('',(-25.88541666734,-2.86468353125,
    -4.961777423731));
#9053 = CARTESIAN_POINT('',(-25.84375000068,8.202602898687E-15,
    -6.615703231641));
#9054 = CARTESIAN_POINT('',(-25.80208333401,2.86468353125,
    -4.961777423731));
#9055 = CARTESIAN_POINT('',(-25.76041666734,5.7293670625,-3.307851615821
    ));
#9056 = CARTESIAN_POINT('',(-25.71875000068,5.7293670625,
    -7.016451034231E-16));
#9057 = CARTESIAN_POINT('',(-25.67708333401,5.7293670625,3.307851615821)
  );
#9058 = CARTESIAN_POINT('',(-25.63541666734,2.86468353125,4.961777423731
    ));
#9059 = CARTESIAN_POINT('',(-25.59375000068,9.739716129188E-15,
    6.615703231641));
#9060 = CARTESIAN_POINT('',(-25.55208333401,-2.86468353125,
    4.961777423731));
#9061 = CARTESIAN_POINT('',(-25.51041666734,-5.7293670625,3.307851615821
    ));
#9062 = CARTESIAN_POINT('',(-25.46875000068,-5.7293670625,0.));
#9063 = CARTESIAN_POINT('',(-25.42708333401,-5.7293670625,
    -3.307851615821));
#9064 = CARTESIAN_POINT('',(-25.38541666734,-2.86468353125,
    -4.961777423731));
#9065 = CARTESIAN_POINT('',(-25.34375000068,8.036069444994E-15,
    -6.615703231641));
#9066 = CARTESIAN_POINT('',(-25.30208333401,2.86468353125,
    -4.961777423731));
#9067 = CARTESIAN_POINT('',(-25.26041666734,5.7293670625,-3.307851615821
    ));
#9068 = CARTESIAN_POINT('',(-25.21875000068,5.7293670625,
    -7.016451034231E-16));
#9069 = CARTESIAN_POINT('',(-25.17708333401,5.7293670625,3.307851615821)
  );
#9070 = CARTESIAN_POINT('',(-25.13541666734,2.86468353125,4.961777423731
    ));
#9071 = CARTESIAN_POINT('',(-25.09375000068,9.573182675494E-15,
    6.615703231641));
#9072 = CARTESIAN_POINT('',(-25.05208333401,-2.86468353125,
    4.961777423731));
#9073 = CARTESIAN_POINT('',(-25.01041666734,-5.7293670625,3.307851615821
    ));
#9074 = CARTESIAN_POINT('',(-24.96875000068,-5.7293670625,0.));
#9075 = CARTESIAN_POINT('',(-24.92708333401,-5.7293670625,
    -3.307851615821));
#9076 = CARTESIAN_POINT('',(-24.88541666734,-2.86468353125,
    -4.961777423731));
#9077 = CARTESIAN_POINT('',(-24.84375000068,7.8695359913E-15,
    -6.615703231641));
#9078 = CARTESIAN_POINT('',(-24.80208333401,2.86468353125,
    -4.961777423731));
#9079 = CARTESIAN_POINT('',(-24.76041666734,5.7293670625,-3.307851615821
    ));
#9080 = CARTESIAN_POINT('',(-24.71875000068,5.7293670625,
    -7.016451034231E-16));
#9081 = CARTESIAN_POINT('',(-24.69530094142,5.7293670625,1.861584205556)
  );
#9082 = CARTESIAN_POINT('',(-24.66837262874,4.635155320573,3.36763746431
    ));
#9083 = CARTESIAN_POINT('',(-37.09375000068,-5.7293670625,0.));
#9084 = CARTESIAN_POINT('',(-37.05208333401,-5.7293670625,
    -3.307851615821));
#9085 = CARTESIAN_POINT('',(-37.01041666734,-2.86468353125,
    -4.961777423731));
#9086 = CARTESIAN_POINT('',(-36.96875000068,1.190797224337E-14,
    -6.615703231641));
#9087 = CARTESIAN_POINT('',(-36.92708333401,2.86468353125,
    -4.961777423731));
#9088 = CARTESIAN_POINT('',(-36.88541666734,5.7293670625,-3.307851615821
    ));
#9089 = CARTESIAN_POINT('',(-36.84375000068,5.7293670625,
    -7.016451034231E-16));
#9090 = CARTESIAN_POINT('',(-36.80208333401,5.7293670625,3.307851615821)
  );
#9091 = CARTESIAN_POINT('',(-36.76041666734,2.86468353125,4.961777423731
    ));
#9092 = CARTESIAN_POINT('',(-36.71875000068,1.344508547387E-14,
    6.615703231641));
#9093 = CARTESIAN_POINT('',(-36.67708333401,-2.86468353125,
    4.961777423731));
#9094 = CARTESIAN_POINT('',(-36.63541666734,-5.7293670625,3.307851615821
    ));
#9095 = CARTESIAN_POINT('',(-36.59375000068,-5.7293670625,0.));
#9096 = CARTESIAN_POINT('',(-36.55208333401,-5.7293670625,
    -3.307851615821));
#9097 = CARTESIAN_POINT('',(-36.51041666734,-2.86468353125,
    -4.961777423731));
#9098 = CARTESIAN_POINT('',(-36.46875000068,1.174143878968E-14,
    -6.615703231641));
#9099 = CARTESIAN_POINT('',(-36.42708333401,2.86468353125,
    -4.961777423731));
#9100 = CARTESIAN_POINT('',(-36.38541666734,5.7293670625,-3.307851615821
    ));
#9101 = CARTESIAN_POINT('',(-36.34375000068,5.7293670625,
    -7.016451034231E-16));
#9102 = CARTESIAN_POINT('',(-36.30208333401,5.7293670625,3.307851615821)
  );
#9103 = CARTESIAN_POINT('',(-36.26041666734,2.86468353125,4.961777423731
    ));
#9104 = CARTESIAN_POINT('',(-36.21875000068,1.327855202018E-14,
    6.615703231641));
#9105 = CARTESIAN_POINT('',(-36.17708333401,-2.86468353125,
    4.961777423731));
#9106 = CARTESIAN_POINT('',(-36.13541666734,-5.7293670625,3.307851615821
    ));
#9107 = CARTESIAN_POINT('',(-36.09375000068,-5.7293670625,0.));
#9108 = CARTESIAN_POINT('',(-36.05208333401,-5.7293670625,
    -3.307851615821));
#9109 = CARTESIAN_POINT('',(-36.01041666734,-2.86468353125,
    -4.961777423731));
#9110 = CARTESIAN_POINT('',(-35.96875000068,1.157490533599E-14,
    -6.615703231641));
#9111 = CARTESIAN_POINT('',(-35.92708333401,2.86468353125,
    -4.961777423731));
#9112 = CARTESIAN_POINT('',(-35.88541666734,5.7293670625,-3.307851615821
    ));
#9113 = CARTESIAN_POINT('',(-35.84375000068,5.7293670625,
    -7.016451034231E-16));
#9114 = CARTESIAN_POINT('',(-35.80208333401,5.7293670625,3.307851615821)
  );
#9115 = CARTESIAN_POINT('',(-35.76041666734,2.86468353125,4.961777423731
    ));
#9116 = CARTESIAN_POINT('',(-35.71875000068,1.311201856649E-14,
    6.615703231641));
#9117 = CARTESIAN_POINT('',(-35.67708333401,-2.86468353125,
    4.961777423731));
#9118 = CARTESIAN_POINT('',(-35.63541666734,-5.7293670625,3.307851615821
    ));
#9119 = CARTESIAN_POINT('',(-35.59375000068,-5.7293670625,0.));
#9120 = CARTESIAN_POINT('',(-35.55208333401,-5.7293670625,
    -3.307851615821));
#9121 = CARTESIAN_POINT('',(-35.51041666734,-2.86468353125,
    -4.961777423731));
#9122 = CARTESIAN_POINT('',(-35.46875000068,1.140837188229E-14,
    -6.615703231641));
#9123 = CARTESIAN_POINT('',(-35.42708333401,2.86468353125,
    -4.961777423731));
#9124 = CARTESIAN_POINT('',(-35.38541666734,5.7293670625,-3.307851615821
    ));
#9125 = CARTESIAN_POINT('',(-35.34375000068,5.7293670625,
    -7.016451034231E-16));
#9126 = CARTESIAN_POINT('',(-35.30208333401,5.7293670625,3.307851615821)
  );
#9127 = CARTESIAN_POINT('',(-35.26041666734,2.86468353125,4.961777423731
    ));
#9128 = CARTESIAN_POINT('',(-35.21875000068,1.294548511279E-14,
    6.615703231641));
#9129 = CARTESIAN_POINT('',(-35.17708333401,-2.86468353125,
    4.961777423731));
#9130 = CARTESIAN_POINT('',(-35.13541666734,-5.7293670625,3.307851615821
    ));
#9131 = CARTESIAN_POINT('',(-35.09375000068,-5.7293670625,0.));
#9132 = CARTESIAN_POINT('',(-35.05208333401,-5.7293670625,
    -3.307851615821));
#9133 = CARTESIAN_POINT('',(-35.01041666734,-2.86468353125,
    -4.961777423731));
#9134 = CARTESIAN_POINT('',(-34.96875000068,1.12418384286E-14,
    -6.615703231641));
#9135 = CARTESIAN_POINT('',(-34.92708333401,2.86468353125,
    -4.961777423731));
#9136 = CARTESIAN_POINT('',(-34.88541666734,5.7293670625,-3.307851615821
    ));
#9137 = CARTESIAN_POINT('',(-34.84375000068,5.7293670625,
    -7.016451034231E-16));
#9138 = CARTESIAN_POINT('',(-34.80208333401,5.7293670625,3.307851615821)
  );
#9139 = CARTESIAN_POINT('',(-34.76041666734,2.86468353125,4.961777423731
    ));
#9140 = CARTESIAN_POINT('',(-34.71875000068,1.27789516591E-14,
    6.615703231641));
#9141 = CARTESIAN_POINT('',(-34.67708333401,-2.86468353125,
    4.961777423731));
#9142 = CARTESIAN_POINT('',(-34.63541666734,-5.7293670625,3.307851615821
    ));
#9143 = CARTESIAN_POINT('',(-34.59375000068,-5.7293670625,0.));
#9144 = CARTESIAN_POINT('',(-34.55208333401,-5.7293670625,
    -3.307851615821));
#9145 = CARTESIAN_POINT('',(-34.51041666734,-2.86468353125,
    -4.961777423731));
#9146 = CARTESIAN_POINT('',(-34.46875000068,1.107530497491E-14,
    -6.615703231641));
#9147 = CARTESIAN_POINT('',(-34.42708333401,2.86468353125,
    -4.961777423731));
#9148 = CARTESIAN_POINT('',(-34.38541666734,5.7293670625,-3.307851615821
    ));
#9149 = CARTESIAN_POINT('',(-34.34375000068,5.7293670625,
    -7.016451034231E-16));
#9150 = CARTESIAN_POINT('',(-34.30208333401,5.7293670625,3.307851615821)
  );
#9151 = CARTESIAN_POINT('',(-34.26041666734,2.86468353125,4.961777423731
    ));
#9152 = CARTESIAN_POINT('',(-34.21875000068,1.261241820541E-14,
    6.615703231641));
#9153 = CARTESIAN_POINT('',(-34.17708333401,-2.86468353125,
    4.961777423731));
#9154 = CARTESIAN_POINT('',(-34.13541666734,-5.7293670625,3.307851615821
    ));
#9155 = CARTESIAN_POINT('',(-34.09375000068,-5.7293670625,0.));
#9156 = CARTESIAN_POINT('',(-34.05208333401,-5.7293670625,
    -3.307851615821));
#9157 = CARTESIAN_POINT('',(-34.01041666734,-2.86468353125,
    -4.961777423731));
#9158 = CARTESIAN_POINT('',(-33.96875000068,1.090877152121E-14,
    -6.615703231641));
#9159 = CARTESIAN_POINT('',(-33.92708333401,2.86468353125,
    -4.961777423731));
#9160 = CARTESIAN_POINT('',(-33.88541666734,5.7293670625,-3.307851615821
    ));
#9161 = CARTESIAN_POINT('',(-33.84375000068,5.7293670625,
    -7.016451034231E-16));
#9162 = CARTESIAN_POINT('',(-33.80208333401,5.7293670625,3.307851615821)
  );
#9163 = CARTESIAN_POINT('',(-33.76041666734,2.86468353125,4.961777423731
    ));
#9164 = CARTESIAN_POINT('',(-33.71875000068,1.244588475171E-14,
    6.615703231641));
#9165 = CARTESIAN_POINT('',(-33.67708333401,-2.86468353125,
    4.961777423731));
#9166 = CARTESIAN_POINT('',(-33.63541666734,-5.7293670625,3.307851615821
    ));
#9167 = CARTESIAN_POINT('',(-33.59375000068,-5.7293670625,0.));
#9168 = CARTESIAN_POINT('',(-33.55208333401,-5.7293670625,
    -3.307851615821));
#9169 = CARTESIAN_POINT('',(-33.51041666734,-2.86468353125,
    -4.961777423731));
#9170 = CARTESIAN_POINT('',(-33.46875000068,1.074223806752E-14,
    -6.615703231641));
#9171 = CARTESIAN_POINT('',(-33.42708333401,2.86468353125,
    -4.961777423731));
#9172 = CARTESIAN_POINT('',(-33.38541666734,5.7293670625,-3.307851615821
    ));
#9173 = CARTESIAN_POINT('',(-33.34375000068,5.7293670625,
    -7.016451034231E-16));
#9174 = CARTESIAN_POINT('',(-33.30208333401,5.7293670625,3.307851615821)
  );
#9175 = CARTESIAN_POINT('',(-33.26041666734,2.86468353125,4.961777423731
    ));
#9176 = CARTESIAN_POINT('',(-33.21875000068,1.227935129802E-14,
    6.615703231641));
#9177 = CARTESIAN_POINT('',(-33.17708333401,-2.86468353125,
    4.961777423731));
#9178 = CARTESIAN_POINT('',(-33.13541666734,-5.7293670625,3.307851615821
    ));
#9179 = CARTESIAN_POINT('',(-33.09375000068,-5.7293670625,0.));
#9180 = CARTESIAN_POINT('',(-33.05208333401,-5.7293670625,
    -3.307851615821));
#9181 = CARTESIAN_POINT('',(-33.01041666734,-2.86468353125,
    -4.961777423731));
#9182 = CARTESIAN_POINT('',(-32.96875000068,1.057570461382E-14,
    -6.615703231641));
#9183 = CARTESIAN_POINT('',(-32.92708333401,2.86468353125,
    -4.961777423731));
#9184 = CARTESIAN_POINT('',(-32.88541666734,5.7293670625,-3.307851615821
    ));
#9185 = CARTESIAN_POINT('',(-32.84375000068,5.7293670625,
    -7.016451034231E-16));
#9186 = CARTESIAN_POINT('',(-32.80208333401,5.7293670625,3.307851615821)
  );
#9187 = CARTESIAN_POINT('',(-32.76041666734,2.86468353125,4.961777423731
    ));
#9188 = CARTESIAN_POINT('',(-32.71875000068,1.211281784432E-14,
    6.615703231641));
#9189 = CARTESIAN_POINT('',(-32.67708333401,-2.86468353125,
    4.961777423731));
#9190 = CARTESIAN_POINT('',(-32.63541666734,-5.7293670625,3.307851615821
    ));
#9191 = CARTESIAN_POINT('',(-32.59375000068,-5.7293670625,0.));
#9192 = CARTESIAN_POINT('',(-32.55208333401,-5.7293670625,
    -3.307851615821));
#9193 = CARTESIAN_POINT('',(-32.51041666734,-2.86468353125,
    -4.961777423731));
#9194 = CARTESIAN_POINT('',(-32.46875000068,1.040917116013E-14,
    -6.615703231641));
#9195 = CARTESIAN_POINT('',(-32.42708333401,2.86468353125,
    -4.961777423731));
#9196 = CARTESIAN_POINT('',(-32.38541666734,5.7293670625,-3.307851615821
    ));
#9197 = CARTESIAN_POINT('',(-32.34375000068,5.7293670625,
    -7.016451034231E-16));
#9198 = CARTESIAN_POINT('',(-32.30208333401,5.7293670625,3.307851615821)
  );
#9199 = CARTESIAN_POINT('',(-32.26041666734,2.86468353125,4.961777423731
    ));
#9200 = CARTESIAN_POINT('',(-32.21875000068,1.194628439063E-14,
    6.615703231641));
#9201 = CARTESIAN_POINT('',(-32.17708333401,-2.86468353125,
    4.961777423731));
#9202 = CARTESIAN_POINT('',(-32.13541666734,-5.7293670625,3.307851615821
    ));
#9203 = CARTESIAN_POINT('',(-32.09375000068,-5.7293670625,0.));
#9204 = CARTESIAN_POINT('',(-32.05208333401,-5.7293670625,
    -3.307851615821));
#9205 = CARTESIAN_POINT('',(-32.01041666734,-2.86468353125,
    -4.961777423731));
#9206 = CARTESIAN_POINT('',(-31.96875000068,1.024263770644E-14,
    -6.615703231641));
#9207 = CARTESIAN_POINT('',(-31.92708333401,2.86468353125,
    -4.961777423731));
#9208 = CARTESIAN_POINT('',(-31.88541666734,5.7293670625,-3.307851615821
    ));
#9209 = CARTESIAN_POINT('',(-31.84375000068,5.7293670625,
    -7.016451034231E-16));
#9210 = CARTESIAN_POINT('',(-31.80208333401,5.7293670625,3.307851615821)
  );
#9211 = CARTESIAN_POINT('',(-31.76041666734,2.86468353125,4.961777423731
    ));
#9212 = CARTESIAN_POINT('',(-31.71875000068,1.177975093694E-14,
    6.615703231641));
#9213 = CARTESIAN_POINT('',(-31.67708333401,-2.86468353125,
    4.961777423731));
#9214 = CARTESIAN_POINT('',(-31.63541666734,-5.7293670625,3.307851615821
    ));
#9215 = CARTESIAN_POINT('',(-31.59375000068,-5.7293670625,0.));
#9216 = CARTESIAN_POINT('',(-31.55208333401,-5.7293670625,
    -3.307851615821));
#9217 = CARTESIAN_POINT('',(-31.51041666734,-2.86468353125,
    -4.961777423731));
#9218 = CARTESIAN_POINT('',(-31.46875000068,1.007610425274E-14,
    -6.615703231641));
#9219 = CARTESIAN_POINT('',(-31.42708333401,2.86468353125,
    -4.961777423731));
#9220 = CARTESIAN_POINT('',(-31.38541666734,5.7293670625,-3.307851615821
    ));
#9221 = CARTESIAN_POINT('',(-31.34375000068,5.7293670625,
    -7.016451034231E-16));
#9222 = CARTESIAN_POINT('',(-31.30208333401,5.7293670625,3.307851615821)
  );
#9223 = CARTESIAN_POINT('',(-31.26041666734,2.86468353125,4.961777423731
    ));
#9224 = CARTESIAN_POINT('',(-31.21875000068,1.161321748324E-14,
    6.615703231641));
#9225 = CARTESIAN_POINT('',(-31.17708333401,-2.86468353125,
    4.961777423731));
#9226 = CARTESIAN_POINT('',(-31.13541666734,-5.7293670625,3.307851615821
    ));
#9227 = CARTESIAN_POINT('',(-31.09375000068,-5.7293670625,0.));
#9228 = CARTESIAN_POINT('',(-31.05208333401,-5.7293670625,
    -3.307851615821));
#9229 = CARTESIAN_POINT('',(-31.01041666734,-2.86468353125,
    -4.961777423731));
#9230 = CARTESIAN_POINT('',(-30.96875000068,9.909570799049E-15,
    -6.615703231641));
#9231 = CARTESIAN_POINT('',(-30.92708333401,2.86468353125,
    -4.961777423731));
#9232 = CARTESIAN_POINT('',(-30.88541666734,5.7293670625,-3.307851615821
    ));
#9233 = CARTESIAN_POINT('',(-30.84375000068,5.7293670625,
    -7.016451034231E-16));
#9234 = CARTESIAN_POINT('',(-30.80208333401,5.7293670625,3.307851615821)
  );
#9235 = CARTESIAN_POINT('',(-30.76041666734,2.86468353125,4.961777423731
    ));
#9236 = CARTESIAN_POINT('',(-30.71875000068,1.144668402955E-14,
    6.615703231641));
#9237 = CARTESIAN_POINT('',(-30.67708333401,-2.86468353125,
    4.961777423731));
#9238 = CARTESIAN_POINT('',(-30.63541666734,-5.7293670625,3.307851615821
    ));
#9239 = CARTESIAN_POINT('',(-30.59375000068,-5.7293670625,0.));
#9240 = CARTESIAN_POINT('',(-30.55208333401,-5.7293670625,
    -3.307851615821));
#9241 = CARTESIAN_POINT('',(-30.51041666734,-2.86468353125,
    -4.961777423731));
#9242 = CARTESIAN_POINT('',(-30.46875000068,9.743037345355E-15,
    -6.615703231641));
#9243 = CARTESIAN_POINT('',(-30.42708333401,2.86468353125,
    -4.961777423731));
#9244 = CARTESIAN_POINT('',(-30.38541666734,5.7293670625,-3.307851615821
    ));
#9245 = CARTESIAN_POINT('',(-30.34375000068,5.7293670625,
    -7.016451034231E-16));
#9246 = CARTESIAN_POINT('',(-30.30208333401,5.7293670625,3.307851615821)
  );
#9247 = CARTESIAN_POINT('',(-30.26041666734,2.86468353125,4.961777423731
    ));
#9248 = CARTESIAN_POINT('',(-30.21875000068,1.128015057586E-14,
    6.615703231641));
#9249 = CARTESIAN_POINT('',(-30.17708333401,-2.86468353125,
    4.961777423731));
#9250 = CARTESIAN_POINT('',(-30.13541666734,-5.7293670625,3.307851615821
    ));
#9251 = CARTESIAN_POINT('',(-30.09375000068,-5.7293670625,0.));
#9252 = CARTESIAN_POINT('',(-30.05208333401,-5.7293670625,
    -3.307851615821));
#9253 = CARTESIAN_POINT('',(-30.01041666734,-2.86468353125,
    -4.961777423731));
#9254 = CARTESIAN_POINT('',(-29.96875000068,9.576503891661E-15,
    -6.615703231641));
#9255 = CARTESIAN_POINT('',(-29.92708333401,2.86468353125,
    -4.961777423731));
#9256 = CARTESIAN_POINT('',(-29.88541666734,5.7293670625,-3.307851615821
    ));
#9257 = CARTESIAN_POINT('',(-29.84375000068,5.7293670625,
    -7.016451034231E-16));
#9258 = CARTESIAN_POINT('',(-29.80208333401,5.7293670625,3.307851615821)
  );
#9259 = CARTESIAN_POINT('',(-29.76041666734,2.86468353125,4.961777423731
    ));
#9260 = CARTESIAN_POINT('',(-29.71875000068,1.111361712216E-14,
    6.615703231641));
#9261 = CARTESIAN_POINT('',(-29.67708333401,-2.86468353125,
    4.961777423731));
#9262 = CARTESIAN_POINT('',(-29.63541666734,-5.7293670625,3.307851615821
    ));
#9263 = CARTESIAN_POINT('',(-29.59375000068,-5.7293670625,0.));
#9264 = CARTESIAN_POINT('',(-29.55208333401,-5.7293670625,
    -3.307851615821));
#9265 = CARTESIAN_POINT('',(-29.51041666734,-2.86468353125,
    -4.961777423731));
#9266 = CARTESIAN_POINT('',(-29.46875000068,9.409970437967E-15,
    -6.615703231641));
#9267 = CARTESIAN_POINT('',(-29.42708333401,2.86468353125,
    -4.961777423731));
#9268 = CARTESIAN_POINT('',(-29.38541666734,5.7293670625,-3.307851615821
    ));
#9269 = CARTESIAN_POINT('',(-29.34375000068,5.7293670625,
    -7.016451034231E-16));
#9270 = CARTESIAN_POINT('',(-29.30208333401,5.7293670625,3.307851615821)
  );
#9271 = CARTESIAN_POINT('',(-29.26041666734,2.86468353125,4.961777423731
    ));
#9272 = CARTESIAN_POINT('',(-29.21875000068,1.094708366847E-14,
    6.615703231641));
#9273 = CARTESIAN_POINT('',(-29.17708333401,-2.86468353125,
    4.961777423731));
#9274 = CARTESIAN_POINT('',(-29.13541666734,-5.7293670625,3.307851615821
    ));
#9275 = CARTESIAN_POINT('',(-29.09375000068,-5.7293670625,0.));
#9276 = CARTESIAN_POINT('',(-29.05208333401,-5.7293670625,
    -3.307851615821));
#9277 = CARTESIAN_POINT('',(-29.01041666734,-2.86468353125,
    -4.961777423731));
#9278 = CARTESIAN_POINT('',(-28.96875000068,9.243436984274E-15,
    -6.615703231641));
#9279 = CARTESIAN_POINT('',(-28.92708333401,2.86468353125,
    -4.961777423731));
#9280 = CARTESIAN_POINT('',(-28.88541666734,5.7293670625,-3.307851615821
    ));
#9281 = CARTESIAN_POINT('',(-28.84375000068,5.7293670625,
    -7.016451034231E-16));
#9282 = CARTESIAN_POINT('',(-28.80208333401,5.7293670625,3.307851615821)
  );
#9283 = CARTESIAN_POINT('',(-28.76041666734,2.86468353125,4.961777423731
    ));
#9284 = CARTESIAN_POINT('',(-28.71875000068,1.078055021477E-14,
    6.615703231641));
#9285 = CARTESIAN_POINT('',(-28.67708333401,-2.86468353125,
    4.961777423731));
#9286 = CARTESIAN_POINT('',(-28.63541666734,-5.7293670625,3.307851615821
    ));
#9287 = CARTESIAN_POINT('',(-28.59375000068,-5.7293670625,0.));
#9288 = CARTESIAN_POINT('',(-28.55208333401,-5.7293670625,
    -3.307851615821));
#9289 = CARTESIAN_POINT('',(-28.51041666734,-2.86468353125,
    -4.961777423731));
#9290 = CARTESIAN_POINT('',(-28.46875000068,9.07690353058E-15,
    -6.615703231641));
#9291 = CARTESIAN_POINT('',(-28.42708333401,2.86468353125,
    -4.961777423731));
#9292 = CARTESIAN_POINT('',(-28.38541666734,5.7293670625,-3.307851615821
    ));
#9293 = CARTESIAN_POINT('',(-28.34375000068,5.7293670625,
    -7.016451034231E-16));
#9294 = CARTESIAN_POINT('',(-28.30208333401,5.7293670625,3.307851615821)
  );
#9295 = CARTESIAN_POINT('',(-28.26041666734,2.86468353125,4.961777423731
    ));
#9296 = CARTESIAN_POINT('',(-28.21875000068,1.061401676108E-14,
    6.615703231641));
#9297 = CARTESIAN_POINT('',(-28.17708333401,-2.86468353125,
    4.961777423731));
#9298 = CARTESIAN_POINT('',(-28.13541666734,-5.7293670625,3.307851615821
    ));
#9299 = CARTESIAN_POINT('',(-28.09375000068,-5.7293670625,0.));
#9300 = CARTESIAN_POINT('',(-28.05208333401,-5.7293670625,
    -3.307851615821));
#9301 = CARTESIAN_POINT('',(-28.01041666734,-2.86468353125,
    -4.961777423731));
#9302 = CARTESIAN_POINT('',(-27.96875000068,8.910370076886E-15,
    -6.615703231641));
#9303 = CARTESIAN_POINT('',(-27.92708333401,2.86468353125,
    -4.961777423731));
#9304 = CARTESIAN_POINT('',(-27.88541666734,5.7293670625,-3.307851615821
    ));
#9305 = CARTESIAN_POINT('',(-27.84375000068,5.7293670625,
    -7.016451034231E-16));
#9306 = CARTESIAN_POINT('',(-27.80208333401,5.7293670625,3.307851615821)
  );
#9307 = CARTESIAN_POINT('',(-27.76041666734,2.86468353125,4.961777423731
    ));
#9308 = CARTESIAN_POINT('',(-27.71875000068,1.044748330739E-14,
    6.615703231641));
#9309 = CARTESIAN_POINT('',(-27.67708333401,-2.86468353125,
    4.961777423731));
#9310 = CARTESIAN_POINT('',(-27.63541666734,-5.7293670625,3.307851615821
    ));
#9311 = CARTESIAN_POINT('',(-27.59375000068,-5.7293670625,0.));
#9312 = CARTESIAN_POINT('',(-27.55208333401,-5.7293670625,
    -3.307851615821));
#9313 = CARTESIAN_POINT('',(-27.51041666734,-2.86468353125,
    -4.961777423731));
#9314 = CARTESIAN_POINT('',(-27.46875000068,8.743836623192E-15,
    -6.615703231641));
#9315 = CARTESIAN_POINT('',(-27.42708333401,2.86468353125,
    -4.961777423731));
#9316 = CARTESIAN_POINT('',(-27.38541666734,5.7293670625,-3.307851615821
    ));
#9317 = CARTESIAN_POINT('',(-27.34375000068,5.7293670625,
    -7.016451034231E-16));
#9318 = CARTESIAN_POINT('',(-27.30208333401,5.7293670625,3.307851615821)
  );
#9319 = CARTESIAN_POINT('',(-27.26041666734,2.86468353125,4.961777423731
    ));
#9320 = CARTESIAN_POINT('',(-27.21875000068,1.028094985369E-14,
    6.615703231641));
#9321 = CARTESIAN_POINT('',(-27.17708333401,-2.86468353125,
    4.961777423731));
#9322 = CARTESIAN_POINT('',(-27.13541666734,-5.7293670625,3.307851615821
    ));
#9323 = CARTESIAN_POINT('',(-27.09375000068,-5.7293670625,0.));
#9324 = CARTESIAN_POINT('',(-27.05208333401,-5.7293670625,
    -3.307851615821));
#9325 = CARTESIAN_POINT('',(-27.01041666734,-2.86468353125,
    -4.961777423731));
#9326 = CARTESIAN_POINT('',(-26.96875000068,8.577303169498E-15,
    -6.615703231641));
#9327 = CARTESIAN_POINT('',(-26.92708333401,2.86468353125,
    -4.961777423731));
#9328 = CARTESIAN_POINT('',(-26.88541666734,5.7293670625,-3.307851615821
    ));
#9329 = CARTESIAN_POINT('',(-26.84375000068,5.7293670625,
    -7.016451034231E-16));
#9330 = CARTESIAN_POINT('',(-26.80208333401,5.7293670625,3.307851615821)
  );
#9331 = CARTESIAN_POINT('',(-26.76041666734,2.86468353125,4.961777423731
    ));
#9332 = CARTESIAN_POINT('',(-26.71875000068,1.01144164E-14,
    6.615703231641));
#9333 = CARTESIAN_POINT('',(-26.67708333401,-2.86468353125,
    4.961777423731));
#9334 = CARTESIAN_POINT('',(-26.63541666734,-5.7293670625,3.307851615821
    ));
#9335 = CARTESIAN_POINT('',(-26.59375000068,-5.7293670625,0.));
#9336 = CARTESIAN_POINT('',(-26.55208333401,-5.7293670625,
    -3.307851615821));
#9337 = CARTESIAN_POINT('',(-26.51041666734,-2.86468353125,
    -4.961777423731));
#9338 = CARTESIAN_POINT('',(-26.46875000068,8.410769715805E-15,
    -6.615703231641));
#9339 = CARTESIAN_POINT('',(-26.42708333401,2.86468353125,
    -4.961777423731));
#9340 = CARTESIAN_POINT('',(-26.38541666734,5.7293670625,-3.307851615821
    ));
#9341 = CARTESIAN_POINT('',(-26.34375000068,5.7293670625,
    -7.016451034231E-16));
#9342 = CARTESIAN_POINT('',(-26.30208333401,5.7293670625,3.307851615821)
  );
#9343 = CARTESIAN_POINT('',(-26.26041666734,2.86468353125,4.961777423731
    ));
#9344 = CARTESIAN_POINT('',(-26.21875000068,9.947882946305E-15,
    6.615703231641));
#9345 = CARTESIAN_POINT('',(-26.17708333401,-2.86468353125,
    4.961777423731));
#9346 = CARTESIAN_POINT('',(-26.13541666734,-5.7293670625,3.307851615821
    ));
#9347 = CARTESIAN_POINT('',(-26.09375000068,-5.7293670625,0.));
#9348 = CARTESIAN_POINT('',(-26.05208333401,-5.7293670625,
    -3.307851615821));
#9349 = CARTESIAN_POINT('',(-26.01041666734,-2.86468353125,
    -4.961777423731));
#9350 = CARTESIAN_POINT('',(-25.96875000068,8.244236262111E-15,
    -6.615703231641));
#9351 = CARTESIAN_POINT('',(-25.92708333401,2.86468353125,
    -4.961777423731));
#9352 = CARTESIAN_POINT('',(-25.88541666734,5.7293670625,-3.307851615821
    ));
#9353 = CARTESIAN_POINT('',(-25.84375000068,5.7293670625,
    -7.016451034231E-16));
#9354 = CARTESIAN_POINT('',(-25.80208333401,5.7293670625,3.307851615821)
  );
#9355 = CARTESIAN_POINT('',(-25.76041666734,2.86468353125,4.961777423731
    ));
#9356 = CARTESIAN_POINT('',(-25.71875000068,9.781349492612E-15,
    6.615703231641));
#9357 = CARTESIAN_POINT('',(-25.67708333401,-2.86468353125,
    4.961777423731));
#9358 = CARTESIAN_POINT('',(-25.63541666734,-5.7293670625,3.307851615821
    ));
#9359 = CARTESIAN_POINT('',(-25.59375000068,-5.7293670625,0.));
#9360 = CARTESIAN_POINT('',(-25.55208333401,-5.7293670625,
    -3.307851615821));
#9361 = CARTESIAN_POINT('',(-25.51041666734,-2.86468353125,
    -4.961777423731));
#9362 = CARTESIAN_POINT('',(-25.46875000068,8.077702808417E-15,
    -6.615703231641));
#9363 = CARTESIAN_POINT('',(-25.42708333401,2.86468353125,
    -4.961777423731));
#9364 = CARTESIAN_POINT('',(-25.38541666734,5.7293670625,-3.307851615821
    ));
#9365 = CARTESIAN_POINT('',(-25.34375000068,5.7293670625,
    -7.016451034231E-16));
#9366 = CARTESIAN_POINT('',(-25.30208333401,5.7293670625,3.307851615821)
  );
#9367 = CARTESIAN_POINT('',(-25.26041666734,2.86468353125,4.961777423731
    ));
#9368 = CARTESIAN_POINT('',(-25.21875000068,9.614816038918E-15,
    6.615703231641));
#9369 = CARTESIAN_POINT('',(-25.17708333401,-2.86468353125,
    4.961777423731));
#9370 = CARTESIAN_POINT('',(-25.13541666734,-5.7293670625,3.307851615821
    ));
#9371 = CARTESIAN_POINT('',(-25.09375000068,-5.7293670625,0.));
#9372 = CARTESIAN_POINT('',(-25.05208333401,-5.7293670625,
    -3.307851615821));
#9373 = CARTESIAN_POINT('',(-25.01041666734,-2.86468353125,
    -4.961777423731));
#9374 = CARTESIAN_POINT('',(-24.96875000068,7.911169354723E-15,
    -6.615703231641));
#9375 = CARTESIAN_POINT('',(-24.92708333401,2.86468353125,
    -4.961777423731));
#9376 = CARTESIAN_POINT('',(-24.88541666734,5.7293670625,-3.307851615821
    ));
#9377 = CARTESIAN_POINT('',(-24.84375000068,5.7293670625,
    -7.016451034231E-16));
#9378 = CARTESIAN_POINT('',(-24.82030094142,5.7293670625,1.861584205556)
  );
#9379 = CARTESIAN_POINT('',(-24.79337262874,4.635155320573,3.36763746431
    ));
#9380 = DEFINITIONAL_REPRESENTATION('',(#9381),#9429);
#9381 = B_SPLINE_CURVE_WITH_KNOTS('',3,(#9382,#9383,#9384,#9385,#9386,
    #9387,#9388,#9389,#9390,#9391,#9392,#9393,#9394,#9395,#9396,#9397,
    #9398,#9399,#9400,#9401,#9402,#9403,#9404,#9405,#9406,#9407,#9408,
    #9409,#9410,#9411,#9412,#9413,#9414,#9415,#9416,#9417,#9418,#9419,
    #9420,#9421,#9422,#9423,#9424,#9425,#9426,#9427,#9428),
  .UNSPECIFIED.,.F.,.F.,(4,1,1,1,1,1,1,1,1,1,1,1,1,1,1,1,1,1,1,1,1,1,1,1
    ,1,1,1,1,1,1,1,1,1,1,1,1,1,1,1,1,1,1,1,1,4),(8.137621942189E-04,
    1.003394569485E-03,1.193026944751E-03,1.382659320017E-03,
    1.572291695284E-03,1.76192407055E-03,1.951556445816E-03,
    2.141188821082E-03,2.330821196348E-03,2.520453571614E-03,
    2.71008594688E-03,2.899718322147E-03,3.089350697413E-03,
    3.278983072679E-03,3.468615447945E-03,3.658247823211E-03,
    3.847880198477E-03,4.037512573744E-03,4.22714494901E-03,
    4.416777324276E-03,4.606409699542E-03,4.796042074808E-03,
    4.985674450074E-03,5.175306825341E-03,5.364939200607E-03,
    5.554571575873E-03,5.744203951139E-03,5.933836326405E-03,
    6.123468701671E-03,6.313101076937E-03,6.502733452204E-03,
    6.69236582747E-03,6.881998202736E-03,7.071630578002E-03,
    7.261262953268E-03,7.450895328534E-03,7.640527703801E-03,
    7.830160079067E-03,8.019792454333E-03,8.209424829599E-03,
    8.399057204865E-03,8.588689580131E-03,8.778321955398E-03,
    8.967954330664E-03,9.15758670593E-03),.QUASI_UNIFORM_KNOTS.);
#9382 = CARTESIAN_POINT('',(8.493649453742E-02,0.94));
#9383 = CARTESIAN_POINT('',(9.128341215399E-02,0.940073290119));
#9384 = CARTESIAN_POINT('',(0.104109301788,0.940219343405));
#9385 = CARTESIAN_POINT('',(0.123700168969,0.94043673176));
#9386 = CARTESIAN_POINT('',(0.143600141215,0.940652321576));
#9387 = CARTESIAN_POINT('',(0.16376208105,0.94086599278));
#9388 = CARTESIAN_POINT('',(0.184141268544,0.941077663897));
#9389 = CARTESIAN_POINT('',(0.204677946825,0.941287118088));
#9390 = CARTESIAN_POINT('',(0.225411114734,0.941495135128));
#9391 = CARTESIAN_POINT('',(0.24633829327,0.941702038263));
#9392 = CARTESIAN_POINT('',(0.267460381662,0.941908173978));
#9393 = CARTESIAN_POINT('',(0.288777308928,0.942113867899));
#9394 = CARTESIAN_POINT('',(0.310293514984,0.942319482354));
#9395 = CARTESIAN_POINT('',(0.331998203906,0.9425252305));
#9396 = CARTESIAN_POINT('',(0.353826353216,0.942730820608));
#9397 = CARTESIAN_POINT('',(0.375726657642,0.942936103121));
#9398 = CARTESIAN_POINT('',(0.397641455632,0.943140873846));
#9399 = CARTESIAN_POINT('',(0.419519002547,0.943344985144));
#9400 = CARTESIAN_POINT('',(0.441289318157,0.943548114904));
#9401 = CARTESIAN_POINT('',(0.46302027798,0.943751220658));
#9402 = CARTESIAN_POINT('',(0.484707536799,0.943954586001));
#9403 = CARTESIAN_POINT('',(0.506353562686,0.944158561789));
#9404 = CARTESIAN_POINT('',(0.527953528519,0.94436343622));
#9405 = CARTESIAN_POINT('',(0.549524052611,0.944569713744));
#9406 = CARTESIAN_POINT('',(0.57100004753,0.944777129721));
#9407 = CARTESIAN_POINT('',(0.592282796768,0.944985073903));
#9408 = CARTESIAN_POINT('',(0.613354510464,0.945193705516));
#9409 = CARTESIAN_POINT('',(0.634175241644,0.945402962176));
#9410 = CARTESIAN_POINT('',(0.654715215172,0.94561286806));
#9411 = CARTESIAN_POINT('',(0.674931017705,0.945823303101));
#9412 = CARTESIAN_POINT('',(0.694877218241,0.946035116852));
#9413 = CARTESIAN_POINT('',(0.714538636262,0.946248681084));
#9414 = CARTESIAN_POINT('',(0.733957522089,0.946464190565));
#9415 = CARTESIAN_POINT('',(0.752973840066,0.946682722162));
#9416 = CARTESIAN_POINT('',(0.772185186304,0.946902036628));
#9417 = CARTESIAN_POINT('',(0.791813805952,0.947119186344));
#9418 = CARTESIAN_POINT('',(0.811629350016,0.947333576925));
#9419 = CARTESIAN_POINT('',(0.831685107264,0.947545815974));
#9420 = CARTESIAN_POINT('',(0.851960528601,0.947756179575));
#9421 = CARTESIAN_POINT('',(0.87245666155,0.947965023594));
#9422 = CARTESIAN_POINT('',(0.893170214427,0.948172673891));
#9423 = CARTESIAN_POINT('',(0.914100126311,0.948379456124));
#9424 = CARTESIAN_POINT('',(0.935245423011,0.948585688183));
#9425 = CARTESIAN_POINT('',(0.956605363665,0.948791682375));
#9426 = CARTESIAN_POINT('',(0.978179078963,0.948997745755));
#9427 = CARTESIAN_POINT('',(0.992702954012,0.949135367119));
#9428 = CARTESIAN_POINT('',(1.,0.94920428952));
#9429 = ( GEOMETRIC_REPRESENTATION_CONTEXT(2) 
PARAMETRIC_REPRESENTATION_CONTEXT() REPRESENTATION_CONTEXT('2D SPACE',''
  ) );
#9430 = ORIENTED_EDGE('',*,*,#9431,.T.);
#9431 = EDGE_CURVE('',#8713,#3328,#9432,.T.);
#9432 = SURFACE_CURVE('',#9433,(#9446,#9475),.PCURVE_S1.);
#9433 = B_SPLINE_CURVE_WITH_KNOTS('',3,(#9434,#9435,#9436,#9437,#9438,
    #9439,#9440,#9441,#9442,#9443,#9444,#9445),.UNSPECIFIED.,.F.,.F.,(4,
    2,2,2,2,4),(2.036472557349E-16,2.122532252906E-03,4.245064505812E-03
    ,5.306330632265E-03,6.367596758718E-03,8.490129011624E-03),
  .UNSPECIFIED.);
#9434 = CARTESIAN_POINT('',(-25.2293670625,0.729948531311,5.682677368855
    ));
#9435 = CARTESIAN_POINT('',(-25.25353412091,1.435278392209,
    5.616442296347));
#9436 = CARTESIAN_POINT('',(-25.27689070897,2.126147846443,
    5.417572566999));
#9437 = CARTESIAN_POINT('',(-25.31911849013,3.387990860258,
    4.783491282862));
#9438 = CARTESIAN_POINT('',(-25.34133192875,3.963938063932,
    4.347120034377));
#9439 = CARTESIAN_POINT('',(-25.37597549135,4.675791718676,3.57579844162
    ));
#9440 = CARTESIAN_POINT('',(-25.38763799361,4.889427790035,
    3.298782447205));
#9441 = CARTESIAN_POINT('',(-25.41119270039,5.268284407023,
    2.703990967437));
#9442 = CARTESIAN_POINT('',(-25.42297544711,5.431411142226,
    2.388756628515));
#9443 = CARTESIAN_POINT('',(-25.45767861923,5.832038364701,
    1.407214041597));
#9444 = CARTESIAN_POINT('',(-25.47984544427,5.979845444275,
    0.708199622136));
#9445 = CARTESIAN_POINT('',(-25.5,6.,-7.347880794884E-16));
#9446 = PCURVE('',#3349,#9447);
#9447 = DEFINITIONAL_REPRESENTATION('',(#9448),#9474);
#9448 = B_SPLINE_CURVE_WITH_KNOTS('',3,(#9449,#9450,#9451,#9452,#9453,
    #9454,#9455,#9456,#9457,#9458,#9459,#9460,#9461,#9462,#9463,#9464,
    #9465,#9466,#9467,#9468,#9469,#9470,#9471,#9472,#9473),
  .UNSPECIFIED.,.F.,.F.,(4,1,1,1,1,1,1,1,1,1,1,1,1,1,1,1,1,1,1,1,1,1,4),
  (2.036472557349E-16,3.85914955074E-04,7.718299101478E-04,
    1.157744865222E-03,1.543659820295E-03,1.929574775369E-03,
    2.315489730443E-03,2.701404685517E-03,3.087319640591E-03,
    3.473234595665E-03,3.859149550738E-03,4.245064505812E-03,
    4.630979460886E-03,5.01689441596E-03,5.402809371034E-03,
    5.788724326107E-03,6.174639281181E-03,6.560554236255E-03,
    6.946469191329E-03,7.332384146403E-03,7.718299101477E-03,
    8.10421405655E-03,8.490129011624E-03),.UNSPECIFIED.);
#9449 = CARTESIAN_POINT('',(1.698548282433,-0.2706329375));
#9450 = CARTESIAN_POINT('',(1.72101622958,-0.266243194389));
#9451 = CARTESIAN_POINT('',(1.765880966396,-0.257545524452));
#9452 = CARTESIAN_POINT('',(1.832976146605,-0.244734741292));
#9453 = CARTESIAN_POINT('',(1.899883191548,-0.232126240364));
#9454 = CARTESIAN_POINT('',(1.966608042796,-0.219769575544));
#9455 = CARTESIAN_POINT('',(2.033161927038,-0.207727469124));
#9456 = CARTESIAN_POINT('',(2.099550311721,-0.196253280456));
#9457 = CARTESIAN_POINT('',(2.165948395813,-0.184725668404));
#9458 = CARTESIAN_POINT('',(2.232235096454,-0.172917211629));
#9459 = CARTESIAN_POINT('',(2.298307699639,-0.160737754823));
#9460 = CARTESIAN_POINT('',(2.364060864614,-0.148212661828));
#9461 = CARTESIAN_POINT('',(2.429351044679,-0.135575204221));
#9462 = CARTESIAN_POINT('',(2.494216727617,-0.122920698368));
#9463 = CARTESIAN_POINT('',(2.559023060594,-0.110196287484));
#9464 = CARTESIAN_POINT('',(2.624130281042,-9.73752213116E-02));
#9465 = CARTESIAN_POINT('',(2.689293232367,-8.454798094166E-02));
#9466 = CARTESIAN_POINT('',(2.754350449452,-7.176625263532E-02));
#9467 = CARTESIAN_POINT('',(2.819283990021,-5.913518936171E-02));
#9468 = CARTESIAN_POINT('',(2.883967491579,-4.674141731726E-02));
#9469 = CARTESIAN_POINT('',(2.948485342784,-3.458641675981E-02));
#9470 = CARTESIAN_POINT('',(3.012887686648,-2.27043761663E-02));
#9471 = CARTESIAN_POINT('',(3.077233113249,-1.1134321146E-02));
#9472 = CARTESIAN_POINT('',(3.120132422472,-3.665181988859E-03));
#9473 = CARTESIAN_POINT('',(3.14159265359,1.15463194561E-14));
#9474 = ( GEOMETRIC_REPRESENTATION_CONTEXT(2) 
PARAMETRIC_REPRESENTATION_CONTEXT() REPRESENTATION_CONTEXT('2D SPACE',''
  ) );
#9475 = PCURVE('',#2216,#9476);
#9476 = DEFINITIONAL_REPRESENTATION('',(#9477),#9503);
#9477 = B_SPLINE_CURVE_WITH_KNOTS('',3,(#9478,#9479,#9480,#9481,#9482,
    #9483,#9484,#9485,#9486,#9487,#9488,#9489,#9490,#9491,#9492,#9493,
    #9494,#9495,#9496,#9497,#9498,#9499,#9500,#9501,#9502),
  .UNSPECIFIED.,.F.,.F.,(4,1,1,1,1,1,1,1,1,1,1,1,1,1,1,1,1,1,1,1,1,1,4),
  (2.036472557349E-16,3.85914955074E-04,7.718299101478E-04,
    1.157744865222E-03,1.543659820295E-03,1.929574775369E-03,
    2.315489730443E-03,2.701404685517E-03,3.087319640591E-03,
    3.473234595665E-03,3.859149550738E-03,4.245064505812E-03,
    4.630979460886E-03,5.01689441596E-03,5.402809371034E-03,
    5.788724326107E-03,6.174639281181E-03,6.560554236255E-03,
    6.946469191329E-03,7.332384146403E-03,7.718299101477E-03,
    8.10421405655E-03,8.490129011624E-03),.UNSPECIFIED.);
#9478 = CARTESIAN_POINT('',(0.,0.94920428952));
#9479 = CARTESIAN_POINT('',(1.621239104887E-02,0.949063964165));
#9480 = CARTESIAN_POINT('',(4.828180412439E-02,0.948783158373));
#9481 = CARTESIAN_POINT('',(9.547206800489E-02,0.948360427167));
#9482 = CARTESIAN_POINT('',(0.142026688622,0.947935194338));
#9483 = CARTESIAN_POINT('',(0.187783014471,0.947506207195));
#9484 = CARTESIAN_POINT('',(0.232429763124,0.947073256941));
#9485 = CARTESIAN_POINT('',(0.27487326341,0.946632000647));
#9486 = CARTESIAN_POINT('',(0.317220985251,0.946192604738));
#9487 = CARTESIAN_POINT('',(0.360600044401,0.945762134767));
#9488 = CARTESIAN_POINT('',(0.405619495815,0.945338150373));
#9489 = CARTESIAN_POINT('',(0.452190139773,0.944920787312));
#9490 = CARTESIAN_POINT('',(0.499073328178,0.944509780765));
#9491 = CARTESIAN_POINT('',(0.545843311304,0.944103952545));
#9492 = CARTESIAN_POINT('',(0.592851967515,0.943700114163));
#9493 = CARTESIAN_POINT('',(0.640191270119,0.943295177664));
#9494 = CARTESIAN_POINT('',(0.687555875586,0.942889814013));
#9495 = CARTESIAN_POINT('',(0.734815641038,0.942484167798));
#9496 = CARTESIAN_POINT('',(0.781494680637,0.942077491207));
#9497 = CARTESIAN_POINT('',(0.827255377823,0.941669720916));
#9498 = CARTESIAN_POINT('',(0.872150054599,0.941259468428));
#9499 = CARTESIAN_POINT('',(0.916061827278,0.940845527033));
#9500 = CARTESIAN_POINT('',(0.958843220597,0.940426601151));
#9501 = CARTESIAN_POINT('',(0.986455621936,0.940143061766));
#9502 = CARTESIAN_POINT('',(1.,0.94));
#9503 = ( GEOMETRIC_REPRESENTATION_CONTEXT(2) 
PARAMETRIC_REPRESENTATION_CONTEXT() REPRESENTATION_CONTEXT('2D SPACE',''
  ) );
#9504 = ORIENTED_EDGE('',*,*,#3325,.F.);
#9505 = ORIENTED_EDGE('',*,*,#9506,.T.);
#9506 = EDGE_CURVE('',#3326,#9507,#9509,.T.);
#9507 = VERTEX_POINT('',#9508);
#9508 = CARTESIAN_POINT('',(-25.38112976407,-5.881129764075,
    4.897024256164E-13));
#9509 = SURFACE_CURVE('',#9510,(#9541,#9614),.PCURVE_S1.);
#9510 = B_SPLINE_CURVE_WITH_KNOTS('',3,(#9511,#9512,#9513,#9514,#9515,
    #9516,#9517,#9518,#9519,#9520,#9521,#9522,#9523,#9524,#9525,#9526,
    #9527,#9528,#9529,#9530,#9531,#9532,#9533,#9534,#9535,#9536,#9537,
    #9538,#9539,#9540),.UNSPECIFIED.,.F.,.F.,(4,2,2,2,2,2,2,2,2,2,2,2,2,
    2,4),(1.226634733347E-18,8.848217292716E-04,1.769643458543E-03,
    2.654465187815E-03,3.539286917086E-03,4.424108646358E-03,
    5.308930375629E-03,6.193752104901E-03,7.078573834172E-03,
    8.848217292716E-03,1.061786075126E-02,1.150268248053E-02,
    1.23875042098E-02,1.327232593907E-02,1.415714766834E-02),
  .UNSPECIFIED.);
#9511 = CARTESIAN_POINT('',(-25.5,4.281152878226,4.20377568779));
#9512 = CARTESIAN_POINT('',(-25.49748136798,4.072375948709,
    4.412800675294));
#9513 = CARTESIAN_POINT('',(-25.49500823257,3.848009374746,
    4.606451700771));
#9514 = CARTESIAN_POINT('',(-25.49023378042,3.375904472088,
    4.957077712774));
#9515 = CARTESIAN_POINT('',(-25.48798836012,3.129473296561,
    5.113435655753));
#9516 = CARTESIAN_POINT('',(-25.48347807556,2.616297041904,
    5.389046519347));
#9517 = CARTESIAN_POINT('',(-25.48113080679,2.349514781454,5.50823014982
    ));
#9518 = CARTESIAN_POINT('',(-25.47624407642,1.794810277276,
    5.707980614306));
#9519 = CARTESIAN_POINT('',(-25.47374402532,1.511365495964,
    5.786736124358));
#9520 = CARTESIAN_POINT('',(-25.46869714281,0.939908331743,
    5.901427019446));
#9521 = CARTESIAN_POINT('',(-25.46614018598,0.650746240595,
    5.937779240146));
#9522 = CARTESIAN_POINT('',(-25.46095770579,6.544048564361E-02,
    5.967796793508));
#9523 = CARTESIAN_POINT('',(-25.45832450287,-0.231561175539,
    5.960988149129));
#9524 = CARTESIAN_POINT('',(-25.45316082942,-0.813216953097,
    5.904589016917));
#9525 = CARTESIAN_POINT('',(-25.45060894867,-1.100292004046,
    5.855281847668));
#9526 = CARTESIAN_POINT('',(-25.44556538884,-1.666956056107,
    5.714562664779));
#9527 = CARTESIAN_POINT('',(-25.44305341703,-1.948817390377,
    5.622108555428));
#9528 = CARTESIAN_POINT('',(-25.43579168369,-2.762652858452,
    5.286379833615));
#9529 = CARTESIAN_POINT('',(-25.43148822123,-3.263866942284,
    4.987842501388));
#9530 = CARTESIAN_POINT('',(-25.42166501547,-4.177196127799,
    4.238631475168));
#9531 = CARTESIAN_POINT('',(-25.41659060942,-4.567686364408,
    3.806243977614));
#9532 = CARTESIAN_POINT('',(-25.40873456278,-5.055706801148,
    3.072340272419));
#9533 = CARTESIAN_POINT('',(-25.40608542693,-5.20077348042,
    2.814061601139));
#9534 = CARTESIAN_POINT('',(-25.40087831478,-5.448131866945,
    2.285468543993));
#9535 = CARTESIAN_POINT('',(-25.39829899868,-5.551804881497,
    2.013191414281));
#9536 = CARTESIAN_POINT('',(-25.39318962567,-5.718854102315,
    1.452562479041));
#9537 = CARTESIAN_POINT('',(-25.39064269207,-5.782292244827,
    1.162086432097));
#9538 = CARTESIAN_POINT('',(-25.38575498899,-5.864178537943,
    0.582407949869));
#9539 = CARTESIAN_POINT('',(-25.38339874486,-5.88339874486,
    0.291655612687));
#9540 = CARTESIAN_POINT('',(-25.38112976407,-5.881129764075,
    4.897024256164E-13));
#9541 = PCURVE('',#3349,#9542);
#9542 = DEFINITIONAL_REPRESENTATION('',(#9543),#9613);
#9543 = B_SPLINE_CURVE_WITH_KNOTS('',3,(#9544,#9545,#9546,#9547,#9548,
    #9549,#9550,#9551,#9552,#9553,#9554,#9555,#9556,#9557,#9558,#9559,
    #9560,#9561,#9562,#9563,#9564,#9565,#9566,#9567,#9568,#9569,#9570,
    #9571,#9572,#9573,#9574,#9575,#9576,#9577,#9578,#9579,#9580,#9581,
    #9582,#9583,#9584,#9585,#9586,#9587,#9588,#9589,#9590,#9591,#9592,
    #9593,#9594,#9595,#9596,#9597,#9598,#9599,#9600,#9601,#9602,#9603,
    #9604,#9605,#9606,#9607,#9608,#9609,#9610,#9611,#9612),
  .UNSPECIFIED.,.F.,.F.,(4,1,1,1,1,1,1,1,1,1,1,1,1,1,1,1,1,1,1,1,1,1,1,1
    ,1,1,1,1,1,1,1,1,1,1,1,1,1,1,1,1,1,1,1,1,1,1,1,1,1,1,1,1,1,1,1,1,1,1
    ,1,1,1,1,1,1,1,1,4),(1.226634733347E-18,2.145022373992E-04,
    4.290044747983E-04,6.435067121975E-04,8.580089495967E-04,
    1.072511186996E-03,1.287013424395E-03,1.501515661794E-03,
    1.716017899193E-03,1.930520136592E-03,2.145022373992E-03,
    2.359524611391E-03,2.57402684879E-03,2.788529086189E-03,
    3.003031323588E-03,3.217533560987E-03,3.432035798387E-03,
    3.646538035786E-03,3.861040273185E-03,4.075542510584E-03,
    4.290044747983E-03,4.504546985382E-03,4.719049222782E-03,
    4.933551460181E-03,5.14805369758E-03,5.362555934979E-03,
    5.577058172378E-03,5.791560409777E-03,6.006062647177E-03,
    6.220564884576E-03,6.435067121975E-03,6.649569359374E-03,
    6.864071596773E-03,7.078573834172E-03,7.293076071572E-03,
    7.507578308971E-03,7.72208054637E-03,7.936582783769E-03,
    8.151085021168E-03,8.365587258567E-03,8.580089495967E-03,
    8.794591733366E-03,9.009093970765E-03,9.223596208164E-03,
    9.438098445563E-03,9.652600682962E-03,9.867102920362E-03,
    1.008160515776E-02,1.029610739516E-02,1.051060963256E-02,
    1.072511186996E-02,1.093961410736E-02,1.115411634476E-02,
    1.136861858216E-02,1.158312081955E-02,1.179762305695E-02,
    1.201212529435E-02,1.222662753175E-02,1.244112976915E-02,
    1.265563200655E-02,1.287013424395E-02,1.308463648135E-02,
    1.329913871875E-02,1.351364095615E-02,1.372814319355E-02,
    1.394264543095E-02,1.415714766834E-02),.QUASI_UNIFORM_KNOTS.);
#9544 = CARTESIAN_POINT('',(2.365313605925,4.440892098501E-16));
#9545 = CARTESIAN_POINT('',(2.35337752121,-6.118402632697E-04));
#9546 = CARTESIAN_POINT('',(2.329498796512,-1.832511633007E-03));
#9547 = CARTESIAN_POINT('',(2.293684494494,-3.644482157721E-03));
#9548 = CARTESIAN_POINT('',(2.257900732327,-5.419163159254E-03));
#9549 = CARTESIAN_POINT('',(2.222162700871,-7.167155412633E-03));
#9550 = CARTESIAN_POINT('',(2.186531139219,-8.883595657443E-03));
#9551 = CARTESIAN_POINT('',(2.151040605713,-1.055188708602E-02));
#9552 = CARTESIAN_POINT('',(2.115625976739,-1.22085553281E-02));
#9553 = CARTESIAN_POINT('',(2.0802478408,-1.385819800364E-02));
#9554 = CARTESIAN_POINT('',(2.044860612955,-1.549627113258E-02));
#9555 = CARTESIAN_POINT('',(2.009420417114,-1.716906135948E-02));
#9556 = CARTESIAN_POINT('',(1.973880916019,-1.888505113803E-02));
#9557 = CARTESIAN_POINT('',(1.938196329316,-2.064350603111E-02));
#9558 = CARTESIAN_POINT('',(1.902315146577,-2.242484712073E-02));
#9559 = CARTESIAN_POINT('',(1.866551174608,-2.422859241607E-02));
#9560 = CARTESIAN_POINT('',(1.830861440854,-2.604158402928E-02));
#9561 = CARTESIAN_POINT('',(1.795264139531,-2.786157408229E-02));
#9562 = CARTESIAN_POINT('',(1.759777990589,-2.969624207524E-02));
#9563 = CARTESIAN_POINT('',(1.724301904948,-3.153269392414E-02));
#9564 = CARTESIAN_POINT('',(1.688793519243,-3.339058768081E-02));
#9565 = CARTESIAN_POINT('',(1.653207109419,-3.527277646709E-02));
#9566 = CARTESIAN_POINT('',(1.617494852396,-3.715439056711E-02));
#9567 = CARTESIAN_POINT('',(1.581606020207,-3.908662243809E-02));
#9568 = CARTESIAN_POINT('',(1.545663334521,-4.099420153017E-02));
#9569 = CARTESIAN_POINT('',(1.509757641317,-4.28563897318E-02));
#9570 = CARTESIAN_POINT('',(1.474036535696,-4.472721969447E-02));
#9571 = CARTESIAN_POINT('',(1.438423627675,-4.658993160051E-02));
#9572 = CARTESIAN_POINT('',(1.402837365098,-4.844387338987E-02));
#9573 = CARTESIAN_POINT('',(1.367235097617,-5.03030305889E-02));
#9574 = CARTESIAN_POINT('',(1.331597754167,-5.213896460827E-02));
#9575 = CARTESIAN_POINT('',(1.295766714427,-5.399615271763E-02));
#9576 = CARTESIAN_POINT('',(1.259784420993,-5.583382892581E-02));
#9577 = CARTESIAN_POINT('',(1.22375479197,-5.761201753616E-02));
#9578 = CARTESIAN_POINT('',(1.187764725489,-5.93750540172E-02));
#9579 = CARTESIAN_POINT('',(1.151906629754,-6.109073086541E-02));
#9580 = CARTESIAN_POINT('',(1.116143344184,-6.272565960785E-02));
#9581 = CARTESIAN_POINT('',(1.080433671516,-6.435119261444E-02));
#9582 = CARTESIAN_POINT('',(1.044735741528,-6.599450943128E-02));
#9583 = CARTESIAN_POINT('',(1.009007049947,-6.767811504018E-02));
#9584 = CARTESIAN_POINT('',(0.973202739275,-6.940953023524E-02));
#9585 = CARTESIAN_POINT('',(0.937284229383,-7.118179536137E-02));
#9586 = CARTESIAN_POINT('',(0.901188233372,-7.298050853671E-02));
#9587 = CARTESIAN_POINT('',(0.864943944766,-7.475389101224E-02));
#9588 = CARTESIAN_POINT('',(0.828946907935,-7.64867159008E-02));
#9589 = CARTESIAN_POINT('',(0.793053652654,-7.823908296097E-02));
#9590 = CARTESIAN_POINT('',(0.757242928178,-8.00345838102E-02));
#9591 = CARTESIAN_POINT('',(0.721460011037,-8.188736770877E-02));
#9592 = CARTESIAN_POINT('',(0.685659453362,-8.379538247353E-02));
#9593 = CARTESIAN_POINT('',(0.649791934757,-8.574078989738E-02));
#9594 = CARTESIAN_POINT('',(0.613816232592,-8.769549014983E-02));
#9595 = CARTESIAN_POINT('',(0.577666632306,-8.959902003261E-02));
#9596 = CARTESIAN_POINT('',(0.541442637768,-9.154038188047E-02));
#9597 = CARTESIAN_POINT('',(0.505225387723,-9.345604028341E-02));
#9598 = CARTESIAN_POINT('',(0.469080546781,-9.533770342708E-02));
#9599 = CARTESIAN_POINT('',(0.433122423251,-9.72288451021E-02));
#9600 = CARTESIAN_POINT('',(0.397221097141,-9.910515574289E-02));
#9601 = CARTESIAN_POINT('',(0.361318042306,-0.100979277072));
#9602 = CARTESIAN_POINT('',(0.325365081197,-0.102859849626));
#9603 = CARTESIAN_POINT('',(0.28933446518,-0.104716287474));
#9604 = CARTESIAN_POINT('',(0.25308503873,-0.106607939958));
#9605 = CARTESIAN_POINT('',(0.216724996481,-0.10846459505));
#9606 = CARTESIAN_POINT('',(0.180363160588,-0.11025383477));
#9607 = CARTESIAN_POINT('',(0.144138967595,-0.112026027114));
#9608 = CARTESIAN_POINT('',(0.108063433588,-0.113779644374));
#9609 = CARTESIAN_POINT('',(7.204242465162E-02,-0.115499827304));
#9610 = CARTESIAN_POINT('',(3.604202736922E-02,-0.117203886014));
#9611 = CARTESIAN_POINT('',(1.202228623598E-02,-0.118318949711));
#9612 = CARTESIAN_POINT('',(0.,-0.118870235925));
#9613 = ( GEOMETRIC_REPRESENTATION_CONTEXT(2) 
PARAMETRIC_REPRESENTATION_CONTEXT() REPRESENTATION_CONTEXT('2D SPACE',''
  ) );
#9614 = PCURVE('',#1421,#9615);
#9615 = DEFINITIONAL_REPRESENTATION('',(#9616),#9686);
#9616 = B_SPLINE_CURVE_WITH_KNOTS('',3,(#9617,#9618,#9619,#9620,#9621,
    #9622,#9623,#9624,#9625,#9626,#9627,#9628,#9629,#9630,#9631,#9632,
    #9633,#9634,#9635,#9636,#9637,#9638,#9639,#9640,#9641,#9642,#9643,
    #9644,#9645,#9646,#9647,#9648,#9649,#9650,#9651,#9652,#9653,#9654,
    #9655,#9656,#9657,#9658,#9659,#9660,#9661,#9662,#9663,#9664,#9665,
    #9666,#9667,#9668,#9669,#9670,#9671,#9672,#9673,#9674,#9675,#9676,
    #9677,#9678,#9679,#9680,#9681,#9682,#9683,#9684,#9685),
  .UNSPECIFIED.,.F.,.F.,(4,1,1,1,1,1,1,1,1,1,1,1,1,1,1,1,1,1,1,1,1,1,1,1
    ,1,1,1,1,1,1,1,1,1,1,1,1,1,1,1,1,1,1,1,1,1,1,1,1,1,1,1,1,1,1,1,1,1,1
    ,1,1,1,1,1,1,1,1,4),(1.226634733347E-18,2.145022373992E-04,
    4.290044747983E-04,6.435067121975E-04,8.580089495967E-04,
    1.072511186996E-03,1.287013424395E-03,1.501515661794E-03,
    1.716017899193E-03,1.930520136592E-03,2.145022373992E-03,
    2.359524611391E-03,2.57402684879E-03,2.788529086189E-03,
    3.003031323588E-03,3.217533560987E-03,3.432035798387E-03,
    3.646538035786E-03,3.861040273185E-03,4.075542510584E-03,
    4.290044747983E-03,4.504546985382E-03,4.719049222782E-03,
    4.933551460181E-03,5.14805369758E-03,5.362555934979E-03,
    5.577058172378E-03,5.791560409777E-03,6.006062647177E-03,
    6.220564884576E-03,6.435067121975E-03,6.649569359374E-03,
    6.864071596773E-03,7.078573834172E-03,7.293076071572E-03,
    7.507578308971E-03,7.72208054637E-03,7.936582783769E-03,
    8.151085021168E-03,8.365587258567E-03,8.580089495967E-03,
    8.794591733366E-03,9.009093970765E-03,9.223596208164E-03,
    9.438098445563E-03,9.652600682962E-03,9.867102920362E-03,
    1.008160515776E-02,1.029610739516E-02,1.051060963256E-02,
    1.072511186996E-02,1.093961410736E-02,1.115411634476E-02,
    1.136861858216E-02,1.158312081955E-02,1.179762305695E-02,
    1.201212529435E-02,1.222662753175E-02,1.244112976915E-02,
    1.265563200655E-02,1.287013424395E-02,1.308463648135E-02,
    1.329913871875E-02,1.351364095615E-02,1.372814319355E-02,
    1.394264543095E-02,1.415714766834E-02),.QUASI_UNIFORM_KNOTS.);
#9617 = CARTESIAN_POINT('',(0.,0.904913442125));
#9618 = CARTESIAN_POINT('',(2.26311669849E-03,0.904988883359));
#9619 = CARTESIAN_POINT('',(6.782685947111E-03,0.905140150438));
#9620 = CARTESIAN_POINT('',(1.349202617839E-02,0.905368210746));
#9621 = CARTESIAN_POINT('',(2.003882766587E-02,0.905597413844));
#9622 = CARTESIAN_POINT('',(2.647932897688E-02,0.905827822465));
#9623 = CARTESIAN_POINT('',(3.28266825367E-02,0.906059182946));
#9624 = CARTESIAN_POINT('',(3.900376866764E-02,0.906291476012));
#9625 = CARTESIAN_POINT('',(4.514488736789E-02,0.906525060906));
#9626 = CARTESIAN_POINT('',(5.120108900427E-02,0.906761178452));
#9627 = CARTESIAN_POINT('',(5.725586384767E-02,0.906995114864));
#9628 = CARTESIAN_POINT('',(6.34165062334E-02,0.90722742752));
#9629 = CARTESIAN_POINT('',(6.976220583287E-02,0.907458550935));
#9630 = CARTESIAN_POINT('',(7.627962965605E-02,0.907688938781));
#9631 = CARTESIAN_POINT('',(8.286185609645E-02,0.907919058104));
#9632 = CARTESIAN_POINT('',(8.953794060549E-02,0.908147053359));
#9633 = CARTESIAN_POINT('',(9.623615566722E-02,0.908373368985));
#9634 = CARTESIAN_POINT('',(0.102950061904,0.908598048426));
#9635 = CARTESIAN_POINT('',(0.109728345085,0.908821131729));
#9636 = CARTESIAN_POINT('',(0.116494529943,0.909043403782));
#9637 = CARTESIAN_POINT('',(0.123357478847,0.909265272152));
#9638 = CARTESIAN_POINT('',(0.130332946572,0.909487162033));
#9639 = CARTESIAN_POINT('',(0.137282862833,0.909709509466));
#9640 = CARTESIAN_POINT('',(0.144490166443,0.909932769835));
#9641 = CARTESIAN_POINT('',(0.151554466064,0.91015632125));
#9642 = CARTESIAN_POINT('',(0.158373834246,0.910379743172));
#9643 = CARTESIAN_POINT('',(0.165266655293,0.910602260131));
#9644 = CARTESIAN_POINT('',(0.172136965675,0.910824486307));
#9645 = CARTESIAN_POINT('',(0.178977532699,0.9110470704));
#9646 = CARTESIAN_POINT('',(0.185866385379,0.911270422897));
#9647 = CARTESIAN_POINT('',(0.192647974989,0.911494808973));
#9648 = CARTESIAN_POINT('',(0.199559192655,0.911721384631));
#9649 = CARTESIAN_POINT('',(0.206381586201,0.911950050967));
#9650 = CARTESIAN_POINT('',(0.212910209027,0.912180313416));
#9651 = CARTESIAN_POINT('',(0.219392229242,0.912411784533));
#9652 = CARTESIAN_POINT('',(0.225705695266,0.912644004763));
#9653 = CARTESIAN_POINT('',(0.231651113901,0.912877431605));
#9654 = CARTESIAN_POINT('',(0.237568389534,0.913112246031));
#9655 = CARTESIAN_POINT('',(0.243522755022,0.913349822942));
#9656 = CARTESIAN_POINT('',(0.249716114913,0.913587096618));
#9657 = CARTESIAN_POINT('',(0.25621978285,0.913822309358));
#9658 = CARTESIAN_POINT('',(0.262920817962,0.914056471958));
#9659 = CARTESIAN_POINT('',(0.26968824754,0.914289987927));
#9660 = CARTESIAN_POINT('',(0.276196012324,0.914522852714));
#9661 = CARTESIAN_POINT('',(0.282472442218,0.914752688841));
#9662 = CARTESIAN_POINT('',(0.288825182162,0.914980601581));
#9663 = CARTESIAN_POINT('',(0.295391350585,0.915206888312));
#9664 = CARTESIAN_POINT('',(0.302247612986,0.915432052892));
#9665 = CARTESIAN_POINT('',(0.309383330648,0.915656530567));
#9666 = CARTESIAN_POINT('',(0.316699657025,0.91588077522));
#9667 = CARTESIAN_POINT('',(0.324041656976,0.916105186545));
#9668 = CARTESIAN_POINT('',(0.331072287128,0.916330314859));
#9669 = CARTESIAN_POINT('',(0.338298301357,0.916555685897));
#9670 = CARTESIAN_POINT('',(0.345380453516,0.916780941791));
#9671 = CARTESIAN_POINT('',(0.352283495387,0.917005821957));
#9672 = CARTESIAN_POINT('',(0.359264152225,0.917229760799));
#9673 = CARTESIAN_POINT('',(0.366179435734,0.917453709483));
#9674 = CARTESIAN_POINT('',(0.373098273783,0.917678177966));
#9675 = CARTESIAN_POINT('',(0.380068655434,0.917903616118));
#9676 = CARTESIAN_POINT('',(0.38692249201,0.918130349785));
#9677 = CARTESIAN_POINT('',(0.393981070983,0.918359432373));
#9678 = CARTESIAN_POINT('',(0.400869471445,0.91859035272));
#9679 = CARTESIAN_POINT('',(0.407421964903,0.918822587425));
#9680 = CARTESIAN_POINT('',(0.413936101171,0.919055404301));
#9681 = CARTESIAN_POINT('',(0.420408334949,0.919288879873));
#9682 = CARTESIAN_POINT('',(0.42675118319,0.919523779702));
#9683 = CARTESIAN_POINT('',(0.433062187774,0.919760493106));
#9684 = CARTESIAN_POINT('',(0.437191152755,0.919919852854));
#9685 = CARTESIAN_POINT('',(0.439230483262,0.92));
#9686 = ( GEOMETRIC_REPRESENTATION_CONTEXT(2) 
PARAMETRIC_REPRESENTATION_CONTEXT() REPRESENTATION_CONTEXT('2D SPACE',''
  ) );
#9687 = ORIENTED_EDGE('',*,*,#9688,.F.);
#9688 = EDGE_CURVE('',#8652,#9507,#9689,.T.);
#9689 = SURFACE_CURVE('',#9690,(#9694,#9701),.PCURVE_S1.);
#9690 = LINE('',#9691,#9692);
#9691 = CARTESIAN_POINT('',(-25.5,-6.,0.));
#9692 = VECTOR('',#9693,1.);
#9693 = DIRECTION('',(-0.707106781187,-0.707106781187,0.));
#9694 = PCURVE('',#3349,#9695);
#9695 = DEFINITIONAL_REPRESENTATION('',(#9696),#9700);
#9696 = LINE('',#9697,#9698);
#9697 = CARTESIAN_POINT('',(0.,-7.850462293419E-17));
#9698 = VECTOR('',#9699,1.);
#9699 = DIRECTION('',(0.,1.));
#9700 = ( GEOMETRIC_REPRESENTATION_CONTEXT(2) 
PARAMETRIC_REPRESENTATION_CONTEXT() REPRESENTATION_CONTEXT('2D SPACE',''
  ) );
#9701 = PCURVE('',#8700,#9702);
#9702 = DEFINITIONAL_REPRESENTATION('',(#9703),#9707);
#9703 = LINE('',#9704,#9705);
#9704 = CARTESIAN_POINT('',(6.28318530718,-7.850462293419E-17));
#9705 = VECTOR('',#9706,1.);
#9706 = DIRECTION('',(0.,1.));
#9707 = ( GEOMETRIC_REPRESENTATION_CONTEXT(2) 
PARAMETRIC_REPRESENTATION_CONTEXT() REPRESENTATION_CONTEXT('2D SPACE',''
  ) );
#9708 = ADVANCED_FACE('',(#9709),#9724,.T.);
#9709 = FACE_BOUND('',#9710,.T.);
#9710 = EDGE_LOOP('',(#9711,#9742,#9770,#9799));
#9711 = ORIENTED_EDGE('',*,*,#9712,.F.);
#9712 = EDGE_CURVE('',#9713,#9715,#9717,.T.);
#9713 = VERTEX_POINT('',#9714);
#9714 = CARTESIAN_POINT('',(-25.,-5.4,6.613092715396E-16));
#9715 = VERTEX_POINT('',#9716);
#9716 = CARTESIAN_POINT('',(-25.,5.4,0.));
#9717 = SURFACE_CURVE('',#9718,(#9723,#9735),.PCURVE_S1.);
#9718 = CIRCLE('',#9719,5.4);
#9719 = AXIS2_PLACEMENT_3D('',#9720,#9721,#9722);
#9720 = CARTESIAN_POINT('',(-25.,8.326672684689E-15,0.));
#9721 = DIRECTION('',(-1.,3.330669073875E-16,0.));
#9722 = DIRECTION('',(-3.330669073875E-16,-1.,0.));
#9723 = PCURVE('',#9724,#9729);
#9724 = CYLINDRICAL_SURFACE('',#9725,5.4);
#9725 = AXIS2_PLACEMENT_3D('',#9726,#9727,#9728);
#9726 = CARTESIAN_POINT('',(-25.,8.326672684689E-15,0.));
#9727 = DIRECTION('',(1.,-3.330669073875E-16,0.));
#9728 = DIRECTION('',(3.330669073875E-16,1.,0.));
#9729 = DEFINITIONAL_REPRESENTATION('',(#9730),#9734);
#9730 = LINE('',#9731,#9732);
#9731 = CARTESIAN_POINT('',(3.14159265359,0.));
#9732 = VECTOR('',#9733,1.);
#9733 = DIRECTION('',(-1.,0.));
#9734 = ( GEOMETRIC_REPRESENTATION_CONTEXT(2) 
PARAMETRIC_REPRESENTATION_CONTEXT() REPRESENTATION_CONTEXT('2D SPACE',''
  ) );
#9735 = PCURVE('',#8668,#9736);
#9736 = DEFINITIONAL_REPRESENTATION('',(#9737),#9741);
#9737 = CIRCLE('',#9738,5.4);
#9738 = AXIS2_PLACEMENT_2D('',#9739,#9740);
#9739 = CARTESIAN_POINT('',(0.,0.));
#9740 = DIRECTION('',(1.,0.));
#9741 = ( GEOMETRIC_REPRESENTATION_CONTEXT(2) 
PARAMETRIC_REPRESENTATION_CONTEXT() REPRESENTATION_CONTEXT('2D SPACE',''
  ) );
#9742 = ORIENTED_EDGE('',*,*,#9743,.T.);
#9743 = EDGE_CURVE('',#9713,#9744,#9746,.T.);
#9744 = VERTEX_POINT('',#9745);
#9745 = CARTESIAN_POINT('',(-24.5,-5.4,6.613092715396E-16));
#9746 = SURFACE_CURVE('',#9747,(#9751,#9758),.PCURVE_S1.);
#9747 = LINE('',#9748,#9749);
#9748 = CARTESIAN_POINT('',(-25.,-5.4,6.613092715396E-16));
#9749 = VECTOR('',#9750,1.);
#9750 = DIRECTION('',(1.,-3.330669073875E-16,0.));
#9751 = PCURVE('',#9724,#9752);
#9752 = DEFINITIONAL_REPRESENTATION('',(#9753),#9757);
#9753 = LINE('',#9754,#9755);
#9754 = CARTESIAN_POINT('',(3.14159265359,0.));
#9755 = VECTOR('',#9756,1.);
#9756 = DIRECTION('',(0.,1.));
#9757 = ( GEOMETRIC_REPRESENTATION_CONTEXT(2) 
PARAMETRIC_REPRESENTATION_CONTEXT() REPRESENTATION_CONTEXT('2D SPACE',''
  ) );
#9758 = PCURVE('',#9759,#9764);
#9759 = CYLINDRICAL_SURFACE('',#9760,5.4);
#9760 = AXIS2_PLACEMENT_3D('',#9761,#9762,#9763);
#9761 = CARTESIAN_POINT('',(-25.,8.326672684689E-15,0.));
#9762 = DIRECTION('',(1.,-3.330669073875E-16,0.));
#9763 = DIRECTION('',(3.330669073875E-16,1.,0.));
#9764 = DEFINITIONAL_REPRESENTATION('',(#9765),#9769);
#9765 = LINE('',#9766,#9767);
#9766 = CARTESIAN_POINT('',(3.14159265359,0.));
#9767 = VECTOR('',#9768,1.);
#9768 = DIRECTION('',(0.,1.));
#9769 = ( GEOMETRIC_REPRESENTATION_CONTEXT(2) 
PARAMETRIC_REPRESENTATION_CONTEXT() REPRESENTATION_CONTEXT('2D SPACE',''
  ) );
#9770 = ORIENTED_EDGE('',*,*,#9771,.T.);
#9771 = EDGE_CURVE('',#9744,#9772,#9774,.T.);
#9772 = VERTEX_POINT('',#9773);
#9773 = CARTESIAN_POINT('',(-24.5,5.4,0.));
#9774 = SURFACE_CURVE('',#9775,(#9780,#9787),.PCURVE_S1.);
#9775 = CIRCLE('',#9776,5.4);
#9776 = AXIS2_PLACEMENT_3D('',#9777,#9778,#9779);
#9777 = CARTESIAN_POINT('',(-24.5,8.160139230995E-15,0.));
#9778 = DIRECTION('',(-1.,3.330669073875E-16,0.));
#9779 = DIRECTION('',(-3.330669073875E-16,-1.,0.));
#9780 = PCURVE('',#9724,#9781);
#9781 = DEFINITIONAL_REPRESENTATION('',(#9782),#9786);
#9782 = LINE('',#9783,#9784);
#9783 = CARTESIAN_POINT('',(3.14159265359,0.5));
#9784 = VECTOR('',#9785,1.);
#9785 = DIRECTION('',(-1.,0.));
#9786 = ( GEOMETRIC_REPRESENTATION_CONTEXT(2) 
PARAMETRIC_REPRESENTATION_CONTEXT() REPRESENTATION_CONTEXT('2D SPACE',''
  ) );
#9787 = PCURVE('',#9788,#9793);
#9788 = PLANE('',#9789);
#9789 = AXIS2_PLACEMENT_3D('',#9790,#9791,#9792);
#9790 = CARTESIAN_POINT('',(-24.5,-6.,0.));
#9791 = DIRECTION('',(-1.,3.330669073875E-16,0.));
#9792 = DIRECTION('',(-3.330669073875E-16,-1.,0.));
#9793 = DEFINITIONAL_REPRESENTATION('',(#9794),#9798);
#9794 = CIRCLE('',#9795,5.4);
#9795 = AXIS2_PLACEMENT_2D('',#9796,#9797);
#9796 = CARTESIAN_POINT('',(-6.,0.));
#9797 = DIRECTION('',(1.,0.));
#9798 = ( GEOMETRIC_REPRESENTATION_CONTEXT(2) 
PARAMETRIC_REPRESENTATION_CONTEXT() REPRESENTATION_CONTEXT('2D SPACE',''
  ) );
#9799 = ORIENTED_EDGE('',*,*,#9800,.F.);
#9800 = EDGE_CURVE('',#9715,#9772,#9801,.T.);
#9801 = SURFACE_CURVE('',#9802,(#9806,#9813),.PCURVE_S1.);
#9802 = LINE('',#9803,#9804);
#9803 = CARTESIAN_POINT('',(-25.,5.4,0.));
#9804 = VECTOR('',#9805,1.);
#9805 = DIRECTION('',(1.,-3.330669073875E-16,0.));
#9806 = PCURVE('',#9724,#9807);
#9807 = DEFINITIONAL_REPRESENTATION('',(#9808),#9812);
#9808 = LINE('',#9809,#9810);
#9809 = CARTESIAN_POINT('',(0.,0.));
#9810 = VECTOR('',#9811,1.);
#9811 = DIRECTION('',(0.,1.));
#9812 = ( GEOMETRIC_REPRESENTATION_CONTEXT(2) 
PARAMETRIC_REPRESENTATION_CONTEXT() REPRESENTATION_CONTEXT('2D SPACE',''
  ) );
#9813 = PCURVE('',#9759,#9814);
#9814 = DEFINITIONAL_REPRESENTATION('',(#9815),#9819);
#9815 = LINE('',#9816,#9817);
#9816 = CARTESIAN_POINT('',(6.28318530718,0.));
#9817 = VECTOR('',#9818,1.);
#9818 = DIRECTION('',(0.,1.));
#9819 = ( GEOMETRIC_REPRESENTATION_CONTEXT(2) 
PARAMETRIC_REPRESENTATION_CONTEXT() REPRESENTATION_CONTEXT('2D SPACE',''
  ) );
#9820 = ADVANCED_FACE('',(#9821),#9836,.T.);
#9821 = FACE_BOUND('',#9822,.T.);
#9822 = EDGE_LOOP('',(#9823,#9854,#9882,#9911));
#9823 = ORIENTED_EDGE('',*,*,#9824,.F.);
#9824 = EDGE_CURVE('',#9825,#9827,#9829,.T.);
#9825 = VERTEX_POINT('',#9826);
#9826 = CARTESIAN_POINT('',(-24.5,-7.75,9.644093543285E-16));
#9827 = VERTEX_POINT('',#9828);
#9828 = CARTESIAN_POINT('',(-24.5,7.75,0.));
#9829 = SURFACE_CURVE('',#9830,(#9835,#9847),.PCURVE_S1.);
#9830 = CIRCLE('',#9831,7.75);
#9831 = AXIS2_PLACEMENT_3D('',#9832,#9833,#9834);
#9832 = CARTESIAN_POINT('',(-24.5,8.160139230995E-15,0.));
#9833 = DIRECTION('',(-1.,3.330669073875E-16,0.));
#9834 = DIRECTION('',(-3.330669073875E-16,-1.,0.));
#9835 = PCURVE('',#9836,#9841);
#9836 = CONICAL_SURFACE('',#9837,7.75,0.785398163397);
#9837 = AXIS2_PLACEMENT_3D('',#9838,#9839,#9840);
#9838 = CARTESIAN_POINT('',(-24.5,8.160139230995E-15,0.));
#9839 = DIRECTION('',(1.,-3.330669073875E-16,0.));
#9840 = DIRECTION('',(3.330669073875E-16,1.,0.));
#9841 = DEFINITIONAL_REPRESENTATION('',(#9842),#9846);
#9842 = LINE('',#9843,#9844);
#9843 = CARTESIAN_POINT('',(3.14159265359,0.));
#9844 = VECTOR('',#9845,1.);
#9845 = DIRECTION('',(-1.,0.));
#9846 = ( GEOMETRIC_REPRESENTATION_CONTEXT(2) 
PARAMETRIC_REPRESENTATION_CONTEXT() REPRESENTATION_CONTEXT('2D SPACE',''
  ) );
#9847 = PCURVE('',#9788,#9848);
#9848 = DEFINITIONAL_REPRESENTATION('',(#9849),#9853);
#9849 = CIRCLE('',#9850,7.75);
#9850 = AXIS2_PLACEMENT_2D('',#9851,#9852);
#9851 = CARTESIAN_POINT('',(-6.,0.));
#9852 = DIRECTION('',(1.,0.));
#9853 = ( GEOMETRIC_REPRESENTATION_CONTEXT(2) 
PARAMETRIC_REPRESENTATION_CONTEXT() REPRESENTATION_CONTEXT('2D SPACE',''
  ) );
#9854 = ORIENTED_EDGE('',*,*,#9855,.T.);
#9855 = EDGE_CURVE('',#9825,#9856,#9858,.T.);
#9856 = VERTEX_POINT('',#9857);
#9857 = CARTESIAN_POINT('',(-24.25,-8.,0.));
#9858 = SURFACE_CURVE('',#9859,(#9863,#9870),.PCURVE_S1.);
#9859 = LINE('',#9860,#9861);
#9860 = CARTESIAN_POINT('',(-24.5,-7.75,9.491012693392E-16));
#9861 = VECTOR('',#9862,1.);
#9862 = DIRECTION('',(0.707106781187,-0.707106781187,8.659560562355E-17)
  );
#9863 = PCURVE('',#9836,#9864);
#9864 = DEFINITIONAL_REPRESENTATION('',(#9865),#9869);
#9865 = LINE('',#9866,#9867);
#9866 = CARTESIAN_POINT('',(3.14159265359,-9.373498641637E-34));
#9867 = VECTOR('',#9868,1.);
#9868 = DIRECTION('',(0.,1.));
#9869 = ( GEOMETRIC_REPRESENTATION_CONTEXT(2) 
PARAMETRIC_REPRESENTATION_CONTEXT() REPRESENTATION_CONTEXT('2D SPACE',''
  ) );
#9870 = PCURVE('',#9871,#9876);
#9871 = CONICAL_SURFACE('',#9872,7.75,0.785398163397);
#9872 = AXIS2_PLACEMENT_3D('',#9873,#9874,#9875);
#9873 = CARTESIAN_POINT('',(-24.5,8.160139230995E-15,0.));
#9874 = DIRECTION('',(1.,-3.330669073875E-16,0.));
#9875 = DIRECTION('',(3.330669073875E-16,1.,0.));
#9876 = DEFINITIONAL_REPRESENTATION('',(#9877),#9881);
#9877 = LINE('',#9878,#9879);
#9878 = CARTESIAN_POINT('',(3.14159265359,-9.373498641637E-34));
#9879 = VECTOR('',#9880,1.);
#9880 = DIRECTION('',(0.,1.));
#9881 = ( GEOMETRIC_REPRESENTATION_CONTEXT(2) 
PARAMETRIC_REPRESENTATION_CONTEXT() REPRESENTATION_CONTEXT('2D SPACE',''
  ) );
#9882 = ORIENTED_EDGE('',*,*,#9883,.F.);
#9883 = EDGE_CURVE('',#9884,#9856,#9886,.T.);
#9884 = VERTEX_POINT('',#9885);
#9885 = CARTESIAN_POINT('',(-24.25,8.,9.797174393179E-16));
#9886 = SURFACE_CURVE('',#9887,(#9892,#9899),.PCURVE_S1.);
#9887 = CIRCLE('',#9888,8.);
#9888 = AXIS2_PLACEMENT_3D('',#9889,#9890,#9891);
#9889 = CARTESIAN_POINT('',(-24.25,8.076872504148E-15,0.));
#9890 = DIRECTION('',(1.,-3.330669073875E-16,0.));
#9891 = DIRECTION('',(-3.330669073875E-16,-1.,0.));
#9892 = PCURVE('',#9836,#9893);
#9893 = DEFINITIONAL_REPRESENTATION('',(#9894),#9898);
#9894 = LINE('',#9895,#9896);
#9895 = CARTESIAN_POINT('',(-3.14159265359,0.25));
#9896 = VECTOR('',#9897,1.);
#9897 = DIRECTION('',(1.,0.));
#9898 = ( GEOMETRIC_REPRESENTATION_CONTEXT(2) 
PARAMETRIC_REPRESENTATION_CONTEXT() REPRESENTATION_CONTEXT('2D SPACE',''
  ) );
#9899 = PCURVE('',#9900,#9905);
#9900 = CYLINDRICAL_SURFACE('',#9901,8.);
#9901 = AXIS2_PLACEMENT_3D('',#9902,#9903,#9904);
#9902 = CARTESIAN_POINT('',(-36.5,1.215694211965E-14,0.));
#9903 = DIRECTION('',(-1.,3.330669073875E-16,-0.));
#9904 = DIRECTION('',(-3.330669073875E-16,-1.,0.));
#9905 = DEFINITIONAL_REPRESENTATION('',(#9906),#9910);
#9906 = LINE('',#9907,#9908);
#9907 = CARTESIAN_POINT('',(6.28318530718,-12.25));
#9908 = VECTOR('',#9909,1.);
#9909 = DIRECTION('',(-1.,0.));
#9910 = ( GEOMETRIC_REPRESENTATION_CONTEXT(2) 
PARAMETRIC_REPRESENTATION_CONTEXT() REPRESENTATION_CONTEXT('2D SPACE',''
  ) );
#9911 = ORIENTED_EDGE('',*,*,#9912,.F.);
#9912 = EDGE_CURVE('',#9827,#9884,#9913,.T.);
#9913 = SURFACE_CURVE('',#9914,(#9918,#9925),.PCURVE_S1.);
#9914 = LINE('',#9915,#9916);
#9915 = CARTESIAN_POINT('',(-24.5,7.75,0.));
#9916 = VECTOR('',#9917,1.);
#9917 = DIRECTION('',(0.707106781187,0.707106781187,0.));
#9918 = PCURVE('',#9836,#9919);
#9919 = DEFINITIONAL_REPRESENTATION('',(#9920),#9924);
#9920 = LINE('',#9921,#9922);
#9921 = CARTESIAN_POINT('',(0.,0.));
#9922 = VECTOR('',#9923,1.);
#9923 = DIRECTION('',(0.,1.));
#9924 = ( GEOMETRIC_REPRESENTATION_CONTEXT(2) 
PARAMETRIC_REPRESENTATION_CONTEXT() REPRESENTATION_CONTEXT('2D SPACE',''
  ) );
#9925 = PCURVE('',#9871,#9926);
#9926 = DEFINITIONAL_REPRESENTATION('',(#9927),#9931);
#9927 = LINE('',#9928,#9929);
#9928 = CARTESIAN_POINT('',(6.28318530718,0.));
#9929 = VECTOR('',#9930,1.);
#9930 = DIRECTION('',(0.,1.));
#9931 = ( GEOMETRIC_REPRESENTATION_CONTEXT(2) 
PARAMETRIC_REPRESENTATION_CONTEXT() REPRESENTATION_CONTEXT('2D SPACE',''
  ) );
#9932 = ADVANCED_FACE('',(#9933),#9900,.T.);
#9933 = FACE_BOUND('',#9934,.T.);
#9934 = EDGE_LOOP('',(#9935,#9966,#9992,#9993));
#9935 = ORIENTED_EDGE('',*,*,#9936,.T.);
#9936 = EDGE_CURVE('',#9937,#9939,#9941,.T.);
#9937 = VERTEX_POINT('',#9938);
#9938 = CARTESIAN_POINT('',(-2.3,-8.,0.));
#9939 = VERTEX_POINT('',#9940);
#9940 = CARTESIAN_POINT('',(-2.3,8.,9.797174393179E-16));
#9941 = SURFACE_CURVE('',#9942,(#9947,#9954),.PCURVE_S1.);
#9942 = CIRCLE('',#9943,8.);
#9943 = AXIS2_PLACEMENT_3D('',#9944,#9945,#9946);
#9944 = CARTESIAN_POINT('',(-2.3,7.660538869914E-16,0.));
#9945 = DIRECTION('',(-1.,3.330669073875E-16,0.));
#9946 = DIRECTION('',(-3.330669073875E-16,-1.,0.));
#9947 = PCURVE('',#9900,#9948);
#9948 = DEFINITIONAL_REPRESENTATION('',(#9949),#9953);
#9949 = LINE('',#9950,#9951);
#9950 = CARTESIAN_POINT('',(0.,-34.2));
#9951 = VECTOR('',#9952,1.);
#9952 = DIRECTION('',(1.,0.));
#9953 = ( GEOMETRIC_REPRESENTATION_CONTEXT(2) 
PARAMETRIC_REPRESENTATION_CONTEXT() REPRESENTATION_CONTEXT('2D SPACE',''
  ) );
#9954 = PCURVE('',#9955,#9960);
#9955 = PLANE('',#9956);
#9956 = AXIS2_PLACEMENT_3D('',#9957,#9958,#9959);
#9957 = CARTESIAN_POINT('',(-2.3,-8.,0.));
#9958 = DIRECTION('',(-1.,3.330669073875E-16,0.));
#9959 = DIRECTION('',(-3.330669073875E-16,-1.,0.));
#9960 = DEFINITIONAL_REPRESENTATION('',(#9961),#9965);
#9961 = CIRCLE('',#9962,8.);
#9962 = AXIS2_PLACEMENT_2D('',#9963,#9964);
#9963 = CARTESIAN_POINT('',(-8.,0.));
#9964 = DIRECTION('',(1.,0.));
#9965 = ( GEOMETRIC_REPRESENTATION_CONTEXT(2) 
PARAMETRIC_REPRESENTATION_CONTEXT() REPRESENTATION_CONTEXT('2D SPACE',''
  ) );
#9966 = ORIENTED_EDGE('',*,*,#9967,.T.);
#9967 = EDGE_CURVE('',#9939,#9884,#9968,.T.);
#9968 = SURFACE_CURVE('',#9969,(#9973,#9980),.PCURVE_S1.);
#9969 = LINE('',#9970,#9971);
#9970 = CARTESIAN_POINT('',(-36.5,8.,9.797174393179E-16));
#9971 = VECTOR('',#9972,1.);
#9972 = DIRECTION('',(-1.,3.330669073875E-16,-0.));
#9973 = PCURVE('',#9900,#9974);
#9974 = DEFINITIONAL_REPRESENTATION('',(#9975),#9979);
#9975 = LINE('',#9976,#9977);
#9976 = CARTESIAN_POINT('',(3.14159265359,0.));
#9977 = VECTOR('',#9978,1.);
#9978 = DIRECTION('',(0.,1.));
#9979 = ( GEOMETRIC_REPRESENTATION_CONTEXT(2) 
PARAMETRIC_REPRESENTATION_CONTEXT() REPRESENTATION_CONTEXT('2D SPACE',''
  ) );
#9980 = PCURVE('',#9981,#9986);
#9981 = CYLINDRICAL_SURFACE('',#9982,8.);
#9982 = AXIS2_PLACEMENT_3D('',#9983,#9984,#9985);
#9983 = CARTESIAN_POINT('',(-36.5,1.215694211965E-14,0.));
#9984 = DIRECTION('',(-1.,3.330669073875E-16,-0.));
#9985 = DIRECTION('',(-3.330669073875E-16,-1.,0.));
#9986 = DEFINITIONAL_REPRESENTATION('',(#9987),#9991);
#9987 = LINE('',#9988,#9989);
#9988 = CARTESIAN_POINT('',(3.14159265359,0.));
#9989 = VECTOR('',#9990,1.);
#9990 = DIRECTION('',(0.,1.));
#9991 = ( GEOMETRIC_REPRESENTATION_CONTEXT(2) 
PARAMETRIC_REPRESENTATION_CONTEXT() REPRESENTATION_CONTEXT('2D SPACE',''
  ) );
#9992 = ORIENTED_EDGE('',*,*,#9883,.T.);
#9993 = ORIENTED_EDGE('',*,*,#9994,.F.);
#9994 = EDGE_CURVE('',#9937,#9856,#9995,.T.);
#9995 = SURFACE_CURVE('',#9996,(#10000,#10007),.PCURVE_S1.);
#9996 = LINE('',#9997,#9998);
#9997 = CARTESIAN_POINT('',(-36.5,-8.,0.));
#9998 = VECTOR('',#9999,1.);
#9999 = DIRECTION('',(-1.,3.330669073875E-16,-0.));
#10000 = PCURVE('',#9900,#10001);
#10001 = DEFINITIONAL_REPRESENTATION('',(#10002),#10006);
#10002 = LINE('',#10003,#10004);
#10003 = CARTESIAN_POINT('',(0.,0.));
#10004 = VECTOR('',#10005,1.);
#10005 = DIRECTION('',(0.,1.));
#10006 = ( GEOMETRIC_REPRESENTATION_CONTEXT(2) 
PARAMETRIC_REPRESENTATION_CONTEXT() REPRESENTATION_CONTEXT('2D SPACE',''
  ) );
#10007 = PCURVE('',#9981,#10008);
#10008 = DEFINITIONAL_REPRESENTATION('',(#10009),#10013);
#10009 = LINE('',#10010,#10011);
#10010 = CARTESIAN_POINT('',(6.28318530718,0.));
#10011 = VECTOR('',#10012,1.);
#10012 = DIRECTION('',(0.,1.));
#10013 = ( GEOMETRIC_REPRESENTATION_CONTEXT(2) 
PARAMETRIC_REPRESENTATION_CONTEXT() REPRESENTATION_CONTEXT('2D SPACE',''
  ) );
#10014 = ADVANCED_FACE('',(#10015),#10030,.T.);
#10015 = FACE_BOUND('',#10016,.T.);
#10016 = EDGE_LOOP('',(#10017,#10048,#10076,#10105));
#10017 = ORIENTED_EDGE('',*,*,#10018,.F.);
#10018 = EDGE_CURVE('',#10019,#10021,#10023,.T.);
#10019 = VERTEX_POINT('',#10020);
#10020 = CARTESIAN_POINT('',(-2.3,-10.85,1.344049862064E-15));
#10021 = VERTEX_POINT('',#10022);
#10022 = CARTESIAN_POINT('',(-2.3,10.85,0.));
#10023 = SURFACE_CURVE('',#10024,(#10029,#10041),.PCURVE_S1.);
#10024 = CIRCLE('',#10025,10.85);
#10025 = AXIS2_PLACEMENT_3D('',#10026,#10027,#10028);
#10026 = CARTESIAN_POINT('',(-2.3,7.660538869914E-16,0.));
#10027 = DIRECTION('',(-1.,3.330669073875E-16,0.));
#10028 = DIRECTION('',(-3.330669073875E-16,-1.,0.));
#10029 = PCURVE('',#10030,#10035);
#10030 = CONICAL_SURFACE('',#10031,10.85,0.785398163397);
#10031 = AXIS2_PLACEMENT_3D('',#10032,#10033,#10034);
#10032 = CARTESIAN_POINT('',(-2.3,7.660538869914E-16,0.));
#10033 = DIRECTION('',(1.,-3.330669073875E-16,0.));
#10034 = DIRECTION('',(3.330669073875E-16,1.,0.));
#10035 = DEFINITIONAL_REPRESENTATION('',(#10036),#10040);
#10036 = LINE('',#10037,#10038);
#10037 = CARTESIAN_POINT('',(3.14159265359,0.));
#10038 = VECTOR('',#10039,1.);
#10039 = DIRECTION('',(-1.,0.));
#10040 = ( GEOMETRIC_REPRESENTATION_CONTEXT(2) 
PARAMETRIC_REPRESENTATION_CONTEXT() REPRESENTATION_CONTEXT('2D SPACE',''
  ) );
#10041 = PCURVE('',#9955,#10042);
#10042 = DEFINITIONAL_REPRESENTATION('',(#10043),#10047);
#10043 = CIRCLE('',#10044,10.85);
#10044 = AXIS2_PLACEMENT_2D('',#10045,#10046);
#10045 = CARTESIAN_POINT('',(-8.,0.));
#10046 = DIRECTION('',(1.,0.));
#10047 = ( GEOMETRIC_REPRESENTATION_CONTEXT(2) 
PARAMETRIC_REPRESENTATION_CONTEXT() REPRESENTATION_CONTEXT('2D SPACE',''
  ) );
#10048 = ORIENTED_EDGE('',*,*,#10049,.T.);
#10049 = EDGE_CURVE('',#10019,#10050,#10052,.T.);
#10050 = VERTEX_POINT('',#10051);
#10051 = CARTESIAN_POINT('',(-2.05,-11.1,0.));
#10052 = SURFACE_CURVE('',#10053,(#10057,#10064),.PCURVE_S1.);
#10053 = LINE('',#10054,#10055);
#10054 = CARTESIAN_POINT('',(-2.3,-10.85,1.328741777075E-15));
#10055 = VECTOR('',#10056,1.);
#10056 = DIRECTION('',(0.707106781187,-0.707106781187,8.659560562355E-17
    ));
#10057 = PCURVE('',#10030,#10058);
#10058 = DEFINITIONAL_REPRESENTATION('',(#10059),#10063);
#10059 = LINE('',#10060,#10061);
#10060 = CARTESIAN_POINT('',(3.14159265359,-9.373498641636E-34));
#10061 = VECTOR('',#10062,1.);
#10062 = DIRECTION('',(0.,1.));
#10063 = ( GEOMETRIC_REPRESENTATION_CONTEXT(2) 
PARAMETRIC_REPRESENTATION_CONTEXT() REPRESENTATION_CONTEXT('2D SPACE',''
  ) );
#10064 = PCURVE('',#10065,#10070);
#10065 = CONICAL_SURFACE('',#10066,10.85,0.785398163397);
#10066 = AXIS2_PLACEMENT_3D('',#10067,#10068,#10069);
#10067 = CARTESIAN_POINT('',(-2.3,7.660538869914E-16,0.));
#10068 = DIRECTION('',(1.,-3.330669073875E-16,0.));
#10069 = DIRECTION('',(3.330669073875E-16,1.,0.));
#10070 = DEFINITIONAL_REPRESENTATION('',(#10071),#10075);
#10071 = LINE('',#10072,#10073);
#10072 = CARTESIAN_POINT('',(3.14159265359,-9.373498641636E-34));
#10073 = VECTOR('',#10074,1.);
#10074 = DIRECTION('',(0.,1.));
#10075 = ( GEOMETRIC_REPRESENTATION_CONTEXT(2) 
PARAMETRIC_REPRESENTATION_CONTEXT() REPRESENTATION_CONTEXT('2D SPACE',''
  ) );
#10076 = ORIENTED_EDGE('',*,*,#10077,.F.);
#10077 = EDGE_CURVE('',#10078,#10050,#10080,.T.);
#10078 = VERTEX_POINT('',#10079);
#10079 = CARTESIAN_POINT('',(-2.05,11.1,1.359357947054E-15));
#10080 = SURFACE_CURVE('',#10081,(#10086,#10093),.PCURVE_S1.);
#10081 = CIRCLE('',#10082,11.1);
#10082 = AXIS2_PLACEMENT_3D('',#10083,#10084,#10085);
#10083 = CARTESIAN_POINT('',(-2.05,6.827871601445E-16,0.));
#10084 = DIRECTION('',(1.,-3.330669073875E-16,0.));
#10085 = DIRECTION('',(-3.330669073875E-16,-1.,0.));
#10086 = PCURVE('',#10030,#10087);
#10087 = DEFINITIONAL_REPRESENTATION('',(#10088),#10092);
#10088 = LINE('',#10089,#10090);
#10089 = CARTESIAN_POINT('',(-3.14159265359,0.25));
#10090 = VECTOR('',#10091,1.);
#10091 = DIRECTION('',(1.,0.));
#10092 = ( GEOMETRIC_REPRESENTATION_CONTEXT(2) 
PARAMETRIC_REPRESENTATION_CONTEXT() REPRESENTATION_CONTEXT('2D SPACE',''
  ) );
#10093 = PCURVE('',#10094,#10099);
#10094 = CYLINDRICAL_SURFACE('',#10095,11.1);
#10095 = AXIS2_PLACEMENT_3D('',#10096,#10097,#10098);
#10096 = CARTESIAN_POINT('',(-36.5,1.215694211965E-14,0.));
#10097 = DIRECTION('',(-1.,3.330669073875E-16,-0.));
#10098 = DIRECTION('',(-3.330669073875E-16,-1.,0.));
#10099 = DEFINITIONAL_REPRESENTATION('',(#10100),#10104);
#10100 = LINE('',#10101,#10102);
#10101 = CARTESIAN_POINT('',(6.28318530718,-34.45));
#10102 = VECTOR('',#10103,1.);
#10103 = DIRECTION('',(-1.,0.));
#10104 = ( GEOMETRIC_REPRESENTATION_CONTEXT(2) 
PARAMETRIC_REPRESENTATION_CONTEXT() REPRESENTATION_CONTEXT('2D SPACE',''
  ) );
#10105 = ORIENTED_EDGE('',*,*,#10106,.F.);
#10106 = EDGE_CURVE('',#10021,#10078,#10107,.T.);
#10107 = SURFACE_CURVE('',#10108,(#10112,#10119),.PCURVE_S1.);
#10108 = LINE('',#10109,#10110);
#10109 = CARTESIAN_POINT('',(-2.3,10.85,0.));
#10110 = VECTOR('',#10111,1.);
#10111 = DIRECTION('',(0.707106781187,0.707106781187,0.));
#10112 = PCURVE('',#10030,#10113);
#10113 = DEFINITIONAL_REPRESENTATION('',(#10114),#10118);
#10114 = LINE('',#10115,#10116);
#10115 = CARTESIAN_POINT('',(0.,0.));
#10116 = VECTOR('',#10117,1.);
#10117 = DIRECTION('',(0.,1.));
#10118 = ( GEOMETRIC_REPRESENTATION_CONTEXT(2) 
PARAMETRIC_REPRESENTATION_CONTEXT() REPRESENTATION_CONTEXT('2D SPACE',''
  ) );
#10119 = PCURVE('',#10065,#10120);
#10120 = DEFINITIONAL_REPRESENTATION('',(#10121),#10125);
#10121 = LINE('',#10122,#10123);
#10122 = CARTESIAN_POINT('',(6.28318530718,0.));
#10123 = VECTOR('',#10124,1.);
#10124 = DIRECTION('',(0.,1.));
#10125 = ( GEOMETRIC_REPRESENTATION_CONTEXT(2) 
PARAMETRIC_REPRESENTATION_CONTEXT() REPRESENTATION_CONTEXT('2D SPACE',''
  ) );
#10126 = ADVANCED_FACE('',(#10127),#10094,.T.);
#10127 = FACE_BOUND('',#10128,.T.);
#10128 = EDGE_LOOP('',(#10129,#10155,#10181,#10182));
#10129 = ORIENTED_EDGE('',*,*,#10130,.T.);
#10130 = EDGE_CURVE('',#10131,#10133,#10135,.T.);
#10131 = VERTEX_POINT('',#10132);
#10132 = CARTESIAN_POINT('',(7.,-11.1,0.));
#10133 = VERTEX_POINT('',#10134);
#10134 = CARTESIAN_POINT('',(7.,11.1,1.359357947054E-15));
#10135 = SURFACE_CURVE('',#10136,(#10141,#10148),.PCURVE_S1.);
#10136 = CIRCLE('',#10137,11.1);
#10137 = AXIS2_PLACEMENT_3D('',#10138,#10139,#10140);
#10138 = CARTESIAN_POINT('',(7.,-2.331468351713E-15,0.));
#10139 = DIRECTION('',(-1.,3.330669073875E-16,0.));
#10140 = DIRECTION('',(-3.330669073875E-16,-1.,0.));
#10141 = PCURVE('',#10094,#10142);
#10142 = DEFINITIONAL_REPRESENTATION('',(#10143),#10147);
#10143 = LINE('',#10144,#10145);
#10144 = CARTESIAN_POINT('',(0.,-43.5));
#10145 = VECTOR('',#10146,1.);
#10146 = DIRECTION('',(1.,0.));
#10147 = ( GEOMETRIC_REPRESENTATION_CONTEXT(2) 
PARAMETRIC_REPRESENTATION_CONTEXT() REPRESENTATION_CONTEXT('2D SPACE',''
  ) );
#10148 = PCURVE('',#1062,#10149);
#10149 = DEFINITIONAL_REPRESENTATION('',(#10150),#10154);
#10150 = CIRCLE('',#10151,11.1);
#10151 = AXIS2_PLACEMENT_2D('',#10152,#10153);
#10152 = CARTESIAN_POINT('',(-11.1,0.));
#10153 = DIRECTION('',(1.,0.));
#10154 = ( GEOMETRIC_REPRESENTATION_CONTEXT(2) 
PARAMETRIC_REPRESENTATION_CONTEXT() REPRESENTATION_CONTEXT('2D SPACE',''
  ) );
#10155 = ORIENTED_EDGE('',*,*,#10156,.T.);
#10156 = EDGE_CURVE('',#10133,#10078,#10157,.T.);
#10157 = SURFACE_CURVE('',#10158,(#10162,#10169),.PCURVE_S1.);
#10158 = LINE('',#10159,#10160);
#10159 = CARTESIAN_POINT('',(-36.5,11.1,1.359357947054E-15));
#10160 = VECTOR('',#10161,1.);
#10161 = DIRECTION('',(-1.,3.330669073875E-16,-0.));
#10162 = PCURVE('',#10094,#10163);
#10163 = DEFINITIONAL_REPRESENTATION('',(#10164),#10168);
#10164 = LINE('',#10165,#10166);
#10165 = CARTESIAN_POINT('',(3.14159265359,0.));
#10166 = VECTOR('',#10167,1.);
#10167 = DIRECTION('',(0.,1.));
#10168 = ( GEOMETRIC_REPRESENTATION_CONTEXT(2) 
PARAMETRIC_REPRESENTATION_CONTEXT() REPRESENTATION_CONTEXT('2D SPACE',''
  ) );
#10169 = PCURVE('',#10170,#10175);
#10170 = CYLINDRICAL_SURFACE('',#10171,11.1);
#10171 = AXIS2_PLACEMENT_3D('',#10172,#10173,#10174);
#10172 = CARTESIAN_POINT('',(-36.5,1.215694211965E-14,0.));
#10173 = DIRECTION('',(-1.,3.330669073875E-16,-0.));
#10174 = DIRECTION('',(-3.330669073875E-16,-1.,0.));
#10175 = DEFINITIONAL_REPRESENTATION('',(#10176),#10180);
#10176 = LINE('',#10177,#10178);
#10177 = CARTESIAN_POINT('',(3.14159265359,0.));
#10178 = VECTOR('',#10179,1.);
#10179 = DIRECTION('',(0.,1.));
#10180 = ( GEOMETRIC_REPRESENTATION_CONTEXT(2) 
PARAMETRIC_REPRESENTATION_CONTEXT() REPRESENTATION_CONTEXT('2D SPACE',''
  ) );
#10181 = ORIENTED_EDGE('',*,*,#10077,.T.);
#10182 = ORIENTED_EDGE('',*,*,#10183,.F.);
#10183 = EDGE_CURVE('',#10131,#10050,#10184,.T.);
#10184 = SURFACE_CURVE('',#10185,(#10189,#10196),.PCURVE_S1.);
#10185 = LINE('',#10186,#10187);
#10186 = CARTESIAN_POINT('',(-36.5,-11.1,0.));
#10187 = VECTOR('',#10188,1.);
#10188 = DIRECTION('',(-1.,3.330669073875E-16,-0.));
#10189 = PCURVE('',#10094,#10190);
#10190 = DEFINITIONAL_REPRESENTATION('',(#10191),#10195);
#10191 = LINE('',#10192,#10193);
#10192 = CARTESIAN_POINT('',(0.,0.));
#10193 = VECTOR('',#10194,1.);
#10194 = DIRECTION('',(0.,1.));
#10195 = ( GEOMETRIC_REPRESENTATION_CONTEXT(2) 
PARAMETRIC_REPRESENTATION_CONTEXT() REPRESENTATION_CONTEXT('2D SPACE',''
  ) );
#10196 = PCURVE('',#10170,#10197);
#10197 = DEFINITIONAL_REPRESENTATION('',(#10198),#10202);
#10198 = LINE('',#10199,#10200);
#10199 = CARTESIAN_POINT('',(6.28318530718,0.));
#10200 = VECTOR('',#10201,1.);
#10201 = DIRECTION('',(0.,1.));
#10202 = ( GEOMETRIC_REPRESENTATION_CONTEXT(2) 
PARAMETRIC_REPRESENTATION_CONTEXT() REPRESENTATION_CONTEXT('2D SPACE',''
  ) );
#10203 = ADVANCED_FACE('',(#10204),#223,.F.);
#10204 = FACE_BOUND('',#10205,.F.);
#10205 = EDGE_LOOP('',(#10206,#10230,#10253,#10275,#10276,#10297));
#10206 = ORIENTED_EDGE('',*,*,#10207,.T.);
#10207 = EDGE_CURVE('',#1214,#10208,#10210,.T.);
#10208 = VERTEX_POINT('',#10209);
#10209 = CARTESIAN_POINT('',(0.736444048631,-2.452851417414E-16,5.));
#10210 = SURFACE_CURVE('',#10211,(#10216,#10223),.PCURVE_S1.);
#10211 = CIRCLE('',#10212,5.);
#10212 = AXIS2_PLACEMENT_3D('',#10213,#10214,#10215);
#10213 = CARTESIAN_POINT('',(0.736444048631,-2.452851417414E-16,0.));
#10214 = DIRECTION('',(1.,-3.330669073875E-16,0.));
#10215 = DIRECTION('',(0.,0.,1.));
#10216 = PCURVE('',#223,#10217);
#10217 = DEFINITIONAL_REPRESENTATION('',(#10218),#10222);
#10218 = LINE('',#10219,#10220);
#10219 = CARTESIAN_POINT('',(0.,-27.08566412906));
#10220 = VECTOR('',#10221,1.);
#10221 = DIRECTION('',(1.,0.));
#10222 = ( GEOMETRIC_REPRESENTATION_CONTEXT(2) 
PARAMETRIC_REPRESENTATION_CONTEXT() REPRESENTATION_CONTEXT('2D SPACE',''
  ) );
#10223 = PCURVE('',#1172,#10224);
#10224 = DEFINITIONAL_REPRESENTATION('',(#10225),#10229);
#10225 = LINE('',#10226,#10227);
#10226 = CARTESIAN_POINT('',(7.853981633974,-26.63644404863));
#10227 = VECTOR('',#10228,1.);
#10228 = DIRECTION('',(-1.,0.));
#10229 = ( GEOMETRIC_REPRESENTATION_CONTEXT(2) 
PARAMETRIC_REPRESENTATION_CONTEXT() REPRESENTATION_CONTEXT('2D SPACE',''
  ) );
#10230 = ORIENTED_EDGE('',*,*,#10231,.T.);
#10231 = EDGE_CURVE('',#10208,#10232,#10234,.T.);
#10232 = VERTEX_POINT('',#10233);
#10233 = CARTESIAN_POINT('',(27.822108177691,-9.266623527745E-15,13.95)
  );
#10234 = SURFACE_CURVE('',#10235,(#10239,#10246),.PCURVE_S1.);
#10235 = LINE('',#10236,#10237);
#10236 = CARTESIAN_POINT('',(27.822108177691,-9.266623527745E-15,13.95)
  );
#10237 = VECTOR('',#10238,1.);
#10238 = DIRECTION('',(0.949506197132,-3.16249092624E-16,0.313748277459)
  );
#10239 = PCURVE('',#223,#10240);
#10240 = DEFINITIONAL_REPRESENTATION('',(#10241),#10245);
#10241 = LINE('',#10242,#10243);
#10242 = CARTESIAN_POINT('',(6.28318530718,0.));
#10243 = VECTOR('',#10244,1.);
#10244 = DIRECTION('',(0.,1.));
#10245 = ( GEOMETRIC_REPRESENTATION_CONTEXT(2) 
PARAMETRIC_REPRESENTATION_CONTEXT() REPRESENTATION_CONTEXT('2D SPACE',''
  ) );
#10246 = PCURVE('',#330,#10247);
#10247 = DEFINITIONAL_REPRESENTATION('',(#10248),#10252);
#10248 = LINE('',#10249,#10250);
#10249 = CARTESIAN_POINT('',(0.,0.));
#10250 = VECTOR('',#10251,1.);
#10251 = DIRECTION('',(0.,1.));
#10252 = ( GEOMETRIC_REPRESENTATION_CONTEXT(2) 
PARAMETRIC_REPRESENTATION_CONTEXT() REPRESENTATION_CONTEXT('2D SPACE',''
  ) );
#10253 = ORIENTED_EDGE('',*,*,#10254,.F.);
#10254 = EDGE_CURVE('',#202,#10232,#10255,.T.);
#10255 = SURFACE_CURVE('',#10256,(#10261,#10268),.PCURVE_S1.);
#10256 = CIRCLE('',#10257,13.95);
#10257 = AXIS2_PLACEMENT_3D('',#10258,#10259,#10260);
#10258 = CARTESIAN_POINT('',(27.822108177691,-9.266623527745E-15,0.));
#10259 = DIRECTION('',(1.,-3.330669073875E-16,0.));
#10260 = DIRECTION('',(0.,0.,1.));
#10261 = PCURVE('',#223,#10262);
#10262 = DEFINITIONAL_REPRESENTATION('',(#10263),#10267);
#10263 = LINE('',#10264,#10265);
#10264 = CARTESIAN_POINT('',(0.,0.));
#10265 = VECTOR('',#10266,1.);
#10266 = DIRECTION('',(1.,0.));
#10267 = ( GEOMETRIC_REPRESENTATION_CONTEXT(2) 
PARAMETRIC_REPRESENTATION_CONTEXT() REPRESENTATION_CONTEXT('2D SPACE',''
  ) );
#10268 = PCURVE('',#251,#10269);
#10269 = DEFINITIONAL_REPRESENTATION('',(#10270),#10274);
#10270 = LINE('',#10271,#10272);
#10271 = CARTESIAN_POINT('',(-4.712388980385,-5.677891822309));
#10272 = VECTOR('',#10273,1.);
#10273 = DIRECTION('',(1.,0.));
#10274 = ( GEOMETRIC_REPRESENTATION_CONTEXT(2) 
PARAMETRIC_REPRESENTATION_CONTEXT() REPRESENTATION_CONTEXT('2D SPACE',''
  ) );
#10275 = ORIENTED_EDGE('',*,*,#199,.F.);
#10276 = ORIENTED_EDGE('',*,*,#10277,.F.);
#10277 = EDGE_CURVE('',#1128,#200,#10278,.T.);
#10278 = SURFACE_CURVE('',#10279,(#10283,#10290),.PCURVE_S1.);
#10279 = LINE('',#10280,#10281);
#10280 = CARTESIAN_POINT('',(27.822108177691,-1.097500581256E-14,-13.95)
  );
#10281 = VECTOR('',#10282,1.);
#10282 = DIRECTION('',(0.949506197132,-3.546721749968E-16,
    -0.313748277459));
#10283 = PCURVE('',#223,#10284);
#10284 = DEFINITIONAL_REPRESENTATION('',(#10285),#10289);
#10285 = LINE('',#10286,#10287);
#10286 = CARTESIAN_POINT('',(3.14159265359,0.));
#10287 = VECTOR('',#10288,1.);
#10288 = DIRECTION('',(0.,1.));
#10289 = ( GEOMETRIC_REPRESENTATION_CONTEXT(2) 
PARAMETRIC_REPRESENTATION_CONTEXT() REPRESENTATION_CONTEXT('2D SPACE',''
  ) );
#10290 = PCURVE('',#330,#10291);
#10291 = DEFINITIONAL_REPRESENTATION('',(#10292),#10296);
#10292 = LINE('',#10293,#10294);
#10293 = CARTESIAN_POINT('',(3.14159265359,0.));
#10294 = VECTOR('',#10295,1.);
#10295 = DIRECTION('',(0.,1.));
#10296 = ( GEOMETRIC_REPRESENTATION_CONTEXT(2) 
PARAMETRIC_REPRESENTATION_CONTEXT() REPRESENTATION_CONTEXT('2D SPACE',''
  ) );
#10297 = ORIENTED_EDGE('',*,*,#1236,.T.);
#10298 = ADVANCED_FACE('',(#10299),#330,.F.);
#10299 = FACE_BOUND('',#10300,.F.);
#10300 = EDGE_LOOP('',(#10301,#10302,#10324,#10325,#10347,#10348));
#10301 = ORIENTED_EDGE('',*,*,#315,.F.);
#10302 = ORIENTED_EDGE('',*,*,#10303,.F.);
#10303 = EDGE_CURVE('',#10232,#293,#10304,.T.);
#10304 = SURFACE_CURVE('',#10305,(#10310,#10317),.PCURVE_S1.);
#10305 = CIRCLE('',#10306,13.95);
#10306 = AXIS2_PLACEMENT_3D('',#10307,#10308,#10309);
#10307 = CARTESIAN_POINT('',(27.822108177691,-9.266623527745E-15,0.));
#10308 = DIRECTION('',(1.,-3.330669073875E-16,0.));
#10309 = DIRECTION('',(0.,0.,1.));
#10310 = PCURVE('',#330,#10311);
#10311 = DEFINITIONAL_REPRESENTATION('',(#10312),#10316);
#10312 = LINE('',#10313,#10314);
#10313 = CARTESIAN_POINT('',(0.,0.));
#10314 = VECTOR('',#10315,1.);
#10315 = DIRECTION('',(1.,0.));
#10316 = ( GEOMETRIC_REPRESENTATION_CONTEXT(2) 
PARAMETRIC_REPRESENTATION_CONTEXT() REPRESENTATION_CONTEXT('2D SPACE',''
  ) );
#10317 = PCURVE('',#251,#10318);
#10318 = DEFINITIONAL_REPRESENTATION('',(#10319),#10323);
#10319 = LINE('',#10320,#10321);
#10320 = CARTESIAN_POINT('',(1.570796326795,-5.677891822309));
#10321 = VECTOR('',#10322,1.);
#10322 = DIRECTION('',(1.,0.));
#10323 = ( GEOMETRIC_REPRESENTATION_CONTEXT(2) 
PARAMETRIC_REPRESENTATION_CONTEXT() REPRESENTATION_CONTEXT('2D SPACE',''
  ) );
#10324 = ORIENTED_EDGE('',*,*,#10231,.F.);
#10325 = ORIENTED_EDGE('',*,*,#10326,.T.);
#10326 = EDGE_CURVE('',#10208,#1126,#10327,.T.);
#10327 = SURFACE_CURVE('',#10328,(#10333,#10340),.PCURVE_S1.);
#10328 = CIRCLE('',#10329,5.);
#10329 = AXIS2_PLACEMENT_3D('',#10330,#10331,#10332);
#10330 = CARTESIAN_POINT('',(0.736444048631,-2.452851417414E-16,0.));
#10331 = DIRECTION('',(1.,-3.330669073875E-16,0.));
#10332 = DIRECTION('',(0.,0.,1.));
#10333 = PCURVE('',#330,#10334);
#10334 = DEFINITIONAL_REPRESENTATION('',(#10335),#10339);
#10335 = LINE('',#10336,#10337);
#10336 = CARTESIAN_POINT('',(0.,-27.08566412906));
#10337 = VECTOR('',#10338,1.);
#10338 = DIRECTION('',(1.,0.));
#10339 = ( GEOMETRIC_REPRESENTATION_CONTEXT(2) 
PARAMETRIC_REPRESENTATION_CONTEXT() REPRESENTATION_CONTEXT('2D SPACE',''
  ) );
#10340 = PCURVE('',#1172,#10341);
#10341 = DEFINITIONAL_REPRESENTATION('',(#10342),#10346);
#10342 = LINE('',#10343,#10344);
#10343 = CARTESIAN_POINT('',(1.570796326795,-26.63644404863));
#10344 = VECTOR('',#10345,1.);
#10345 = DIRECTION('',(-1.,0.));
#10346 = ( GEOMETRIC_REPRESENTATION_CONTEXT(2) 
PARAMETRIC_REPRESENTATION_CONTEXT() REPRESENTATION_CONTEXT('2D SPACE',''
  ) );
#10347 = ORIENTED_EDGE('',*,*,#1125,.T.);
#10348 = ORIENTED_EDGE('',*,*,#10277,.T.);
#10349 = ADVANCED_FACE('',(#10350),#251,.F.);
#10350 = FACE_BOUND('',#10351,.F.);
#10351 = EDGE_LOOP('',(#10352,#10374,#10375,#10376,#10377));
#10352 = ORIENTED_EDGE('',*,*,#10353,.F.);
#10353 = EDGE_CURVE('',#236,#264,#10354,.T.);
#10354 = SURFACE_CURVE('',#10355,(#10360,#10367),.PCURVE_S1.);
#10355 = CIRCLE('',#10356,13.95);
#10356 = AXIS2_PLACEMENT_3D('',#10357,#10358,#10359);
#10357 = CARTESIAN_POINT('',(34.5,-1.149080830487E-14,0.));
#10358 = DIRECTION('',(1.,-3.330669073875E-16,0.));
#10359 = DIRECTION('',(3.330669073875E-16,1.,0.));
#10360 = PCURVE('',#251,#10361);
#10361 = DEFINITIONAL_REPRESENTATION('',(#10362),#10366);
#10362 = LINE('',#10363,#10364);
#10363 = CARTESIAN_POINT('',(0.,1.));
#10364 = VECTOR('',#10365,1.);
#10365 = DIRECTION('',(1.,0.));
#10366 = ( GEOMETRIC_REPRESENTATION_CONTEXT(2) 
PARAMETRIC_REPRESENTATION_CONTEXT() REPRESENTATION_CONTEXT('2D SPACE',''
  ) );
#10367 = PCURVE('',#280,#10368);
#10368 = DEFINITIONAL_REPRESENTATION('',(#10369),#10373);
#10369 = CIRCLE('',#10370,13.95);
#10370 = AXIS2_PLACEMENT_2D('',#10371,#10372);
#10371 = CARTESIAN_POINT('',(0.,0.));
#10372 = DIRECTION('',(1.,0.));
#10373 = ( GEOMETRIC_REPRESENTATION_CONTEXT(2) 
PARAMETRIC_REPRESENTATION_CONTEXT() REPRESENTATION_CONTEXT('2D SPACE',''
  ) );
#10374 = ORIENTED_EDGE('',*,*,#235,.F.);
#10375 = ORIENTED_EDGE('',*,*,#10254,.T.);
#10376 = ORIENTED_EDGE('',*,*,#10303,.T.);
#10377 = ORIENTED_EDGE('',*,*,#292,.T.);
#10378 = ADVANCED_FACE('',(#10379,#10383),#280,.T.);
#10379 = FACE_BOUND('',#10380,.T.);
#10380 = EDGE_LOOP('',(#10381,#10382));
#10381 = ORIENTED_EDGE('',*,*,#10353,.F.);
#10382 = ORIENTED_EDGE('',*,*,#263,.F.);
#10383 = FACE_BOUND('',#10384,.T.);
#10384 = EDGE_LOOP('',(#10385,#10407));
#10385 = ORIENTED_EDGE('',*,*,#10386,.T.);
#10386 = EDGE_CURVE('',#346,#410,#10387,.T.);
#10387 = SURFACE_CURVE('',#10388,(#10393,#10400),.PCURVE_S1.);
#10388 = CIRCLE('',#10389,14.55);
#10389 = AXIS2_PLACEMENT_3D('',#10390,#10391,#10392);
#10390 = CARTESIAN_POINT('',(34.5,-1.149080830487E-14,0.));
#10391 = DIRECTION('',(1.,-3.330669073875E-16,0.));
#10392 = DIRECTION('',(3.330669073875E-16,1.,0.));
#10393 = PCURVE('',#280,#10394);
#10394 = DEFINITIONAL_REPRESENTATION('',(#10395),#10399);
#10395 = CIRCLE('',#10396,14.55);
#10396 = AXIS2_PLACEMENT_2D('',#10397,#10398);
#10397 = CARTESIAN_POINT('',(0.,0.));
#10398 = DIRECTION('',(1.,0.));
#10399 = ( GEOMETRIC_REPRESENTATION_CONTEXT(2) 
PARAMETRIC_REPRESENTATION_CONTEXT() REPRESENTATION_CONTEXT('2D SPACE',''
  ) );
#10400 = PCURVE('',#368,#10401);
#10401 = DEFINITIONAL_REPRESENTATION('',(#10402),#10406);
#10402 = LINE('',#10403,#10404);
#10403 = CARTESIAN_POINT('',(0.,0.));
#10404 = VECTOR('',#10405,1.);
#10405 = DIRECTION('',(1.,0.));
#10406 = ( GEOMETRIC_REPRESENTATION_CONTEXT(2) 
PARAMETRIC_REPRESENTATION_CONTEXT() REPRESENTATION_CONTEXT('2D SPACE',''
  ) );
#10407 = ORIENTED_EDGE('',*,*,#432,.T.);
#10408 = ADVANCED_FACE('',(#10409),#368,.F.);
#10409 = FACE_BOUND('',#10410,.F.);
#10410 = EDGE_LOOP('',(#10411,#10433,#10434,#10435));
#10411 = ORIENTED_EDGE('',*,*,#10412,.F.);
#10412 = EDGE_CURVE('',#348,#381,#10413,.T.);
#10413 = SURFACE_CURVE('',#10414,(#10419,#10426),.PCURVE_S1.);
#10414 = CIRCLE('',#10415,14.55);
#10415 = AXIS2_PLACEMENT_3D('',#10416,#10417,#10418);
#10416 = CARTESIAN_POINT('',(35.5,-1.182387521226E-14,0.));
#10417 = DIRECTION('',(1.,-3.330669073875E-16,0.));
#10418 = DIRECTION('',(3.330669073875E-16,1.,0.));
#10419 = PCURVE('',#368,#10420);
#10420 = DEFINITIONAL_REPRESENTATION('',(#10421),#10425);
#10421 = LINE('',#10422,#10423);
#10422 = CARTESIAN_POINT('',(0.,1.));
#10423 = VECTOR('',#10424,1.);
#10424 = DIRECTION('',(1.,0.));
#10425 = ( GEOMETRIC_REPRESENTATION_CONTEXT(2) 
PARAMETRIC_REPRESENTATION_CONTEXT() REPRESENTATION_CONTEXT('2D SPACE',''
  ) );
#10426 = PCURVE('',#397,#10427);
#10427 = DEFINITIONAL_REPRESENTATION('',(#10428),#10432);
#10428 = CIRCLE('',#10429,14.55);
#10429 = AXIS2_PLACEMENT_2D('',#10430,#10431);
#10430 = CARTESIAN_POINT('',(0.,0.));
#10431 = DIRECTION('',(1.,0.));
#10432 = ( GEOMETRIC_REPRESENTATION_CONTEXT(2) 
PARAMETRIC_REPRESENTATION_CONTEXT() REPRESENTATION_CONTEXT('2D SPACE',''
  ) );
#10433 = ORIENTED_EDGE('',*,*,#345,.F.);
#10434 = ORIENTED_EDGE('',*,*,#10386,.T.);
#10435 = ORIENTED_EDGE('',*,*,#409,.T.);
#10436 = ADVANCED_FACE('',(#10437,#10441),#397,.T.);
#10437 = FACE_BOUND('',#10438,.T.);
#10438 = EDGE_LOOP('',(#10439,#10440));
#10439 = ORIENTED_EDGE('',*,*,#10412,.F.);
#10440 = ORIENTED_EDGE('',*,*,#380,.F.);
#10441 = FACE_BOUND('',#10442,.T.);
#10442 = EDGE_LOOP('',(#10443,#10465));
#10443 = ORIENTED_EDGE('',*,*,#10444,.T.);
#10444 = EDGE_CURVE('',#458,#522,#10445,.T.);
#10445 = SURFACE_CURVE('',#10446,(#10451,#10458),.PCURVE_S1.);
#10446 = CIRCLE('',#10447,15.15);
#10447 = AXIS2_PLACEMENT_3D('',#10448,#10449,#10450);
#10448 = CARTESIAN_POINT('',(35.5,-1.182387521226E-14,0.));
#10449 = DIRECTION('',(1.,-3.330669073875E-16,0.));
#10450 = DIRECTION('',(3.330669073875E-16,1.,0.));
#10451 = PCURVE('',#397,#10452);
#10452 = DEFINITIONAL_REPRESENTATION('',(#10453),#10457);
#10453 = CIRCLE('',#10454,15.15);
#10454 = AXIS2_PLACEMENT_2D('',#10455,#10456);
#10455 = CARTESIAN_POINT('',(0.,0.));
#10456 = DIRECTION('',(1.,0.));
#10457 = ( GEOMETRIC_REPRESENTATION_CONTEXT(2) 
PARAMETRIC_REPRESENTATION_CONTEXT() REPRESENTATION_CONTEXT('2D SPACE',''
  ) );
#10458 = PCURVE('',#480,#10459);
#10459 = DEFINITIONAL_REPRESENTATION('',(#10460),#10464);
#10460 = LINE('',#10461,#10462);
#10461 = CARTESIAN_POINT('',(0.,0.));
#10462 = VECTOR('',#10463,1.);
#10463 = DIRECTION('',(1.,0.));
#10464 = ( GEOMETRIC_REPRESENTATION_CONTEXT(2) 
PARAMETRIC_REPRESENTATION_CONTEXT() REPRESENTATION_CONTEXT('2D SPACE',''
  ) );
#10465 = ORIENTED_EDGE('',*,*,#544,.T.);
#10466 = ADVANCED_FACE('',(#10467),#480,.F.);
#10467 = FACE_BOUND('',#10468,.F.);
#10468 = EDGE_LOOP('',(#10469,#10491,#10492,#10493));
#10469 = ORIENTED_EDGE('',*,*,#10470,.F.);
#10470 = EDGE_CURVE('',#460,#493,#10471,.T.);
#10471 = SURFACE_CURVE('',#10472,(#10477,#10484),.PCURVE_S1.);
#10472 = CIRCLE('',#10473,15.15);
#10473 = AXIS2_PLACEMENT_3D('',#10474,#10475,#10476);
#10474 = CARTESIAN_POINT('',(36.25,-1.20736753928E-14,0.));
#10475 = DIRECTION('',(1.,-3.330669073875E-16,0.));
#10476 = DIRECTION('',(3.330669073875E-16,1.,0.));
#10477 = PCURVE('',#480,#10478);
#10478 = DEFINITIONAL_REPRESENTATION('',(#10479),#10483);
#10479 = LINE('',#10480,#10481);
#10480 = CARTESIAN_POINT('',(0.,0.75));
#10481 = VECTOR('',#10482,1.);
#10482 = DIRECTION('',(1.,0.));
#10483 = ( GEOMETRIC_REPRESENTATION_CONTEXT(2) 
PARAMETRIC_REPRESENTATION_CONTEXT() REPRESENTATION_CONTEXT('2D SPACE',''
  ) );
#10484 = PCURVE('',#585,#10485);
#10485 = DEFINITIONAL_REPRESENTATION('',(#10486),#10490);
#10486 = LINE('',#10487,#10488);
#10487 = CARTESIAN_POINT('',(0.,0.));
#10488 = VECTOR('',#10489,1.);
#10489 = DIRECTION('',(1.,0.));
#10490 = ( GEOMETRIC_REPRESENTATION_CONTEXT(2) 
PARAMETRIC_REPRESENTATION_CONTEXT() REPRESENTATION_CONTEXT('2D SPACE',''
  ) );
#10491 = ORIENTED_EDGE('',*,*,#457,.F.);
#10492 = ORIENTED_EDGE('',*,*,#10444,.T.);
#10493 = ORIENTED_EDGE('',*,*,#521,.T.);
#10494 = ADVANCED_FACE('',(#10495),#585,.F.);
#10495 = FACE_BOUND('',#10496,.F.);
#10496 = EDGE_LOOP('',(#10497,#10523,#10524,#10525));
#10497 = ORIENTED_EDGE('',*,*,#10498,.T.);
#10498 = EDGE_CURVE('',#598,#570,#10499,.T.);
#10499 = SURFACE_CURVE('',#10500,(#10505,#10512),.PCURVE_S1.);
#10500 = CIRCLE('',#10501,15.4);
#10501 = AXIS2_PLACEMENT_3D('',#10502,#10503,#10504);
#10502 = CARTESIAN_POINT('',(36.5,-1.215694211965E-14,0.));
#10503 = DIRECTION('',(-1.,3.330669073875E-16,-0.));
#10504 = DIRECTION('',(3.330669073875E-16,1.,0.));
#10505 = PCURVE('',#585,#10506);
#10506 = DEFINITIONAL_REPRESENTATION('',(#10507),#10511);
#10507 = LINE('',#10508,#10509);
#10508 = CARTESIAN_POINT('',(6.28318530718,0.25));
#10509 = VECTOR('',#10510,1.);
#10510 = DIRECTION('',(-1.,0.));
#10511 = ( GEOMETRIC_REPRESENTATION_CONTEXT(2) 
PARAMETRIC_REPRESENTATION_CONTEXT() REPRESENTATION_CONTEXT('2D SPACE',''
  ) );
#10512 = PCURVE('',#614,#10513);
#10513 = DEFINITIONAL_REPRESENTATION('',(#10514),#10522);
#10514 = ( BOUNDED_CURVE() B_SPLINE_CURVE(2,(#10515,#10516,#10517,#10518
    ,#10519,#10520,#10521),.UNSPECIFIED.,.T.,.F.) 
B_SPLINE_CURVE_WITH_KNOTS((1,2,2,2,2,1),(-2.094395102393,0.,
    2.094395102393,4.188790204786,6.28318530718,8.377580409573),
.UNSPECIFIED.) CURVE() GEOMETRIC_REPRESENTATION_ITEM() 
RATIONAL_B_SPLINE_CURVE((1.,0.5,1.,0.5,1.,0.5,1.)) REPRESENTATION_ITEM(
  '') );
#10515 = CARTESIAN_POINT('',(31.9,0.));
#10516 = CARTESIAN_POINT('',(31.9,-26.67358243656));
#10517 = CARTESIAN_POINT('',(8.8,-13.33679121828));
#10518 = CARTESIAN_POINT('',(-14.3,-3.771912141374E-15));
#10519 = CARTESIAN_POINT('',(8.8,13.33679121828));
#10520 = CARTESIAN_POINT('',(31.9,26.673582436561));
#10521 = CARTESIAN_POINT('',(31.9,0.));
#10522 = ( GEOMETRIC_REPRESENTATION_CONTEXT(2) 
PARAMETRIC_REPRESENTATION_CONTEXT() REPRESENTATION_CONTEXT('2D SPACE',''
  ) );
#10523 = ORIENTED_EDGE('',*,*,#569,.F.);
#10524 = ORIENTED_EDGE('',*,*,#10470,.T.);
#10525 = ORIENTED_EDGE('',*,*,#630,.T.);
#10526 = ADVANCED_FACE('',(#10527,#10531),#614,.T.);
#10527 = FACE_BOUND('',#10528,.T.);
#10528 = EDGE_LOOP('',(#10529,#10530));
#10529 = ORIENTED_EDGE('',*,*,#597,.T.);
#10530 = ORIENTED_EDGE('',*,*,#10498,.T.);
#10531 = FACE_BOUND('',#10532,.T.);
#10532 = EDGE_LOOP('',(#10533,#10555));
#10533 = ORIENTED_EDGE('',*,*,#10534,.T.);
#10534 = EDGE_CURVE('',#658,#656,#10535,.T.);
#10535 = SURFACE_CURVE('',#10536,(#10541,#10548),.PCURVE_S1.);
#10536 = CIRCLE('',#10537,16.25);
#10537 = AXIS2_PLACEMENT_3D('',#10538,#10539,#10540);
#10538 = CARTESIAN_POINT('',(36.5,-1.215694211965E-14,0.));
#10539 = DIRECTION('',(1.,-3.330669073875E-16,0.));
#10540 = DIRECTION('',(3.330669073875E-16,1.,0.));
#10541 = PCURVE('',#614,#10542);
#10542 = DEFINITIONAL_REPRESENTATION('',(#10543),#10547);
#10543 = CIRCLE('',#10544,16.25);
#10544 = AXIS2_PLACEMENT_2D('',#10545,#10546);
#10545 = CARTESIAN_POINT('',(16.5,0.));
#10546 = DIRECTION('',(1.,0.));
#10547 = ( GEOMETRIC_REPRESENTATION_CONTEXT(2) 
PARAMETRIC_REPRESENTATION_CONTEXT() REPRESENTATION_CONTEXT('2D SPACE',''
  ) );
#10548 = PCURVE('',#702,#10549);
#10549 = DEFINITIONAL_REPRESENTATION('',(#10550),#10554);
#10550 = LINE('',#10551,#10552);
#10551 = CARTESIAN_POINT('',(9.424777960769,-0.25));
#10552 = VECTOR('',#10553,1.);
#10553 = DIRECTION('',(-1.,0.));
#10554 = ( GEOMETRIC_REPRESENTATION_CONTEXT(2) 
PARAMETRIC_REPRESENTATION_CONTEXT() REPRESENTATION_CONTEXT('2D SPACE',''
  ) );
#10555 = ORIENTED_EDGE('',*,*,#655,.T.);
#10556 = ADVANCED_FACE('',(#10557),#702,.T.);
#10557 = FACE_BOUND('',#10558,.T.);
#10558 = EDGE_LOOP('',(#10559,#10560,#10561,#10562));
#10559 = ORIENTED_EDGE('',*,*,#686,.F.);
#10560 = ORIENTED_EDGE('',*,*,#10534,.F.);
#10561 = ORIENTED_EDGE('',*,*,#743,.T.);
#10562 = ORIENTED_EDGE('',*,*,#10563,.F.);
#10563 = EDGE_CURVE('',#687,#715,#10564,.T.);
#10564 = SURFACE_CURVE('',#10565,(#10570,#10577),.PCURVE_S1.);
#10565 = CIRCLE('',#10566,16.5);
#10566 = AXIS2_PLACEMENT_3D('',#10567,#10568,#10569);
#10567 = CARTESIAN_POINT('',(36.25,-1.20736753928E-14,0.));
#10568 = DIRECTION('',(-1.,3.330669073875E-16,-0.));
#10569 = DIRECTION('',(3.330669073875E-16,1.,0.));
#10570 = PCURVE('',#702,#10571);
#10571 = DEFINITIONAL_REPRESENTATION('',(#10572),#10576);
#10572 = LINE('',#10573,#10574);
#10573 = CARTESIAN_POINT('',(3.14159265359,0.));
#10574 = VECTOR('',#10575,1.);
#10575 = DIRECTION('',(1.,0.));
#10576 = ( GEOMETRIC_REPRESENTATION_CONTEXT(2) 
PARAMETRIC_REPRESENTATION_CONTEXT() REPRESENTATION_CONTEXT('2D SPACE',''
  ) );
#10577 = PCURVE('',#784,#10578);
#10578 = DEFINITIONAL_REPRESENTATION('',(#10579),#10583);
#10579 = LINE('',#10580,#10581);
#10580 = CARTESIAN_POINT('',(3.14159265359,-72.75));
#10581 = VECTOR('',#10582,1.);
#10582 = DIRECTION('',(1.,0.));
#10583 = ( GEOMETRIC_REPRESENTATION_CONTEXT(2) 
PARAMETRIC_REPRESENTATION_CONTEXT() REPRESENTATION_CONTEXT('2D SPACE',''
  ) );
#10584 = ADVANCED_FACE('',(#10585),#784,.T.);
#10585 = FACE_BOUND('',#10586,.T.);
#10586 = EDGE_LOOP('',(#10587,#10588,#10589,#10590));
#10587 = ORIENTED_EDGE('',*,*,#768,.F.);
#10588 = ORIENTED_EDGE('',*,*,#10563,.T.);
#10589 = ORIENTED_EDGE('',*,*,#825,.T.);
#10590 = ORIENTED_EDGE('',*,*,#10591,.T.);
#10591 = EDGE_CURVE('',#797,#769,#10592,.T.);
#10592 = SURFACE_CURVE('',#10593,(#10598,#10605),.PCURVE_S1.);
#10593 = CIRCLE('',#10594,16.5);
#10594 = AXIS2_PLACEMENT_3D('',#10595,#10596,#10597);
#10595 = CARTESIAN_POINT('',(25.25,-8.409939411536E-15,0.));
#10596 = DIRECTION('',(1.,-3.330669073875E-16,0.));
#10597 = DIRECTION('',(-3.330669073875E-16,-1.,0.));
#10598 = PCURVE('',#784,#10599);
#10599 = DEFINITIONAL_REPRESENTATION('',(#10600),#10604);
#10600 = LINE('',#10601,#10602);
#10601 = CARTESIAN_POINT('',(6.28318530718,-61.75));
#10602 = VECTOR('',#10603,1.);
#10603 = DIRECTION('',(-1.,0.));
#10604 = ( GEOMETRIC_REPRESENTATION_CONTEXT(2) 
PARAMETRIC_REPRESENTATION_CONTEXT() REPRESENTATION_CONTEXT('2D SPACE',''
  ) );
#10605 = PCURVE('',#894,#10606);
#10606 = DEFINITIONAL_REPRESENTATION('',(#10607),#10611);
#10607 = LINE('',#10608,#10609);
#10608 = CARTESIAN_POINT('',(3.14159265359,0.25));
#10609 = VECTOR('',#10610,1.);
#10610 = DIRECTION('',(1.,0.));
#10611 = ( GEOMETRIC_REPRESENTATION_CONTEXT(2) 
PARAMETRIC_REPRESENTATION_CONTEXT() REPRESENTATION_CONTEXT('2D SPACE',''
  ) );
#10612 = ADVANCED_FACE('',(#10613),#894,.T.);
#10613 = FACE_BOUND('',#10614,.T.);
#10614 = EDGE_LOOP('',(#10615,#10616,#10638,#10639));
#10615 = ORIENTED_EDGE('',*,*,#880,.F.);
#10616 = ORIENTED_EDGE('',*,*,#10617,.F.);
#10617 = EDGE_CURVE('',#852,#850,#10618,.T.);
#10618 = SURFACE_CURVE('',#10619,(#10624,#10631),.PCURVE_S1.);
#10619 = CIRCLE('',#10620,16.25);
#10620 = AXIS2_PLACEMENT_3D('',#10621,#10622,#10623);
#10621 = CARTESIAN_POINT('',(25.,-8.326672684689E-15,0.));
#10622 = DIRECTION('',(-1.,3.330669073875E-16,0.));
#10623 = DIRECTION('',(-3.330669073875E-16,-1.,0.));
#10624 = PCURVE('',#894,#10625);
#10625 = DEFINITIONAL_REPRESENTATION('',(#10626),#10630);
#10626 = LINE('',#10627,#10628);
#10627 = CARTESIAN_POINT('',(9.424777960769,0.));
#10628 = VECTOR('',#10629,1.);
#10629 = DIRECTION('',(-1.,0.));
#10630 = ( GEOMETRIC_REPRESENTATION_CONTEXT(2) 
PARAMETRIC_REPRESENTATION_CONTEXT() REPRESENTATION_CONTEXT('2D SPACE',''
  ) );
#10631 = PCURVE('',#868,#10632);
#10632 = DEFINITIONAL_REPRESENTATION('',(#10633),#10637);
#10633 = CIRCLE('',#10634,16.25);
#10634 = AXIS2_PLACEMENT_2D('',#10635,#10636);
#10635 = CARTESIAN_POINT('',(-14.8,0.));
#10636 = DIRECTION('',(1.,0.));
#10637 = ( GEOMETRIC_REPRESENTATION_CONTEXT(2) 
PARAMETRIC_REPRESENTATION_CONTEXT() REPRESENTATION_CONTEXT('2D SPACE',''
  ) );
#10638 = ORIENTED_EDGE('',*,*,#907,.T.);
#10639 = ORIENTED_EDGE('',*,*,#10591,.F.);
#10640 = ADVANCED_FACE('',(#10641,#10645),#868,.T.);
#10641 = FACE_BOUND('',#10642,.T.);
#10642 = EDGE_LOOP('',(#10643,#10644));
#10643 = ORIENTED_EDGE('',*,*,#10617,.T.);
#10644 = ORIENTED_EDGE('',*,*,#849,.T.);
#10645 = FACE_BOUND('',#10646,.T.);
#10646 = EDGE_LOOP('',(#10647,#10648));
#10647 = ORIENTED_EDGE('',*,*,#931,.F.);
#10648 = ORIENTED_EDGE('',*,*,#10649,.F.);
#10649 = EDGE_CURVE('',#934,#932,#10650,.T.);
#10650 = SURFACE_CURVE('',#10651,(#10656,#10663),.PCURVE_S1.);
#10651 = CIRCLE('',#10652,14.8);
#10652 = AXIS2_PLACEMENT_3D('',#10653,#10654,#10655);
#10653 = CARTESIAN_POINT('',(25.,-8.326672684689E-15,0.));
#10654 = DIRECTION('',(-1.,3.330669073875E-16,0.));
#10655 = DIRECTION('',(-3.330669073875E-16,-1.,0.));
#10656 = PCURVE('',#868,#10657);
#10657 = DEFINITIONAL_REPRESENTATION('',(#10658),#10662);
#10658 = CIRCLE('',#10659,14.8);
#10659 = AXIS2_PLACEMENT_2D('',#10660,#10661);
#10660 = CARTESIAN_POINT('',(-14.8,0.));
#10661 = DIRECTION('',(1.,0.));
#10662 = ( GEOMETRIC_REPRESENTATION_CONTEXT(2) 
PARAMETRIC_REPRESENTATION_CONTEXT() REPRESENTATION_CONTEXT('2D SPACE',''
  ) );
#10663 = PCURVE('',#978,#10664);
#10664 = DEFINITIONAL_REPRESENTATION('',(#10665),#10669);
#10665 = LINE('',#10666,#10667);
#10666 = CARTESIAN_POINT('',(0.,-61.5));
#10667 = VECTOR('',#10668,1.);
#10668 = DIRECTION('',(1.,0.));
#10669 = ( GEOMETRIC_REPRESENTATION_CONTEXT(2) 
PARAMETRIC_REPRESENTATION_CONTEXT() REPRESENTATION_CONTEXT('2D SPACE',''
  ) );
#10670 = ADVANCED_FACE('',(#10671),#978,.T.);
#10671 = FACE_BOUND('',#10672,.T.);
#10672 = EDGE_LOOP('',(#10673,#10674,#10675,#10676));
#10673 = ORIENTED_EDGE('',*,*,#962,.F.);
#10674 = ORIENTED_EDGE('',*,*,#10649,.T.);
#10675 = ORIENTED_EDGE('',*,*,#1019,.T.);
#10676 = ORIENTED_EDGE('',*,*,#10677,.T.);
#10677 = EDGE_CURVE('',#991,#963,#10678,.T.);
#10678 = SURFACE_CURVE('',#10679,(#10684,#10691),.PCURVE_S1.);
#10679 = CIRCLE('',#10680,14.8);
#10680 = AXIS2_PLACEMENT_3D('',#10681,#10682,#10683);
#10681 = CARTESIAN_POINT('',(7.25,-2.41473507856E-15,0.));
#10682 = DIRECTION('',(1.,-3.330669073875E-16,0.));
#10683 = DIRECTION('',(-3.330669073875E-16,-1.,0.));
#10684 = PCURVE('',#978,#10685);
#10685 = DEFINITIONAL_REPRESENTATION('',(#10686),#10690);
#10686 = LINE('',#10687,#10688);
#10687 = CARTESIAN_POINT('',(6.28318530718,-43.75));
#10688 = VECTOR('',#10689,1.);
#10689 = DIRECTION('',(-1.,0.));
#10690 = ( GEOMETRIC_REPRESENTATION_CONTEXT(2) 
PARAMETRIC_REPRESENTATION_CONTEXT() REPRESENTATION_CONTEXT('2D SPACE',''
  ) );
#10691 = PCURVE('',#1088,#10692);
#10692 = DEFINITIONAL_REPRESENTATION('',(#10693),#10697);
#10693 = LINE('',#10694,#10695);
#10694 = CARTESIAN_POINT('',(3.14159265359,0.25));
#10695 = VECTOR('',#10696,1.);
#10696 = DIRECTION('',(1.,0.));
#10697 = ( GEOMETRIC_REPRESENTATION_CONTEXT(2) 
PARAMETRIC_REPRESENTATION_CONTEXT() REPRESENTATION_CONTEXT('2D SPACE',''
  ) );
#10698 = ADVANCED_FACE('',(#10699),#1088,.T.);
#10699 = FACE_BOUND('',#10700,.T.);
#10700 = EDGE_LOOP('',(#10701,#10702,#10724,#10725));
#10701 = ORIENTED_EDGE('',*,*,#1074,.F.);
#10702 = ORIENTED_EDGE('',*,*,#10703,.F.);
#10703 = EDGE_CURVE('',#1046,#1044,#10704,.T.);
#10704 = SURFACE_CURVE('',#10705,(#10710,#10717),.PCURVE_S1.);
#10705 = CIRCLE('',#10706,14.55);
#10706 = AXIS2_PLACEMENT_3D('',#10707,#10708,#10709);
#10707 = CARTESIAN_POINT('',(7.,-2.331468351713E-15,0.));
#10708 = DIRECTION('',(-1.,3.330669073875E-16,0.));
#10709 = DIRECTION('',(-3.330669073875E-16,-1.,0.));
#10710 = PCURVE('',#1088,#10711);
#10711 = DEFINITIONAL_REPRESENTATION('',(#10712),#10716);
#10712 = LINE('',#10713,#10714);
#10713 = CARTESIAN_POINT('',(9.424777960769,0.));
#10714 = VECTOR('',#10715,1.);
#10715 = DIRECTION('',(-1.,0.));
#10716 = ( GEOMETRIC_REPRESENTATION_CONTEXT(2) 
PARAMETRIC_REPRESENTATION_CONTEXT() REPRESENTATION_CONTEXT('2D SPACE',''
  ) );
#10717 = PCURVE('',#1062,#10718);
#10718 = DEFINITIONAL_REPRESENTATION('',(#10719),#10723);
#10719 = CIRCLE('',#10720,14.55);
#10720 = AXIS2_PLACEMENT_2D('',#10721,#10722);
#10721 = CARTESIAN_POINT('',(-11.1,0.));
#10722 = DIRECTION('',(1.,0.));
#10723 = ( GEOMETRIC_REPRESENTATION_CONTEXT(2) 
PARAMETRIC_REPRESENTATION_CONTEXT() REPRESENTATION_CONTEXT('2D SPACE',''
  ) );
#10724 = ORIENTED_EDGE('',*,*,#1101,.T.);
#10725 = ORIENTED_EDGE('',*,*,#10677,.F.);
#10726 = ADVANCED_FACE('',(#10727,#10731),#1062,.T.);
#10727 = FACE_BOUND('',#10728,.T.);
#10728 = EDGE_LOOP('',(#10729,#10730));
#10729 = ORIENTED_EDGE('',*,*,#10703,.T.);
#10730 = ORIENTED_EDGE('',*,*,#1043,.T.);
#10731 = FACE_BOUND('',#10732,.T.);
#10732 = EDGE_LOOP('',(#10733,#10734));
#10733 = ORIENTED_EDGE('',*,*,#10130,.F.);
#10734 = ORIENTED_EDGE('',*,*,#10735,.F.);
#10735 = EDGE_CURVE('',#10133,#10131,#10736,.T.);
#10736 = SURFACE_CURVE('',#10737,(#10742,#10749),.PCURVE_S1.);
#10737 = CIRCLE('',#10738,11.1);
#10738 = AXIS2_PLACEMENT_3D('',#10739,#10740,#10741);
#10739 = CARTESIAN_POINT('',(7.,-2.331468351713E-15,0.));
#10740 = DIRECTION('',(-1.,3.330669073875E-16,0.));
#10741 = DIRECTION('',(-3.330669073875E-16,-1.,0.));
#10742 = PCURVE('',#1062,#10743);
#10743 = DEFINITIONAL_REPRESENTATION('',(#10744),#10748);
#10744 = CIRCLE('',#10745,11.1);
#10745 = AXIS2_PLACEMENT_2D('',#10746,#10747);
#10746 = CARTESIAN_POINT('',(-11.1,0.));
#10747 = DIRECTION('',(1.,0.));
#10748 = ( GEOMETRIC_REPRESENTATION_CONTEXT(2) 
PARAMETRIC_REPRESENTATION_CONTEXT() REPRESENTATION_CONTEXT('2D SPACE',''
  ) );
#10749 = PCURVE('',#10170,#10750);
#10750 = DEFINITIONAL_REPRESENTATION('',(#10751),#10755);
#10751 = LINE('',#10752,#10753);
#10752 = CARTESIAN_POINT('',(0.,-43.5));
#10753 = VECTOR('',#10754,1.);
#10754 = DIRECTION('',(1.,0.));
#10755 = ( GEOMETRIC_REPRESENTATION_CONTEXT(2) 
PARAMETRIC_REPRESENTATION_CONTEXT() REPRESENTATION_CONTEXT('2D SPACE',''
  ) );
#10756 = ADVANCED_FACE('',(#10757),#1172,.F.);
#10757 = FACE_BOUND('',#10758,.F.);
#10758 = EDGE_LOOP('',(#10759,#10781,#10782,#10783,#10784));
#10759 = ORIENTED_EDGE('',*,*,#10760,.F.);
#10760 = EDGE_CURVE('',#1157,#1185,#10761,.T.);
#10761 = SURFACE_CURVE('',#10762,(#10767,#10774),.PCURVE_S1.);
#10762 = CIRCLE('',#10763,5.);
#10763 = AXIS2_PLACEMENT_3D('',#10764,#10765,#10766);
#10764 = CARTESIAN_POINT('',(-36.2,1.205702204743E-14,0.));
#10765 = DIRECTION('',(-1.,3.330669073875E-16,0.));
#10766 = DIRECTION('',(-3.330669073875E-16,-1.,0.));
#10767 = PCURVE('',#1172,#10768);
#10768 = DEFINITIONAL_REPRESENTATION('',(#10769),#10773);
#10769 = LINE('',#10770,#10771);
#10770 = CARTESIAN_POINT('',(0.,10.3));
#10771 = VECTOR('',#10772,1.);
#10772 = DIRECTION('',(1.,0.));
#10773 = ( GEOMETRIC_REPRESENTATION_CONTEXT(2) 
PARAMETRIC_REPRESENTATION_CONTEXT() REPRESENTATION_CONTEXT('2D SPACE',''
  ) );
#10774 = PCURVE('',#1201,#10775);
#10775 = DEFINITIONAL_REPRESENTATION('',(#10776),#10780);
#10776 = CIRCLE('',#10777,5.);
#10777 = AXIS2_PLACEMENT_2D('',#10778,#10779);
#10778 = CARTESIAN_POINT('',(0.,0.));
#10779 = DIRECTION('',(1.,0.));
#10780 = ( GEOMETRIC_REPRESENTATION_CONTEXT(2) 
PARAMETRIC_REPRESENTATION_CONTEXT() REPRESENTATION_CONTEXT('2D SPACE',''
  ) );
#10781 = ORIENTED_EDGE('',*,*,#1156,.F.);
#10782 = ORIENTED_EDGE('',*,*,#10326,.F.);
#10783 = ORIENTED_EDGE('',*,*,#10207,.F.);
#10784 = ORIENTED_EDGE('',*,*,#1213,.T.);
#10785 = ADVANCED_FACE('',(#10786,#10790),#1201,.T.);
#10786 = FACE_BOUND('',#10787,.T.);
#10787 = EDGE_LOOP('',(#10788,#10789));
#10788 = ORIENTED_EDGE('',*,*,#10760,.F.);
#10789 = ORIENTED_EDGE('',*,*,#1184,.F.);
#10790 = FACE_BOUND('',#10791,.T.);
#10791 = EDGE_LOOP('',(#10792,#10814));
#10792 = ORIENTED_EDGE('',*,*,#10793,.T.);
#10793 = EDGE_CURVE('',#1262,#1326,#10794,.T.);
#10794 = SURFACE_CURVE('',#10795,(#10800,#10807),.PCURVE_S1.);
#10795 = CIRCLE('',#10796,5.25);
#10796 = AXIS2_PLACEMENT_3D('',#10797,#10798,#10799);
#10797 = CARTESIAN_POINT('',(-36.2,1.205702204743E-14,0.));
#10798 = DIRECTION('',(-1.,3.330669073875E-16,0.));
#10799 = DIRECTION('',(-3.330669073875E-16,-1.,0.));
#10800 = PCURVE('',#1201,#10801);
#10801 = DEFINITIONAL_REPRESENTATION('',(#10802),#10806);
#10802 = CIRCLE('',#10803,5.25);
#10803 = AXIS2_PLACEMENT_2D('',#10804,#10805);
#10804 = CARTESIAN_POINT('',(0.,0.));
#10805 = DIRECTION('',(1.,0.));
#10806 = ( GEOMETRIC_REPRESENTATION_CONTEXT(2) 
PARAMETRIC_REPRESENTATION_CONTEXT() REPRESENTATION_CONTEXT('2D SPACE',''
  ) );
#10807 = PCURVE('',#1284,#10808);
#10808 = DEFINITIONAL_REPRESENTATION('',(#10809),#10813);
#10809 = LINE('',#10810,#10811);
#10810 = CARTESIAN_POINT('',(0.,0.));
#10811 = VECTOR('',#10812,1.);
#10812 = DIRECTION('',(1.,0.));
#10813 = ( GEOMETRIC_REPRESENTATION_CONTEXT(2) 
PARAMETRIC_REPRESENTATION_CONTEXT() REPRESENTATION_CONTEXT('2D SPACE',''
  ) );
#10814 = ORIENTED_EDGE('',*,*,#1348,.T.);
#10815 = ADVANCED_FACE('',(#10816),#1284,.F.);
#10816 = FACE_BOUND('',#10817,.F.);
#10817 = EDGE_LOOP('',(#10818,#10840,#10841,#10842));
#10818 = ORIENTED_EDGE('',*,*,#10819,.F.);
#10819 = EDGE_CURVE('',#1264,#1297,#10820,.T.);
#10820 = SURFACE_CURVE('',#10821,(#10826,#10833),.PCURVE_S1.);
#10821 = CIRCLE('',#10822,5.25);
#10822 = AXIS2_PLACEMENT_3D('',#10823,#10824,#10825);
#10823 = CARTESIAN_POINT('',(-36.5,1.215694211965E-14,0.));
#10824 = DIRECTION('',(-1.,3.330669073875E-16,0.));
#10825 = DIRECTION('',(-3.330669073875E-16,-1.,0.));
#10826 = PCURVE('',#1284,#10827);
#10827 = DEFINITIONAL_REPRESENTATION('',(#10828),#10832);
#10828 = LINE('',#10829,#10830);
#10829 = CARTESIAN_POINT('',(0.,0.3));
#10830 = VECTOR('',#10831,1.);
#10831 = DIRECTION('',(1.,0.));
#10832 = ( GEOMETRIC_REPRESENTATION_CONTEXT(2) 
PARAMETRIC_REPRESENTATION_CONTEXT() REPRESENTATION_CONTEXT('2D SPACE',''
  ) );
#10833 = PCURVE('',#1313,#10834);
#10834 = DEFINITIONAL_REPRESENTATION('',(#10835),#10839);
#10835 = CIRCLE('',#10836,5.25);
#10836 = AXIS2_PLACEMENT_2D('',#10837,#10838);
#10837 = CARTESIAN_POINT('',(0.,0.));
#10838 = DIRECTION('',(1.,0.));
#10839 = ( GEOMETRIC_REPRESENTATION_CONTEXT(2) 
PARAMETRIC_REPRESENTATION_CONTEXT() REPRESENTATION_CONTEXT('2D SPACE',''
  ) );
#10840 = ORIENTED_EDGE('',*,*,#1261,.F.);
#10841 = ORIENTED_EDGE('',*,*,#10793,.T.);
#10842 = ORIENTED_EDGE('',*,*,#1325,.T.);
#10843 = ADVANCED_FACE('',(#10844,#10848),#1313,.T.);
#10844 = FACE_BOUND('',#10845,.T.);
#10845 = EDGE_LOOP('',(#10846,#10847));
#10846 = ORIENTED_EDGE('',*,*,#10819,.F.);
#10847 = ORIENTED_EDGE('',*,*,#1296,.F.);
#10848 = FACE_BOUND('',#10849,.T.);
#10849 = EDGE_LOOP('',(#10850,#10851,#10852,#10899,#11004));
#10850 = ORIENTED_EDGE('',*,*,#2934,.T.);
#10851 = ORIENTED_EDGE('',*,*,#2959,.T.);
#10852 = ORIENTED_EDGE('',*,*,#10853,.T.);
#10853 = EDGE_CURVE('',#2960,#10854,#10856,.T.);
#10854 = VERTEX_POINT('',#10855);
#10855 = CARTESIAN_POINT('',(-36.5,-2.148512601492,-5.311265436606));
#10856 = SURFACE_CURVE('',#10857,(#10862,#10870),.PCURVE_S1.);
#10857 = B_SPLINE_CURVE_WITH_KNOTS('',3,(#10858,#10859,#10860,#10861),
  .UNSPECIFIED.,.F.,.F.,(4,4),(9.322625717418E-03,1.018840289511E-02),
  .PIECEWISE_BEZIER_KNOTS.);
#10858 = CARTESIAN_POINT('',(-36.5,-1.334292143519,-5.593046082033));
#10859 = CARTESIAN_POINT('',(-36.5,-1.611634776917,-5.519683267268));
#10860 = CARTESIAN_POINT('',(-36.5,-1.883087930321,-5.425916905502));
#10861 = CARTESIAN_POINT('',(-36.5,-2.148512601492,-5.311265436606));
#10862 = PCURVE('',#1313,#10863);
#10863 = DEFINITIONAL_REPRESENTATION('',(#10864),#10869);
#10864 = B_SPLINE_CURVE_WITH_KNOTS('',3,(#10865,#10866,#10867,#10868),
  .UNSPECIFIED.,.F.,.F.,(4,4),(9.322625717418E-03,1.018840289511E-02),
  .PIECEWISE_BEZIER_KNOTS.);
#10865 = CARTESIAN_POINT('',(1.334292143519,-5.593046082033));
#10866 = CARTESIAN_POINT('',(1.611634776917,-5.519683267268));
#10867 = CARTESIAN_POINT('',(1.883087930321,-5.425916905502));
#10868 = CARTESIAN_POINT('',(2.148512601492,-5.311265436606));
#10869 = ( GEOMETRIC_REPRESENTATION_CONTEXT(2) 
PARAMETRIC_REPRESENTATION_CONTEXT() REPRESENTATION_CONTEXT('2D SPACE',''
  ) );
#10870 = PCURVE('',#2216,#10871);
#10871 = DEFINITIONAL_REPRESENTATION('',(#10872),#10898);
#10872 = B_SPLINE_CURVE_WITH_KNOTS('',3,(#10873,#10874,#10875,#10876,
    #10877,#10878,#10879,#10880,#10881,#10882,#10883,#10884,#10885,
    #10886,#10887,#10888,#10889,#10890,#10891,#10892,#10893,#10894,
    #10895,#10896,#10897),.UNSPECIFIED.,.F.,.F.,(4,1,1,1,1,1,1,1,1,1,1,1
    ,1,1,1,1,1,1,1,1,1,1,4),(9.322625717418E-03,9.361979225495E-03,
    9.401332733572E-03,9.440686241649E-03,9.480039749726E-03,
    9.519393257803E-03,9.55874676588E-03,9.598100273957E-03,
    9.637453782034E-03,9.676807290111E-03,9.716160798188E-03,
    9.755514306265E-03,9.794867814342E-03,9.834221322419E-03,
    9.873574830496E-03,9.912928338573E-03,9.95228184665E-03,
    9.991635354727E-03,1.00309888628E-02,1.007034237088E-02,
    1.010969587896E-02,1.014904938703E-02,1.018840289511E-02),
  .QUASI_UNIFORM_KNOTS.);
#10873 = CARTESIAN_POINT('',(7.623956525993E-02,4.853665231375E-02));
#10874 = CARTESIAN_POINT('',(7.506342549964E-02,4.85223552384E-02));
#10875 = CARTESIAN_POINT('',(7.271437832762E-02,4.84937494155E-02));
#10876 = CARTESIAN_POINT('',(6.919955368544E-02,4.84508026903E-02));
#10877 = CARTESIAN_POINT('',(6.56924850852E-02,4.840781500838E-02));
#10878 = CARTESIAN_POINT('',(6.219231945716E-02,4.836478337442E-02));
#10879 = CARTESIAN_POINT('',(5.869829413876E-02,4.832170477369E-02));
#10880 = CARTESIAN_POINT('',(5.52097499618E-02,4.827857616924E-02));
#10881 = CARTESIAN_POINT('',(5.172612834756E-02,4.823539450252E-02));
#10882 = CARTESIAN_POINT('',(4.8246972687E-02,4.819215669309E-02));
#10883 = CARTESIAN_POINT('',(4.477192857342E-02,4.814885963857E-02));
#10884 = CARTESIAN_POINT('',(4.130074434299E-02,4.81055002145E-02));
#10885 = CARTESIAN_POINT('',(3.783327153354E-02,4.806207527422E-02));
#10886 = CARTESIAN_POINT('',(3.436946536599E-02,4.801858164877E-02));
#10887 = CARTESIAN_POINT('',(3.090938522016E-02,4.797501614678E-02));
#10888 = CARTESIAN_POINT('',(2.745319511442E-02,4.793137555429E-02));
#10889 = CARTESIAN_POINT('',(2.400116417915E-02,4.788765663468E-02));
#10890 = CARTESIAN_POINT('',(2.055366715497E-02,4.784385612849E-02));
#10891 = CARTESIAN_POINT('',(1.711118480139E-02,4.779997075334E-02));
#10892 = CARTESIAN_POINT('',(1.367430464222E-02,4.775599720369E-02));
#10893 = CARTESIAN_POINT('',(1.024372045564E-02,4.771193215098E-02));
#10894 = CARTESIAN_POINT('',(6.820236451429E-03,4.766777224263E-02));
#10895 = CARTESIAN_POINT('',(3.404753955071E-03,4.762351410493E-02));
#10896 = CARTESIAN_POINT('',(1.133800236787E-03,4.759394092278E-02));
#10897 = CARTESIAN_POINT('',(0.,4.757913682629E-02));
#10898 = ( GEOMETRIC_REPRESENTATION_CONTEXT(2) 
PARAMETRIC_REPRESENTATION_CONTEXT() REPRESENTATION_CONTEXT('2D SPACE',''
  ) );
#10899 = ORIENTED_EDGE('',*,*,#10900,.T.);
#10900 = EDGE_CURVE('',#10854,#10901,#10903,.T.);
#10901 = VERTEX_POINT('',#10902);
#10902 = CARTESIAN_POINT('',(-36.5,-5.280946381274,2.221992856641));
#10903 = SURFACE_CURVE('',#10904,(#10927,#10953),.PCURVE_S1.);
#10904 = B_SPLINE_CURVE_WITH_KNOTS('',3,(#10905,#10906,#10907,#10908,
    #10909,#10910,#10911,#10912,#10913,#10914,#10915,#10916,#10917,
    #10918,#10919,#10920,#10921,#10922,#10923,#10924,#10925,#10926),
  .UNSPECIFIED.,.F.,.F.,(4,2,2,2,2,2,2,2,2,2,4),(0.,1.144573796935E-03,
    2.28914759387E-03,2.861434492338E-03,3.433721390805E-03,
    4.57829518774E-03,5.722868984676E-03,6.867442781611E-03,
    7.439729680078E-03,8.012016578546E-03,9.156590375481E-03),
  .UNSPECIFIED.);
#10905 = CARTESIAN_POINT('',(-36.5,-2.148512601492,-5.311265436606));
#10906 = CARTESIAN_POINT('',(-36.5,-2.502279618627,-5.168159635667));
#10907 = CARTESIAN_POINT('',(-36.5,-2.839973241217,-4.990529240649));
#10908 = CARTESIAN_POINT('',(-36.5,-3.47582537713,-4.570499760453));
#10909 = CARTESIAN_POINT('',(-36.5,-3.769788742055,-4.330805775275));
#10910 = CARTESIAN_POINT('',(-36.5,-4.170250815323,-3.933197146808));
#10911 = CARTESIAN_POINT('',(-36.5,-4.297290450748,-3.794040307137));
#10912 = CARTESIAN_POINT('',(-36.5,-4.53824652033,-3.502251503103));
#10913 = CARTESIAN_POINT('',(-36.5,-4.652708821505,-3.348720498317));
#10914 = CARTESIAN_POINT('',(-36.5,-4.969669325239,-2.876101424051));
#10915 = CARTESIAN_POINT('',(-36.5,-5.147280300526,-2.544274499768));
#10916 = CARTESIAN_POINT('',(-36.5,-5.43633239408,-1.847733022768));
#10917 = CARTESIAN_POINT('',(-36.5,-5.547874642348,-1.479518602233));
#10918 = CARTESIAN_POINT('',(-36.5,-5.693946709374,-0.739499298418));
#10919 = CARTESIAN_POINT('',(-36.5,-5.730295820225,-0.364921092973));
#10920 = CARTESIAN_POINT('',(-36.5,-5.728875909398,0.203912763724));
#10921 = CARTESIAN_POINT('',(-36.5,-5.718849872466,0.395214014532));
#10922 = CARTESIAN_POINT('',(-36.5,-5.68032078363,0.771617635974));
#10923 = CARTESIAN_POINT('',(-36.5,-5.651872052042,0.957750899888));
#10924 = CARTESIAN_POINT('',(-36.5,-5.539541204639,1.510072960855));
#10925 = CARTESIAN_POINT('',(-36.5,-5.428946475484,1.870245298314));
#10926 = CARTESIAN_POINT('',(-36.5,-5.280946381274,2.221992856641));
#10927 = PCURVE('',#1313,#10928);
#10928 = DEFINITIONAL_REPRESENTATION('',(#10929),#10952);
#10929 = B_SPLINE_CURVE_WITH_KNOTS('',3,(#10930,#10931,#10932,#10933,
    #10934,#10935,#10936,#10937,#10938,#10939,#10940,#10941,#10942,
    #10943,#10944,#10945,#10946,#10947,#10948,#10949,#10950,#10951),
  .UNSPECIFIED.,.F.,.F.,(4,2,2,2,2,2,2,2,2,2,4),(0.,1.144573796935E-03,
    2.28914759387E-03,2.861434492338E-03,3.433721390805E-03,
    4.57829518774E-03,5.722868984676E-03,6.867442781611E-03,
    7.439729680078E-03,8.012016578546E-03,9.156590375481E-03),
  .UNSPECIFIED.);
#10930 = CARTESIAN_POINT('',(2.148512601492,-5.311265436606));
#10931 = CARTESIAN_POINT('',(2.502279618627,-5.168159635667));
#10932 = CARTESIAN_POINT('',(2.839973241217,-4.990529240649));
#10933 = CARTESIAN_POINT('',(3.475825377131,-4.570499760453));
#10934 = CARTESIAN_POINT('',(3.769788742055,-4.330805775275));
#10935 = CARTESIAN_POINT('',(4.170250815323,-3.933197146808));
#10936 = CARTESIAN_POINT('',(4.297290450748,-3.794040307137));
#10937 = CARTESIAN_POINT('',(4.53824652033,-3.502251503103));
#10938 = CARTESIAN_POINT('',(4.652708821505,-3.348720498317));
#10939 = CARTESIAN_POINT('',(4.969669325239,-2.876101424051));
#10940 = CARTESIAN_POINT('',(5.147280300526,-2.544274499768));
#10941 = CARTESIAN_POINT('',(5.43633239408,-1.847733022768));
#10942 = CARTESIAN_POINT('',(5.547874642348,-1.479518602233));
#10943 = CARTESIAN_POINT('',(5.693946709374,-0.739499298418));
#10944 = CARTESIAN_POINT('',(5.730295820225,-0.364921092973));
#10945 = CARTESIAN_POINT('',(5.728875909398,0.203912763724));
#10946 = CARTESIAN_POINT('',(5.718849872466,0.395214014532));
#10947 = CARTESIAN_POINT('',(5.680320783631,0.771617635974));
#10948 = CARTESIAN_POINT('',(5.651872052042,0.957750899888));
#10949 = CARTESIAN_POINT('',(5.539541204639,1.510072960855));
#10950 = CARTESIAN_POINT('',(5.428946475484,1.870245298314));
#10951 = CARTESIAN_POINT('',(5.280946381274,2.221992856641));
#10952 = ( GEOMETRIC_REPRESENTATION_CONTEXT(2) 
PARAMETRIC_REPRESENTATION_CONTEXT() REPRESENTATION_CONTEXT('2D SPACE',''
  ) );
#10953 = PCURVE('',#8785,#10954);
#10954 = DEFINITIONAL_REPRESENTATION('',(#10955),#11003);
#10955 = B_SPLINE_CURVE_WITH_KNOTS('',3,(#10956,#10957,#10958,#10959,
    #10960,#10961,#10962,#10963,#10964,#10965,#10966,#10967,#10968,
    #10969,#10970,#10971,#10972,#10973,#10974,#10975,#10976,#10977,
    #10978,#10979,#10980,#10981,#10982,#10983,#10984,#10985,#10986,
    #10987,#10988,#10989,#10990,#10991,#10992,#10993,#10994,#10995,
    #10996,#10997,#10998,#10999,#11000,#11001,#11002),.UNSPECIFIED.,.F.,
  .F.,(4,1,1,1,1,1,1,1,1,1,1,1,1,1,1,1,1,1,1,1,1,1,1,1,1,1,1,1,1,1,1,1,1
    ,1,1,1,1,1,1,1,1,1,1,1,4),(0.,2.081043267155E-04,4.162086534309E-04,
    6.243129801464E-04,8.324173068619E-04,1.040521633577E-03,
    1.248625960293E-03,1.456730287008E-03,1.664834613724E-03,
    1.872938940439E-03,2.081043267155E-03,2.28914759387E-03,
    2.497251920586E-03,2.705356247301E-03,2.913460574017E-03,
    3.121564900732E-03,3.329669227448E-03,3.537773554163E-03,
    3.745877880879E-03,3.953982207594E-03,4.162086534309E-03,
    4.370190861025E-03,4.57829518774E-03,4.786399514456E-03,
    4.994503841171E-03,5.202608167887E-03,5.410712494602E-03,
    5.618816821318E-03,5.826921148033E-03,6.035025474749E-03,
    6.243129801464E-03,6.45123412818E-03,6.659338454895E-03,
    6.867442781611E-03,7.075547108326E-03,7.283651435042E-03,
    7.491755761757E-03,7.699860088473E-03,7.907964415188E-03,
    8.116068741904E-03,8.324173068619E-03,8.532277395334E-03,
    8.74038172205E-03,8.948486048765E-03,9.156590375481E-03),
  .QUASI_UNIFORM_KNOTS.);
#10956 = CARTESIAN_POINT('',(1.,4.757913682629E-02));
#10957 = CARTESIAN_POINT('',(0.992515619779,4.750095616347E-02));
#10958 = CARTESIAN_POINT('',(0.977668720926,4.734420108034E-02));
#10959 = CARTESIAN_POINT('',(0.955797114123,4.710747803345E-02));
#10960 = CARTESIAN_POINT('',(0.934284857766,4.686915222928E-02));
#10961 = CARTESIAN_POINT('',(0.913346477909,4.662782248128E-02));
#10962 = CARTESIAN_POINT('',(0.892187795632,4.638755249533E-02));
#10963 = CARTESIAN_POINT('',(0.870532815601,4.614937950522E-02));
#10964 = CARTESIAN_POINT('',(0.848596576271,4.591393556886E-02));
#10965 = CARTESIAN_POINT('',(0.82637006779,4.568089754515E-02));
#10966 = CARTESIAN_POINT('',(0.803884073161,4.544999507161E-02));
#10967 = CARTESIAN_POINT('',(0.78115667664,4.522094309943E-02));
#10968 = CARTESIAN_POINT('',(0.758216196476,4.499354440101E-02));
#10969 = CARTESIAN_POINT('',(0.73506237478,4.476733660739E-02));
#10970 = CARTESIAN_POINT('',(0.711667982363,4.454161928208E-02));
#10971 = CARTESIAN_POINT('',(0.688050906613,4.431614023229E-02));
#10972 = CARTESIAN_POINT('',(0.66414172624,4.408982519925E-02));
#10973 = CARTESIAN_POINT('',(0.64008476765,4.38636198953E-02));
#10974 = CARTESIAN_POINT('',(0.616053285698,4.363869963723E-02));
#10975 = CARTESIAN_POINT('',(0.59208494265,4.341496428361E-02));
#10976 = CARTESIAN_POINT('',(0.568168219441,4.319186808415E-02));
#10977 = CARTESIAN_POINT('',(0.544306499304,4.296901258454E-02));
#10978 = CARTESIAN_POINT('',(0.520494950013,4.274592430009E-02));
#10979 = CARTESIAN_POINT('',(0.496746460199,4.252229400076E-02));
#10980 = CARTESIAN_POINT('',(0.473014580905,4.229724184905E-02));
#10981 = CARTESIAN_POINT('',(0.449331082027,4.207060551174E-02));
#10982 = CARTESIAN_POINT('',(0.425788298165,4.184280183875E-02));
#10983 = CARTESIAN_POINT('',(0.402462968428,4.161411785744E-02));
#10984 = CARTESIAN_POINT('',(0.379429006377,4.138483285665E-02));
#10985 = CARTESIAN_POINT('',(0.356773864401,4.115541006816E-02));
#10986 = CARTESIAN_POINT('',(0.334453087986,4.092497561594E-02));
#10987 = CARTESIAN_POINT('',(0.31246284913,4.069309924586E-02));
#10988 = CARTESIAN_POINT('',(0.290815835223,4.04592489892E-02));
#10989 = CARTESIAN_POINT('',(0.269463709119,4.022317367106E-02));
#10990 = CARTESIAN_POINT('',(0.248593219326,3.998349757297E-02));
#10991 = CARTESIAN_POINT('',(0.22751016099,3.974302243383E-02));
#10992 = CARTESIAN_POINT('',(0.205890817761,3.950475996653E-02));
#10993 = CARTESIAN_POINT('',(0.184030569006,3.926956779559E-02));
#10994 = CARTESIAN_POINT('',(0.161928107292,3.903734004585E-02));
#10995 = CARTESIAN_POINT('',(0.139565712221,3.880723809186E-02));
#10996 = CARTESIAN_POINT('',(0.116950178731,3.857888359957E-02));
#10997 = CARTESIAN_POINT('',(9.40809108104E-02,3.835180140688E-02));
#10998 = CARTESIAN_POINT('',(7.09580304722E-02,3.812555630734E-02));
#10999 = CARTESIAN_POINT('',(4.757951643285E-02,3.789970257065E-02));
#11000 = CARTESIAN_POINT('',(2.394257871468E-02,3.767379691471E-02));
#11001 = CARTESIAN_POINT('',(8.010256528586E-03,3.752286237331E-02));
#11002 = CARTESIAN_POINT('',(0.,3.744723841589E-02));
#11003 = ( GEOMETRIC_REPRESENTATION_CONTEXT(2) 
PARAMETRIC_REPRESENTATION_CONTEXT() REPRESENTATION_CONTEXT('2D SPACE',''
  ) );
#11004 = ORIENTED_EDGE('',*,*,#11005,.T.);
#11005 = EDGE_CURVE('',#10901,#1374,#11006,.T.);
#11006 = SURFACE_CURVE('',#11007,(#11012,#11020),.PCURVE_S1.);
#11007 = B_SPLINE_CURVE_WITH_KNOTS('',3,(#11008,#11009,#11010,#11011),
  .UNSPECIFIED.,.F.,.F.,(4,4),(0.,8.221779657028E-04),
  .PIECEWISE_BEZIER_KNOTS.);
#11008 = CARTESIAN_POINT('',(-36.5,-5.280946381274,2.221992856641));
#11009 = CARTESIAN_POINT('',(-36.5,-5.180818474853,2.477654193294));
#11010 = CARTESIAN_POINT('',(-36.5,-5.062364163778,2.725966366276));
#11011 = CARTESIAN_POINT('',(-36.5,-4.927239972457,2.963917383097));
#11012 = PCURVE('',#1313,#11013);
#11013 = DEFINITIONAL_REPRESENTATION('',(#11014),#11019);
#11014 = B_SPLINE_CURVE_WITH_KNOTS('',3,(#11015,#11016,#11017,#11018),
  .UNSPECIFIED.,.F.,.F.,(4,4),(0.,8.221779657028E-04),
  .PIECEWISE_BEZIER_KNOTS.);
#11015 = CARTESIAN_POINT('',(5.280946381274,2.221992856641));
#11016 = CARTESIAN_POINT('',(5.180818474853,2.477654193294));
#11017 = CARTESIAN_POINT('',(5.062364163778,2.725966366276));
#11018 = CARTESIAN_POINT('',(4.927239972457,2.963917383097));
#11019 = ( GEOMETRIC_REPRESENTATION_CONTEXT(2) 
PARAMETRIC_REPRESENTATION_CONTEXT() REPRESENTATION_CONTEXT('2D SPACE',''
  ) );
#11020 = PCURVE('',#1421,#11021);
#11021 = DEFINITIONAL_REPRESENTATION('',(#11022),#11048);
#11022 = B_SPLINE_CURVE_WITH_KNOTS('',3,(#11023,#11024,#11025,#11026,
    #11027,#11028,#11029,#11030,#11031,#11032,#11033,#11034,#11035,
    #11036,#11037,#11038,#11039,#11040,#11041,#11042,#11043,#11044,
    #11045,#11046,#11047),.UNSPECIFIED.,.F.,.F.,(4,1,1,1,1,1,1,1,1,1,1,1
    ,1,1,1,1,1,1,1,1,1,1,4),(0.,3.737172571376E-05,7.474345142753E-05,
    1.121151771413E-04,1.494869028551E-04,1.868586285688E-04,
    2.242303542826E-04,2.616020799964E-04,2.989738057101E-04,
    3.363455314239E-04,3.737172571376E-04,4.110889828514E-04,
    4.484607085652E-04,4.858324342789E-04,5.232041599927E-04,
    5.605758857065E-04,5.979476114202E-04,6.35319337134E-04,
    6.726910628478E-04,7.100627885615E-04,7.474345142753E-04,
    7.848062399891E-04,8.221779657028E-04),.QUASI_UNIFORM_KNOTS.);
#11023 = CARTESIAN_POINT('',(1.,3.744723841589E-02));
#11024 = CARTESIAN_POINT('',(0.998847702999,3.743363995227E-02));
#11025 = CARTESIAN_POINT('',(0.996543114699,3.740645153787E-02));
#11026 = CARTESIAN_POINT('',(0.993085925684,3.736569392285E-02));
#11027 = CARTESIAN_POINT('',(0.98962808565,3.732496077984E-02));
#11028 = CARTESIAN_POINT('',(0.986169322892,3.728425158365E-02));
#11029 = CARTESIAN_POINT('',(0.982709413625,3.724356581465E-02));
#11030 = CARTESIAN_POINT('',(0.979248188837,3.720290295924E-02));
#11031 = CARTESIAN_POINT('',(0.975785532631,3.71622625091E-02));
#11032 = CARTESIAN_POINT('',(0.972321382832,3.712164396083E-02));
#11033 = CARTESIAN_POINT('',(0.968855730952,3.708104681545E-02));
#11034 = CARTESIAN_POINT('',(0.965388622311,3.7040470578E-02));
#11035 = CARTESIAN_POINT('',(0.961920156095,3.6999914757E-02));
#11036 = CARTESIAN_POINT('',(0.958450485402,3.695937886408E-02));
#11037 = CARTESIAN_POINT('',(0.954979817266,3.691886241349E-02));
#11038 = CARTESIAN_POINT('',(0.951508412678,3.687836492165E-02));
#11039 = CARTESIAN_POINT('',(0.948036586563,3.683788590672E-02));
#11040 = CARTESIAN_POINT('',(0.944564707775,3.679742488815E-02));
#11041 = CARTESIAN_POINT('',(0.941093199007,3.675698138622E-02));
#11042 = CARTESIAN_POINT('',(0.937622536866,3.671655492162E-02));
#11043 = CARTESIAN_POINT('',(0.934153251309,3.667614501499E-02));
#11044 = CARTESIAN_POINT('',(0.930685927346,3.663575118647E-02));
#11045 = CARTESIAN_POINT('',(0.927221198182,3.659537295542E-02));
#11046 = CARTESIAN_POINT('',(0.924913579578,3.656846421129E-02));
#11047 = CARTESIAN_POINT('',(0.92376043474,3.655501227802E-02));
#11048 = ( GEOMETRIC_REPRESENTATION_CONTEXT(2) 
PARAMETRIC_REPRESENTATION_CONTEXT() REPRESENTATION_CONTEXT('2D SPACE',''
  ) );
#11049 = ADVANCED_FACE('',(#11050),#2061,.T.);
#11050 = FACE_BOUND('',#11051,.T.);
#11051 = EDGE_LOOP('',(#11052,#11053,#11127));
#11052 = ORIENTED_EDGE('',*,*,#2045,.F.);
#11053 = ORIENTED_EDGE('',*,*,#11054,.T.);
#11054 = EDGE_CURVE('',#1376,#11055,#11057,.T.);
#11055 = VERTEX_POINT('',#11056);
#11056 = CARTESIAN_POINT('',(-36.25,-4.281152878228,-4.203775687789));
#11057 = SURFACE_CURVE('',#11058,(#11069,#11098),.PCURVE_S1.);
#11058 = B_SPLINE_CURVE_WITH_KNOTS('',3,(#11059,#11060,#11061,#11062,
    #11063,#11064,#11065,#11066,#11067,#11068),.UNSPECIFIED.,.F.,.F.,(4,
    2,2,2,4),(3.146258921232E-03,4.304126279802E-03,5.461993638372E-03,
    6.619860996942E-03,7.777728355513E-03),.UNSPECIFIED.);
#11059 = CARTESIAN_POINT('',(-36.39787659096,-5.852123409032,0.));
#11060 = CARTESIAN_POINT('',(-36.3866417871,-5.863358212897,
    -0.385043841835));
#11061 = CARTESIAN_POINT('',(-36.37477574179,-5.837027252061,
    -0.771919163047));
#11062 = CARTESIAN_POINT('',(-36.35033049563,-5.710174703843,
    -1.532478829798));
#11063 = CARTESIAN_POINT('',(-36.33778685168,-5.60983450912,
    -1.905062445574));
#11064 = CARTESIAN_POINT('',(-36.31264164478,-5.342060364389,
    -2.619132896897));
#11065 = CARTESIAN_POINT('',(-36.29987592603,-5.172909424223,
    -2.965295821345));
#11066 = CARTESIAN_POINT('',(-36.27448266834,-4.769170003442,
    -3.620748483805));
#11067 = CARTESIAN_POINT('',(-36.26209595331,-4.538874034038,
    -3.924046350351));
#11068 = CARTESIAN_POINT('',(-36.25,-4.281152878228,-4.203775687789));
#11069 = PCURVE('',#2061,#11070);
#11070 = DEFINITIONAL_REPRESENTATION('',(#11071),#11097);
#11071 = B_SPLINE_CURVE_WITH_KNOTS('',3,(#11072,#11073,#11074,#11075,
    #11076,#11077,#11078,#11079,#11080,#11081,#11082,#11083,#11084,
    #11085,#11086,#11087,#11088,#11089,#11090,#11091,#11092,#11093,
    #11094,#11095,#11096),.UNSPECIFIED.,.F.,.F.,(4,1,1,1,1,1,1,1,1,1,1,1
    ,1,1,1,1,1,1,1,1,1,1,4),(3.146258921232E-03,3.356780259153E-03,
    3.567301597075E-03,3.777822934997E-03,3.988344272919E-03,
    4.198865610841E-03,4.409386948763E-03,4.619908286685E-03,
    4.830429624606E-03,5.040950962528E-03,5.25147230045E-03,
    5.461993638372E-03,5.672514976294E-03,5.883036314216E-03,
    6.093557652138E-03,6.30407899006E-03,6.514600327981E-03,
    6.725121665903E-03,6.935643003825E-03,7.146164341747E-03,
    7.356685679669E-03,7.567207017591E-03,7.777728355513E-03),
  .QUASI_UNIFORM_KNOTS.);
#11072 = CARTESIAN_POINT('',(3.14159265359,0.102123409032));
#11073 = CARTESIAN_POINT('',(3.153555462488,0.104165457844));
#11074 = CARTESIAN_POINT('',(3.177476812588,0.108287260819));
#11075 = CARTESIAN_POINT('',(3.213338199283,0.114582027111));
#11076 = CARTESIAN_POINT('',(3.249171032675,0.120990923929));
#11077 = CARTESIAN_POINT('',(3.284967676115,0.12750508975));
#11078 = CARTESIAN_POINT('',(3.320719323486,0.134109838423));
#11079 = CARTESIAN_POINT('',(3.356423355378,0.140778519484));
#11080 = CARTESIAN_POINT('',(3.392029073532,0.147492382781));
#11081 = CARTESIAN_POINT('',(3.42753451135,0.154259551765));
#11082 = CARTESIAN_POINT('',(3.462928788904,0.161073665806));
#11083 = CARTESIAN_POINT('',(3.498211719452,0.167924312361));
#11084 = CARTESIAN_POINT('',(3.533346720407,0.174784992601));
#11085 = CARTESIAN_POINT('',(3.568431479844,0.181650227821));
#11086 = CARTESIAN_POINT('',(3.603566240116,0.188547998022));
#11087 = CARTESIAN_POINT('',(3.638716798121,0.195470787348));
#11088 = CARTESIAN_POINT('',(3.67388739476,0.202412283442));
#11089 = CARTESIAN_POINT('',(3.709065269673,0.209357514234));
#11090 = CARTESIAN_POINT('',(3.744271164295,0.216286602708));
#11091 = CARTESIAN_POINT('',(3.779236484378,0.22317204936));
#11092 = CARTESIAN_POINT('',(3.814039626127,0.229988739783));
#11093 = CARTESIAN_POINT('',(3.848716290689,0.236728106685));
#11094 = CARTESIAN_POINT('',(3.883312820279,0.243393366246));
#11095 = CARTESIAN_POINT('',(3.90635156098,0.247801820114));
#11096 = CARTESIAN_POINT('',(3.917871701255,0.25));
#11097 = ( GEOMETRIC_REPRESENTATION_CONTEXT(2) 
PARAMETRIC_REPRESENTATION_CONTEXT() REPRESENTATION_CONTEXT('2D SPACE',''
  ) );
#11098 = PCURVE('',#1421,#11099);
#11099 = DEFINITIONAL_REPRESENTATION('',(#11100),#11126);
#11100 = B_SPLINE_CURVE_WITH_KNOTS('',3,(#11101,#11102,#11103,#11104,
    #11105,#11106,#11107,#11108,#11109,#11110,#11111,#11112,#11113,
    #11114,#11115,#11116,#11117,#11118,#11119,#11120,#11121,#11122,
    #11123,#11124,#11125),.UNSPECIFIED.,.F.,.F.,(4,1,1,1,1,1,1,1,1,1,1,1
    ,1,1,1,1,1,1,1,1,1,1,4),(3.146258921232E-03,3.356780259153E-03,
    3.567301597075E-03,3.777822934997E-03,3.988344272919E-03,
    4.198865610841E-03,4.409386948763E-03,4.619908286685E-03,
    4.830429624606E-03,5.040950962528E-03,5.25147230045E-03,
    5.461993638372E-03,5.672514976294E-03,5.883036314216E-03,
    6.093557652138E-03,6.30407899006E-03,6.514600327981E-03,
    6.725121665903E-03,6.935643003825E-03,7.146164341747E-03,
    7.356685679669E-03,7.567207017591E-03,7.777728355513E-03),
  .QUASI_UNIFORM_KNOTS.);
#11101 = CARTESIAN_POINT('',(0.54641017584,4.E-02));
#11102 = CARTESIAN_POINT('',(0.538865892652,4.007975167697E-02));
#11103 = CARTESIAN_POINT('',(0.523645402851,4.023846120038E-02));
#11104 = CARTESIAN_POINT('',(0.500406559277,4.04742737763E-02));
#11105 = CARTESIAN_POINT('',(0.476729975487,4.070796567898E-02));
#11106 = CARTESIAN_POINT('',(0.452646544747,4.093966355712E-02));
#11107 = CARTESIAN_POINT('',(0.428218836706,4.116948298887E-02));
#11108 = CARTESIAN_POINT('',(0.403577764029,4.139757442485E-02));
#11109 = CARTESIAN_POINT('',(0.37879299401,4.162377933331E-02));
#11110 = CARTESIAN_POINT('',(0.353801729924,4.184824790281E-02));
#11111 = CARTESIAN_POINT('',(0.328618631,4.207106883213E-02));
#11112 = CARTESIAN_POINT('',(0.303284740573,4.229239369193E-02));
#11113 = CARTESIAN_POINT('',(0.277917205311,4.251214260499E-02));
#11114 = CARTESIAN_POINT('',(0.25256515776,4.27310703065E-02));
#11115 = CARTESIAN_POINT('',(0.227094216057,4.294993778177E-02));
#11116 = CARTESIAN_POINT('',(0.201518117461,4.316866643115E-02));
#11117 = CARTESIAN_POINT('',(0.175857670454,4.33874178988E-02));
#11118 = CARTESIAN_POINT('',(0.150175410337,4.360624786638E-02));
#11119 = CARTESIAN_POINT('',(0.124572783627,4.382542185076E-02));
#11120 = CARTESIAN_POINT('',(9.908941180903E-02,4.404340060101E-02));
#11121 = CARTESIAN_POINT('',(7.38780246186E-02,4.426080069898E-02));
#11122 = CARTESIAN_POINT('',(4.898425637735E-02,4.447797271459E-02));
#11123 = CARTESIAN_POINT('',(2.439249982499E-02,4.469533409752E-02));
#11124 = CARTESIAN_POINT('',(8.12034182113E-03,4.484063021703E-02));
#11125 = CARTESIAN_POINT('',(0.,4.491344212484E-02));
#11126 = ( GEOMETRIC_REPRESENTATION_CONTEXT(2) 
PARAMETRIC_REPRESENTATION_CONTEXT() REPRESENTATION_CONTEXT('2D SPACE',''
  ) );
#11127 = ORIENTED_EDGE('',*,*,#11128,.F.);
#11128 = EDGE_CURVE('',#2046,#11055,#11129,.T.);
#11129 = SURFACE_CURVE('',#11130,(#11135,#11142),.PCURVE_S1.);
#11130 = CIRCLE('',#11131,6.);
#11131 = AXIS2_PLACEMENT_3D('',#11132,#11133,#11134);
#11132 = CARTESIAN_POINT('',(-36.25,1.20736753928E-14,0.));
#11133 = DIRECTION('',(1.,-3.330669073875E-16,0.));
#11134 = DIRECTION('',(-3.330669073875E-16,-1.,0.));
#11135 = PCURVE('',#2061,#11136);
#11136 = DEFINITIONAL_REPRESENTATION('',(#11137),#11141);
#11137 = LINE('',#11138,#11139);
#11138 = CARTESIAN_POINT('',(3.14159265359,0.25));
#11139 = VECTOR('',#11140,1.);
#11140 = DIRECTION('',(1.,0.));
#11141 = ( GEOMETRIC_REPRESENTATION_CONTEXT(2) 
PARAMETRIC_REPRESENTATION_CONTEXT() REPRESENTATION_CONTEXT('2D SPACE',''
  ) );
#11142 = PCURVE('',#3235,#11143);
#11143 = DEFINITIONAL_REPRESENTATION('',(#11144),#11148);
#11144 = LINE('',#11145,#11146);
#11145 = CARTESIAN_POINT('',(6.28318530718,-0.25));
#11146 = VECTOR('',#11147,1.);
#11147 = DIRECTION('',(-1.,0.));
#11148 = ( GEOMETRIC_REPRESENTATION_CONTEXT(2) 
PARAMETRIC_REPRESENTATION_CONTEXT() REPRESENTATION_CONTEXT('2D SPACE',''
  ) );
#11149 = ADVANCED_FACE('',(#11150),#2216,.T.);
#11150 = FACE_BOUND('',#11151,.T.);
#11151 = EDGE_LOOP('',(#11152,#11153,#11200,#11201,#11202,#11203,#11204,
    #11205,#11206,#11207,#11208,#11209,#11210,#11211,#11212,#11213,
    #11214,#11215,#11216,#11217,#11218,#11219,#11220,#11221,#11222,
    #11223,#11224,#11225,#11226,#11227,#11228,#11229,#11230,#11231,
    #11232,#11233,#11234,#11235,#11236,#11237,#11238,#11239,#11240,
    #11241,#11242,#11243,#11534,#11535));
#11152 = ORIENTED_EDGE('',*,*,#2073,.F.);
#11153 = ORIENTED_EDGE('',*,*,#11154,.T.);
#11154 = EDGE_CURVE('',#2046,#3164,#11155,.T.);
#11155 = SURFACE_CURVE('',#11156,(#11164,#11171),.PCURVE_S1.);
#11156 = ( BOUNDED_CURVE() B_SPLINE_CURVE(2,(#11157,#11158,#11159,#11160
    ,#11161,#11162,#11163),.UNSPECIFIED.,.F.,.F.) 
B_SPLINE_CURVE_WITH_KNOTS((3,2,2,3),(8.E-02,8.666666666667E-02,
9.333333333333E-02,0.1),.PIECEWISE_BEZIER_KNOTS.) CURVE() 
GEOMETRIC_REPRESENTATION_ITEM() RATIONAL_B_SPLINE_CURVE((1.,
    0.866025403784,1.,0.866025403784,1.,0.866025403784,1.)) 
REPRESENTATION_ITEM('') );
#11157 = CARTESIAN_POINT('',(-36.25,-6.,0.));
#11158 = CARTESIAN_POINT('',(-36.20833333333,-6.,-3.464101615138));
#11159 = CARTESIAN_POINT('',(-36.16666666666,-3.,-5.196152422707));
#11160 = CARTESIAN_POINT('',(-36.125,1.160781193389E-14,-6.928203230276)
  );
#11161 = CARTESIAN_POINT('',(-36.08333333333,3.,-5.196152422707));
#11162 = CARTESIAN_POINT('',(-36.04166666666,6.,-3.464101615138));
#11163 = CARTESIAN_POINT('',(-36.,6.,-7.347880794884E-16));
#11164 = PCURVE('',#2216,#11165);
#11165 = DEFINITIONAL_REPRESENTATION('',(#11166),#11170);
#11166 = LINE('',#11167,#11168);
#11167 = CARTESIAN_POINT('',(1.,0.));
#11168 = VECTOR('',#11169,1.);
#11169 = DIRECTION('',(-5.551115123126E-14,1.));
#11170 = ( GEOMETRIC_REPRESENTATION_CONTEXT(2) 
PARAMETRIC_REPRESENTATION_CONTEXT() REPRESENTATION_CONTEXT('2D SPACE',''
  ) );
#11171 = PCURVE('',#3235,#11172);
#11172 = DEFINITIONAL_REPRESENTATION('',(#11173),#11199);
#11173 = B_SPLINE_CURVE_WITH_KNOTS('',3,(#11174,#11175,#11176,#11177,
    #11178,#11179,#11180,#11181,#11182,#11183,#11184,#11185,#11186,
    #11187,#11188,#11189,#11190,#11191,#11192,#11193,#11194,#11195,
    #11196,#11197,#11198),.UNSPECIFIED.,.F.,.F.,(4,1,1,1,1,1,1,1,1,1,1,1
    ,1,1,1,1,1,1,1,1,1,1,4),(8.E-02,8.090909090909E-02,
    8.181818181818E-02,8.272727272727E-02,8.363636363636E-02,
    8.454545454545E-02,8.545454545455E-02,8.636363636364E-02,
    8.727272727273E-02,8.818181818182E-02,8.909090909091E-02,9.E-02,
    9.090909090909E-02,9.181818181818E-02,9.272727272727E-02,
    9.363636363636E-02,9.454545454545E-02,9.545454545455E-02,
    9.636363636364E-02,9.727272727273E-02,9.818181818182E-02,
    9.909090909091E-02,0.1),.QUASI_UNIFORM_KNOTS.);
#11174 = CARTESIAN_POINT('',(6.28318530718,-0.25));
#11175 = CARTESIAN_POINT('',(6.237747997493,-0.253273714118));
#11176 = CARTESIAN_POINT('',(6.145145803381,-0.26022500775));
#11177 = CARTESIAN_POINT('',(6.002408060168,-0.271559314821));
#11178 = CARTESIAN_POINT('',(5.85711898895,-0.283522949989));
#11179 = CARTESIAN_POINT('',(5.710789732229,-0.295746206114));
#11180 = CARTESIAN_POINT('',(5.564990855957,-0.307836797911));
#11181 = CARTESIAN_POINT('',(5.421212408016,-0.319426334368));
#11182 = CARTESIAN_POINT('',(5.281012806584,-0.330153433971));
#11183 = CARTESIAN_POINT('',(5.145013381859,-0.339905985654));
#11184 = CARTESIAN_POINT('',(5.003069607686,-0.35104502265));
#11185 = CARTESIAN_POINT('',(4.858560976536,-0.36281652551));
#11186 = CARTESIAN_POINT('',(4.712388980385,-0.375));
#11187 = CARTESIAN_POINT('',(4.566216984234,-0.38718347449));
#11188 = CARTESIAN_POINT('',(4.421708353083,-0.39895497735));
#11189 = CARTESIAN_POINT('',(4.279764578911,-0.410094014345));
#11190 = CARTESIAN_POINT('',(4.143765154185,-0.419846566029));
#11191 = CARTESIAN_POINT('',(4.003565552753,-0.430573665632));
#11192 = CARTESIAN_POINT('',(3.859787104812,-0.442163202089));
#11193 = CARTESIAN_POINT('',(3.71398822854,-0.454253793886));
#11194 = CARTESIAN_POINT('',(3.567658971819,-0.466477050011));
#11195 = CARTESIAN_POINT('',(3.422369900601,-0.478440685179));
#11196 = CARTESIAN_POINT('',(3.279632157388,-0.48977499225));
#11197 = CARTESIAN_POINT('',(3.187029963276,-0.496726285882));
#11198 = CARTESIAN_POINT('',(3.14159265359,-0.5));
#11199 = ( GEOMETRIC_REPRESENTATION_CONTEXT(2) 
PARAMETRIC_REPRESENTATION_CONTEXT() REPRESENTATION_CONTEXT('2D SPACE',''
  ) );
#11200 = ORIENTED_EDGE('',*,*,#3163,.T.);
#11201 = ORIENTED_EDGE('',*,*,#8551,.T.);
#11202 = ORIENTED_EDGE('',*,*,#6418,.T.);
#11203 = ORIENTED_EDGE('',*,*,#8452,.T.);
#11204 = ORIENTED_EDGE('',*,*,#6261,.T.);
#11205 = ORIENTED_EDGE('',*,*,#8353,.T.);
#11206 = ORIENTED_EDGE('',*,*,#6104,.T.);
#11207 = ORIENTED_EDGE('',*,*,#8254,.T.);
#11208 = ORIENTED_EDGE('',*,*,#5947,.T.);
#11209 = ORIENTED_EDGE('',*,*,#8155,.T.);
#11210 = ORIENTED_EDGE('',*,*,#5790,.T.);
#11211 = ORIENTED_EDGE('',*,*,#8056,.T.);
#11212 = ORIENTED_EDGE('',*,*,#5633,.T.);
#11213 = ORIENTED_EDGE('',*,*,#7957,.T.);
#11214 = ORIENTED_EDGE('',*,*,#5476,.T.);
#11215 = ORIENTED_EDGE('',*,*,#7858,.T.);
#11216 = ORIENTED_EDGE('',*,*,#5319,.T.);
#11217 = ORIENTED_EDGE('',*,*,#7759,.T.);
#11218 = ORIENTED_EDGE('',*,*,#5162,.T.);
#11219 = ORIENTED_EDGE('',*,*,#7660,.T.);
#11220 = ORIENTED_EDGE('',*,*,#5005,.T.);
#11221 = ORIENTED_EDGE('',*,*,#7561,.T.);
#11222 = ORIENTED_EDGE('',*,*,#4848,.T.);
#11223 = ORIENTED_EDGE('',*,*,#7462,.T.);
#11224 = ORIENTED_EDGE('',*,*,#4691,.T.);
#11225 = ORIENTED_EDGE('',*,*,#7363,.T.);
#11226 = ORIENTED_EDGE('',*,*,#4534,.T.);
#11227 = ORIENTED_EDGE('',*,*,#7264,.T.);
#11228 = ORIENTED_EDGE('',*,*,#4377,.T.);
#11229 = ORIENTED_EDGE('',*,*,#7165,.T.);
#11230 = ORIENTED_EDGE('',*,*,#4220,.T.);
#11231 = ORIENTED_EDGE('',*,*,#7066,.T.);
#11232 = ORIENTED_EDGE('',*,*,#4063,.T.);
#11233 = ORIENTED_EDGE('',*,*,#6967,.T.);
#11234 = ORIENTED_EDGE('',*,*,#3906,.T.);
#11235 = ORIENTED_EDGE('',*,*,#6868,.T.);
#11236 = ORIENTED_EDGE('',*,*,#3749,.T.);
#11237 = ORIENTED_EDGE('',*,*,#6769,.T.);
#11238 = ORIENTED_EDGE('',*,*,#3592,.T.);
#11239 = ORIENTED_EDGE('',*,*,#6670,.T.);
#11240 = ORIENTED_EDGE('',*,*,#3435,.T.);
#11241 = ORIENTED_EDGE('',*,*,#6571,.T.);
#11242 = ORIENTED_EDGE('',*,*,#9431,.F.);
#11243 = ORIENTED_EDGE('',*,*,#11244,.F.);
#11244 = EDGE_CURVE('',#10854,#8713,#11245,.T.);
#11245 = SURFACE_CURVE('',#11246,(#11520,#11527),.PCURVE_S1.);
#11246 = ( BOUNDED_CURVE() B_SPLINE_CURVE(2,(#11247,#11248,#11249,#11250
    ,#11251,#11252,#11253,#11254,#11255,#11256,#11257,#11258,#11259,
    #11260,#11261,#11262,#11263,#11264,#11265,#11266,#11267,#11268,
    #11269,#11270,#11271,#11272,#11273,#11274,#11275,#11276,#11277,
    #11278,#11279,#11280,#11281,#11282,#11283,#11284,#11285,#11286,
    #11287,#11288,#11289,#11290,#11291,#11292,#11293,#11294,#11295,
    #11296,#11297,#11298,#11299,#11300,#11301,#11302,#11303,#11304,
    #11305,#11306,#11307,#11308,#11309,#11310,#11311,#11312,#11313,
    #11314,#11315,#11316,#11317,#11318,#11319,#11320,#11321,#11322,
    #11323,#11324,#11325,#11326,#11327,#11328,#11329,#11330,#11331,
    #11332,#11333,#11334,#11335,#11336,#11337,#11338,#11339,#11340,
    #11341,#11342,#11343,#11344,#11345,#11346,#11347,#11348,#11349,
    #11350,#11351,#11352,#11353,#11354,#11355,#11356,#11357,#11358,
    #11359,#11360,#11361,#11362,#11363,#11364,#11365,#11366,#11367,
    #11368,#11369,#11370,#11371,#11372,#11373,#11374,#11375,#11376,
    #11377,#11378,#11379,#11380,#11381,#11382,#11383,#11384,#11385,
    #11386,#11387,#11388,#11389,#11390,#11391,#11392,#11393,#11394,
    #11395,#11396,#11397,#11398,#11399,#11400,#11401,#11402,#11403,
    #11404,#11405,#11406,#11407,#11408,#11409,#11410,#11411,#11412,
    #11413,#11414,#11415,#11416,#11417,#11418,#11419,#11420,#11421,
    #11422,#11423,#11424,#11425,#11426,#11427,#11428,#11429,#11430,
    #11431,#11432,#11433,#11434,#11435,#11436,#11437,#11438,#11439,
    #11440,#11441,#11442,#11443,#11444,#11445,#11446,#11447,#11448,
    #11449,#11450,#11451,#11452,#11453,#11454,#11455,#11456,#11457,
    #11458,#11459,#11460,#11461,#11462,#11463,#11464,#11465,#11466,
    #11467,#11468,#11469,#11470,#11471,#11472,#11473,#11474,#11475,
    #11476,#11477,#11478,#11479,#11480,#11481,#11482,#11483,#11484,
    #11485,#11486,#11487,#11488,#11489,#11490,#11491,#11492,#11493,
    #11494,#11495,#11496,#11497,#11498,#11499,#11500,#11501,#11502,
    #11503,#11504,#11505,#11506,#11507,#11508,#11509,#11510,#11511,
    #11512,#11513,#11514,#11515,#11516,#11517,#11518,#11519),
.UNSPECIFIED.,.F.,.F.) B_SPLINE_CURVE_WITH_KNOTS((3,2,2,2,2,2,2,2,2,2,2,
    2,2,2,2,2,2,2,2,2,2,2,2,2,2,2,2,2,2,2,2,2,2,2,2,2,2,2,2,2,2,2,2,2,2,
    2,2,2,2,2,2,2,2,2,2,2,2,2,2,2,2,2,2,2,2,2,2,2,2,2,2,2,2,2,2,2,2,2,2,
    2,2,2,2,2,2,2,2,2,2,2,2,2,2,2,2,2,2,2,2,2,2,2,2,2,2,2,2,2,2,2,2,2,2,
    2,2,2,2,2,2,2,2,2,2,2,2,2,2,2,2,2,2,2,2,2,2,2,3),(4.757913682629E-02
    ,5.333333333333E-02,6.E-02,6.666666666667E-02,7.333333333333E-02,
    8.E-02,8.666666666667E-02,9.333333333333E-02,0.1,0.106666666667,
    0.113333333333,0.12,0.126666666667,0.133333333333,0.14,
    0.146666666667,0.153333333333,0.16,0.166666666667,0.173333333333,
    0.18,0.186666666667,0.193333333333,0.2,0.206666666667,0.213333333333
    ,0.22,0.226666666667,0.233333333333,0.24,0.246666666667,
    0.253333333333,0.26,0.266666666667,0.273333333333,0.28,
    0.286666666667,0.293333333333,0.3,0.306666666667,0.313333333333,0.32
    ,0.326666666667,0.333333333333,0.34,0.346666666667,0.353333333333,
    0.36,0.366666666667,0.373333333333,0.38,0.386666666667,
    0.393333333333,0.4,0.406666666667,0.413333333333,0.42,0.426666666667
    ,0.433333333333,0.44,0.446666666667,0.453333333333,0.46,
    0.466666666667,0.473333333333,0.48,0.486666666667,0.493333333333,0.5
    ,0.506666666667,0.513333333333,0.52,0.526666666667,0.533333333333,
    0.54,0.546666666667,0.553333333333,0.56,0.566666666667,
    0.573333333333,0.58,0.586666666667,0.593333333333,0.6,0.606666666667
    ,0.613333333333,0.62,0.626666666667,0.633333333333,0.64,
    0.646666666667,0.653333333333,0.66,0.666666666667,0.673333333333,
    0.68,0.686666666667,0.693333333333,0.7,0.706666666667,0.713333333333
    ,0.72,0.726666666667,0.733333333333,0.74,0.746666666667,
    0.753333333333,0.76,0.766666666667,0.773333333333,0.78,
    0.786666666667,0.793333333333,0.8,0.806666666667,0.813333333333,0.82
    ,0.826666666667,0.833333333333,0.84,0.846666666667,0.853333333333,
    0.86,0.866666666667,0.873333333333,0.88,0.886666666667,
    0.893333333333,0.9,0.906666666667,0.913333333333,0.92,0.926666666667
    ,0.933333333333,0.94,0.946666666667,0.94920428952),.UNSPECIFIED.) 
CURVE() GEOMETRIC_REPRESENTATION_ITEM() RATIONAL_B_SPLINE_CURVE((
    0.968345290643,0.884362576964,1.,0.866025403784,1.,0.866025403784,1.
    ,0.866025403784,1.,0.866025403784,1.,0.866025403784,1.,
    0.866025403784,1.,0.866025403784,1.,0.866025403784,1.,0.866025403784
    ,1.,0.866025403784,1.,0.866025403784,1.,0.866025403784,1.,
    0.866025403784,1.,0.866025403784,1.,0.866025403784,1.,0.866025403784
    ,1.,0.866025403784,1.,0.866025403784,1.,0.866025403784,1.,
    0.866025403784,1.,0.866025403784,1.,0.866025403784,1.,0.866025403784
    ,1.,0.866025403784,1.,0.866025403784,1.,0.866025403784,1.,
    0.866025403784,1.,0.866025403784,1.,0.866025403784,1.,0.866025403784
    ,1.,0.866025403784,1.,0.866025403784,1.,0.866025403784,1.,
    0.866025403784,1.,0.866025403784,1.,0.866025403784,1.,0.866025403784
    ,1.,0.866025403784,1.,0.866025403784,1.,0.866025403784,1.,
    0.866025403784,1.,0.866025403784,1.,0.866025403784,1.,0.866025403784
    ,1.,0.866025403784,1.,0.866025403784,1.,0.866025403784,1.,
    0.866025403784,1.,0.866025403784,1.,0.866025403784,1.,0.866025403784
    ,1.,0.866025403784,1.,0.866025403784,1.,0.866025403784,1.,
    0.866025403784,1.,0.866025403784,1.,0.866025403784,1.,0.866025403784
    ,1.,0.866025403784,1.,0.866025403784,1.,0.866025403784,1.,
    0.866025403784,1.,0.866025403784,1.,0.866025403784,1.,0.866025403784
    ,1.,0.866025403784,1.,0.866025403784,1.,0.866025403784,1.,
    0.866025403784,1.,0.866025403784,1.,0.866025403784,1.,0.866025403784
    ,1.,0.866025403784,1.,0.866025403784,1.,0.866025403784,1.,
    0.866025403784,1.,0.866025403784,1.,0.866025403784,1.,0.866025403784
    ,1.,0.866025403784,1.,0.866025403784,1.,0.866025403784,1.,
    0.866025403784,1.,0.866025403784,1.,0.866025403784,1.,0.866025403784
    ,1.,0.866025403784,1.,0.866025403784,1.,0.866025403784,1.,
    0.866025403784,1.,0.866025403784,1.,0.866025403784,1.,0.866025403784
    ,1.,0.866025403784,1.,0.866025403784,1.,0.866025403784,1.,
    0.866025403784,1.,0.866025403784,1.,0.866025403784,1.,0.866025403784
    ,1.,0.866025403784,1.,0.866025403784,1.,0.866025403784,1.,
    0.866025403784,1.,0.866025403784,1.,0.866025403784,1.,0.866025403784
    ,1.,0.866025403784,1.,0.866025403784,1.,0.866025403784,1.,
    0.866025403784,1.,0.866025403784,1.,0.866025403784,1.,0.866025403784
    ,1.,0.866025403784,1.,0.866025403784,1.,0.866025403784,1.,
    0.866025403784,1.,0.866025403784,1.,0.866025403784,1.,0.866025403784
    ,1.,0.866025403784,1.,0.866025403784,1.,0.866025403784,1.,
    0.866025403784,1.,0.866025403784,1.,0.866025403784,1.,0.866025403784
    ,1.,0.866025403784,1.,0.866025403784,1.,0.866025403784,1.,
    0.866025403784,1.,0.866025403784,1.,0.866025403784,1.,0.949003450432
,0.936829903751)) REPRESENTATION_ITEM('') );
#11247 = CARTESIAN_POINT('',(-36.5,-2.148512601492,-5.311265436606));
#11248 = CARTESIAN_POINT('',(-36.46230135773,0.443359710222,
    -6.359729383596));
#11249 = CARTESIAN_POINT('',(-36.42708333401,2.86468353125,
    -4.961777423731));
#11250 = CARTESIAN_POINT('',(-36.38541666734,5.7293670625,
    -3.307851615821));
#11251 = CARTESIAN_POINT('',(-36.34375000068,5.7293670625,
    -7.016451034231E-16));
#11252 = CARTESIAN_POINT('',(-36.30208333401,5.7293670625,3.307851615821
    ));
#11253 = CARTESIAN_POINT('',(-36.26041666734,2.86468353125,
    4.961777423731));
#11254 = CARTESIAN_POINT('',(-36.21875000068,1.327855202018E-14,
    6.615703231641));
#11255 = CARTESIAN_POINT('',(-36.17708333401,-2.86468353125,
    4.961777423731));
#11256 = CARTESIAN_POINT('',(-36.13541666734,-5.7293670625,
    3.307851615821));
#11257 = CARTESIAN_POINT('',(-36.09375000068,-5.7293670625,0.));
#11258 = CARTESIAN_POINT('',(-36.05208333401,-5.7293670625,
    -3.307851615821));
#11259 = CARTESIAN_POINT('',(-36.01041666734,-2.86468353125,
    -4.961777423731));
#11260 = CARTESIAN_POINT('',(-35.96875000068,1.157490533599E-14,
    -6.615703231641));
#11261 = CARTESIAN_POINT('',(-35.92708333401,2.86468353125,
    -4.961777423731));
#11262 = CARTESIAN_POINT('',(-35.88541666734,5.7293670625,
    -3.307851615821));
#11263 = CARTESIAN_POINT('',(-35.84375000068,5.7293670625,
    -7.016451034231E-16));
#11264 = CARTESIAN_POINT('',(-35.80208333401,5.7293670625,3.307851615821
    ));
#11265 = CARTESIAN_POINT('',(-35.76041666734,2.86468353125,
    4.961777423731));
#11266 = CARTESIAN_POINT('',(-35.71875000068,1.311201856649E-14,
    6.615703231641));
#11267 = CARTESIAN_POINT('',(-35.67708333401,-2.86468353125,
    4.961777423731));
#11268 = CARTESIAN_POINT('',(-35.63541666734,-5.7293670625,
    3.307851615821));
#11269 = CARTESIAN_POINT('',(-35.59375000068,-5.7293670625,0.));
#11270 = CARTESIAN_POINT('',(-35.55208333401,-5.7293670625,
    -3.307851615821));
#11271 = CARTESIAN_POINT('',(-35.51041666734,-2.86468353125,
    -4.961777423731));
#11272 = CARTESIAN_POINT('',(-35.46875000068,1.140837188229E-14,
    -6.615703231641));
#11273 = CARTESIAN_POINT('',(-35.42708333401,2.86468353125,
    -4.961777423731));
#11274 = CARTESIAN_POINT('',(-35.38541666734,5.7293670625,
    -3.307851615821));
#11275 = CARTESIAN_POINT('',(-35.34375000068,5.7293670625,
    -7.016451034231E-16));
#11276 = CARTESIAN_POINT('',(-35.30208333401,5.7293670625,3.307851615821
    ));
#11277 = CARTESIAN_POINT('',(-35.26041666734,2.86468353125,
    4.961777423731));
#11278 = CARTESIAN_POINT('',(-35.21875000068,1.294548511279E-14,
    6.615703231641));
#11279 = CARTESIAN_POINT('',(-35.17708333401,-2.86468353125,
    4.961777423731));
#11280 = CARTESIAN_POINT('',(-35.13541666734,-5.7293670625,
    3.307851615821));
#11281 = CARTESIAN_POINT('',(-35.09375000068,-5.7293670625,0.));
#11282 = CARTESIAN_POINT('',(-35.05208333401,-5.7293670625,
    -3.307851615821));
#11283 = CARTESIAN_POINT('',(-35.01041666734,-2.86468353125,
    -4.961777423731));
#11284 = CARTESIAN_POINT('',(-34.96875000068,1.12418384286E-14,
    -6.615703231641));
#11285 = CARTESIAN_POINT('',(-34.92708333401,2.86468353125,
    -4.961777423731));
#11286 = CARTESIAN_POINT('',(-34.88541666734,5.7293670625,
    -3.307851615821));
#11287 = CARTESIAN_POINT('',(-34.84375000068,5.7293670625,
    -7.016451034231E-16));
#11288 = CARTESIAN_POINT('',(-34.80208333401,5.7293670625,3.307851615821
    ));
#11289 = CARTESIAN_POINT('',(-34.76041666734,2.86468353125,
    4.961777423731));
#11290 = CARTESIAN_POINT('',(-34.71875000068,1.27789516591E-14,
    6.615703231641));
#11291 = CARTESIAN_POINT('',(-34.67708333401,-2.86468353125,
    4.961777423731));
#11292 = CARTESIAN_POINT('',(-34.63541666734,-5.7293670625,
    3.307851615821));
#11293 = CARTESIAN_POINT('',(-34.59375000068,-5.7293670625,0.));
#11294 = CARTESIAN_POINT('',(-34.55208333401,-5.7293670625,
    -3.307851615821));
#11295 = CARTESIAN_POINT('',(-34.51041666734,-2.86468353125,
    -4.961777423731));
#11296 = CARTESIAN_POINT('',(-34.46875000068,1.107530497491E-14,
    -6.615703231641));
#11297 = CARTESIAN_POINT('',(-34.42708333401,2.86468353125,
    -4.961777423731));
#11298 = CARTESIAN_POINT('',(-34.38541666734,5.7293670625,
    -3.307851615821));
#11299 = CARTESIAN_POINT('',(-34.34375000068,5.7293670625,
    -7.016451034231E-16));
#11300 = CARTESIAN_POINT('',(-34.30208333401,5.7293670625,3.307851615821
    ));
#11301 = CARTESIAN_POINT('',(-34.26041666734,2.86468353125,
    4.961777423731));
#11302 = CARTESIAN_POINT('',(-34.21875000068,1.261241820541E-14,
    6.615703231641));
#11303 = CARTESIAN_POINT('',(-34.17708333401,-2.86468353125,
    4.961777423731));
#11304 = CARTESIAN_POINT('',(-34.13541666734,-5.7293670625,
    3.307851615821));
#11305 = CARTESIAN_POINT('',(-34.09375000068,-5.7293670625,0.));
#11306 = CARTESIAN_POINT('',(-34.05208333401,-5.7293670625,
    -3.307851615821));
#11307 = CARTESIAN_POINT('',(-34.01041666734,-2.86468353125,
    -4.961777423731));
#11308 = CARTESIAN_POINT('',(-33.96875000068,1.090877152121E-14,
    -6.615703231641));
#11309 = CARTESIAN_POINT('',(-33.92708333401,2.86468353125,
    -4.961777423731));
#11310 = CARTESIAN_POINT('',(-33.88541666734,5.7293670625,
    -3.307851615821));
#11311 = CARTESIAN_POINT('',(-33.84375000068,5.7293670625,
    -7.016451034231E-16));
#11312 = CARTESIAN_POINT('',(-33.80208333401,5.7293670625,3.307851615821
    ));
#11313 = CARTESIAN_POINT('',(-33.76041666734,2.86468353125,
    4.961777423731));
#11314 = CARTESIAN_POINT('',(-33.71875000068,1.244588475171E-14,
    6.615703231641));
#11315 = CARTESIAN_POINT('',(-33.67708333401,-2.86468353125,
    4.961777423731));
#11316 = CARTESIAN_POINT('',(-33.63541666734,-5.7293670625,
    3.307851615821));
#11317 = CARTESIAN_POINT('',(-33.59375000068,-5.7293670625,0.));
#11318 = CARTESIAN_POINT('',(-33.55208333401,-5.7293670625,
    -3.307851615821));
#11319 = CARTESIAN_POINT('',(-33.51041666734,-2.86468353125,
    -4.961777423731));
#11320 = CARTESIAN_POINT('',(-33.46875000068,1.074223806752E-14,
    -6.615703231641));
#11321 = CARTESIAN_POINT('',(-33.42708333401,2.86468353125,
    -4.961777423731));
#11322 = CARTESIAN_POINT('',(-33.38541666734,5.7293670625,
    -3.307851615821));
#11323 = CARTESIAN_POINT('',(-33.34375000068,5.7293670625,
    -7.016451034231E-16));
#11324 = CARTESIAN_POINT('',(-33.30208333401,5.7293670625,3.307851615821
    ));
#11325 = CARTESIAN_POINT('',(-33.26041666734,2.86468353125,
    4.961777423731));
#11326 = CARTESIAN_POINT('',(-33.21875000068,1.227935129802E-14,
    6.615703231641));
#11327 = CARTESIAN_POINT('',(-33.17708333401,-2.86468353125,
    4.961777423731));
#11328 = CARTESIAN_POINT('',(-33.13541666734,-5.7293670625,
    3.307851615821));
#11329 = CARTESIAN_POINT('',(-33.09375000068,-5.7293670625,0.));
#11330 = CARTESIAN_POINT('',(-33.05208333401,-5.7293670625,
    -3.307851615821));
#11331 = CARTESIAN_POINT('',(-33.01041666734,-2.86468353125,
    -4.961777423731));
#11332 = CARTESIAN_POINT('',(-32.96875000068,1.057570461382E-14,
    -6.615703231641));
#11333 = CARTESIAN_POINT('',(-32.92708333401,2.86468353125,
    -4.961777423731));
#11334 = CARTESIAN_POINT('',(-32.88541666734,5.7293670625,
    -3.307851615821));
#11335 = CARTESIAN_POINT('',(-32.84375000068,5.7293670625,
    -7.016451034231E-16));
#11336 = CARTESIAN_POINT('',(-32.80208333401,5.7293670625,3.307851615821
    ));
#11337 = CARTESIAN_POINT('',(-32.76041666734,2.86468353125,
    4.961777423731));
#11338 = CARTESIAN_POINT('',(-32.71875000068,1.211281784432E-14,
    6.615703231641));
#11339 = CARTESIAN_POINT('',(-32.67708333401,-2.86468353125,
    4.961777423731));
#11340 = CARTESIAN_POINT('',(-32.63541666734,-5.7293670625,
    3.307851615821));
#11341 = CARTESIAN_POINT('',(-32.59375000068,-5.7293670625,0.));
#11342 = CARTESIAN_POINT('',(-32.55208333401,-5.7293670625,
    -3.307851615821));
#11343 = CARTESIAN_POINT('',(-32.51041666734,-2.86468353125,
    -4.961777423731));
#11344 = CARTESIAN_POINT('',(-32.46875000068,1.040917116013E-14,
    -6.615703231641));
#11345 = CARTESIAN_POINT('',(-32.42708333401,2.86468353125,
    -4.961777423731));
#11346 = CARTESIAN_POINT('',(-32.38541666734,5.7293670625,
    -3.307851615821));
#11347 = CARTESIAN_POINT('',(-32.34375000068,5.7293670625,
    -7.016451034231E-16));
#11348 = CARTESIAN_POINT('',(-32.30208333401,5.7293670625,3.307851615821
    ));
#11349 = CARTESIAN_POINT('',(-32.26041666734,2.86468353125,
    4.961777423731));
#11350 = CARTESIAN_POINT('',(-32.21875000068,1.194628439063E-14,
    6.615703231641));
#11351 = CARTESIAN_POINT('',(-32.17708333401,-2.86468353125,
    4.961777423731));
#11352 = CARTESIAN_POINT('',(-32.13541666734,-5.7293670625,
    3.307851615821));
#11353 = CARTESIAN_POINT('',(-32.09375000068,-5.7293670625,0.));
#11354 = CARTESIAN_POINT('',(-32.05208333401,-5.7293670625,
    -3.307851615821));
#11355 = CARTESIAN_POINT('',(-32.01041666734,-2.86468353125,
    -4.961777423731));
#11356 = CARTESIAN_POINT('',(-31.96875000068,1.024263770644E-14,
    -6.615703231641));
#11357 = CARTESIAN_POINT('',(-31.92708333401,2.86468353125,
    -4.961777423731));
#11358 = CARTESIAN_POINT('',(-31.88541666734,5.7293670625,
    -3.307851615821));
#11359 = CARTESIAN_POINT('',(-31.84375000068,5.7293670625,
    -7.016451034231E-16));
#11360 = CARTESIAN_POINT('',(-31.80208333401,5.7293670625,3.307851615821
    ));
#11361 = CARTESIAN_POINT('',(-31.76041666734,2.86468353125,
    4.961777423731));
#11362 = CARTESIAN_POINT('',(-31.71875000068,1.177975093694E-14,
    6.615703231641));
#11363 = CARTESIAN_POINT('',(-31.67708333401,-2.86468353125,
    4.961777423731));
#11364 = CARTESIAN_POINT('',(-31.63541666734,-5.7293670625,
    3.307851615821));
#11365 = CARTESIAN_POINT('',(-31.59375000068,-5.7293670625,0.));
#11366 = CARTESIAN_POINT('',(-31.55208333401,-5.7293670625,
    -3.307851615821));
#11367 = CARTESIAN_POINT('',(-31.51041666734,-2.86468353125,
    -4.961777423731));
#11368 = CARTESIAN_POINT('',(-31.46875000068,1.007610425274E-14,
    -6.615703231641));
#11369 = CARTESIAN_POINT('',(-31.42708333401,2.86468353125,
    -4.961777423731));
#11370 = CARTESIAN_POINT('',(-31.38541666734,5.7293670625,
    -3.307851615821));
#11371 = CARTESIAN_POINT('',(-31.34375000068,5.7293670625,
    -7.016451034231E-16));
#11372 = CARTESIAN_POINT('',(-31.30208333401,5.7293670625,3.307851615821
    ));
#11373 = CARTESIAN_POINT('',(-31.26041666734,2.86468353125,
    4.961777423731));
#11374 = CARTESIAN_POINT('',(-31.21875000068,1.161321748324E-14,
    6.615703231641));
#11375 = CARTESIAN_POINT('',(-31.17708333401,-2.86468353125,
    4.961777423731));
#11376 = CARTESIAN_POINT('',(-31.13541666734,-5.7293670625,
    3.307851615821));
#11377 = CARTESIAN_POINT('',(-31.09375000068,-5.7293670625,0.));
#11378 = CARTESIAN_POINT('',(-31.05208333401,-5.7293670625,
    -3.307851615821));
#11379 = CARTESIAN_POINT('',(-31.01041666734,-2.86468353125,
    -4.961777423731));
#11380 = CARTESIAN_POINT('',(-30.96875000068,9.909570799049E-15,
    -6.615703231641));
#11381 = CARTESIAN_POINT('',(-30.92708333401,2.86468353125,
    -4.961777423731));
#11382 = CARTESIAN_POINT('',(-30.88541666734,5.7293670625,
    -3.307851615821));
#11383 = CARTESIAN_POINT('',(-30.84375000068,5.7293670625,
    -7.016451034231E-16));
#11384 = CARTESIAN_POINT('',(-30.80208333401,5.7293670625,3.307851615821
    ));
#11385 = CARTESIAN_POINT('',(-30.76041666734,2.86468353125,
    4.961777423731));
#11386 = CARTESIAN_POINT('',(-30.71875000068,1.144668402955E-14,
    6.615703231641));
#11387 = CARTESIAN_POINT('',(-30.67708333401,-2.86468353125,
    4.961777423731));
#11388 = CARTESIAN_POINT('',(-30.63541666734,-5.7293670625,
    3.307851615821));
#11389 = CARTESIAN_POINT('',(-30.59375000068,-5.7293670625,0.));
#11390 = CARTESIAN_POINT('',(-30.55208333401,-5.7293670625,
    -3.307851615821));
#11391 = CARTESIAN_POINT('',(-30.51041666734,-2.86468353125,
    -4.961777423731));
#11392 = CARTESIAN_POINT('',(-30.46875000068,9.743037345355E-15,
    -6.615703231641));
#11393 = CARTESIAN_POINT('',(-30.42708333401,2.86468353125,
    -4.961777423731));
#11394 = CARTESIAN_POINT('',(-30.38541666734,5.7293670625,
    -3.307851615821));
#11395 = CARTESIAN_POINT('',(-30.34375000068,5.7293670625,
    -7.016451034231E-16));
#11396 = CARTESIAN_POINT('',(-30.30208333401,5.7293670625,3.307851615821
    ));
#11397 = CARTESIAN_POINT('',(-30.26041666734,2.86468353125,
    4.961777423731));
#11398 = CARTESIAN_POINT('',(-30.21875000068,1.128015057586E-14,
    6.615703231641));
#11399 = CARTESIAN_POINT('',(-30.17708333401,-2.86468353125,
    4.961777423731));
#11400 = CARTESIAN_POINT('',(-30.13541666734,-5.7293670625,
    3.307851615821));
#11401 = CARTESIAN_POINT('',(-30.09375000068,-5.7293670625,0.));
#11402 = CARTESIAN_POINT('',(-30.05208333401,-5.7293670625,
    -3.307851615821));
#11403 = CARTESIAN_POINT('',(-30.01041666734,-2.86468353125,
    -4.961777423731));
#11404 = CARTESIAN_POINT('',(-29.96875000068,9.576503891661E-15,
    -6.615703231641));
#11405 = CARTESIAN_POINT('',(-29.92708333401,2.86468353125,
    -4.961777423731));
#11406 = CARTESIAN_POINT('',(-29.88541666734,5.7293670625,
    -3.307851615821));
#11407 = CARTESIAN_POINT('',(-29.84375000068,5.7293670625,
    -7.016451034231E-16));
#11408 = CARTESIAN_POINT('',(-29.80208333401,5.7293670625,3.307851615821
    ));
#11409 = CARTESIAN_POINT('',(-29.76041666734,2.86468353125,
    4.961777423731));
#11410 = CARTESIAN_POINT('',(-29.71875000068,1.111361712216E-14,
    6.615703231641));
#11411 = CARTESIAN_POINT('',(-29.67708333401,-2.86468353125,
    4.961777423731));
#11412 = CARTESIAN_POINT('',(-29.63541666734,-5.7293670625,
    3.307851615821));
#11413 = CARTESIAN_POINT('',(-29.59375000068,-5.7293670625,0.));
#11414 = CARTESIAN_POINT('',(-29.55208333401,-5.7293670625,
    -3.307851615821));
#11415 = CARTESIAN_POINT('',(-29.51041666734,-2.86468353125,
    -4.961777423731));
#11416 = CARTESIAN_POINT('',(-29.46875000068,9.409970437967E-15,
    -6.615703231641));
#11417 = CARTESIAN_POINT('',(-29.42708333401,2.86468353125,
    -4.961777423731));
#11418 = CARTESIAN_POINT('',(-29.38541666734,5.7293670625,
    -3.307851615821));
#11419 = CARTESIAN_POINT('',(-29.34375000068,5.7293670625,
    -7.016451034231E-16));
#11420 = CARTESIAN_POINT('',(-29.30208333401,5.7293670625,3.307851615821
    ));
#11421 = CARTESIAN_POINT('',(-29.26041666734,2.86468353125,
    4.961777423731));
#11422 = CARTESIAN_POINT('',(-29.21875000068,1.094708366847E-14,
    6.615703231641));
#11423 = CARTESIAN_POINT('',(-29.17708333401,-2.86468353125,
    4.961777423731));
#11424 = CARTESIAN_POINT('',(-29.13541666734,-5.7293670625,
    3.307851615821));
#11425 = CARTESIAN_POINT('',(-29.09375000068,-5.7293670625,0.));
#11426 = CARTESIAN_POINT('',(-29.05208333401,-5.7293670625,
    -3.307851615821));
#11427 = CARTESIAN_POINT('',(-29.01041666734,-2.86468353125,
    -4.961777423731));
#11428 = CARTESIAN_POINT('',(-28.96875000068,9.243436984274E-15,
    -6.615703231641));
#11429 = CARTESIAN_POINT('',(-28.92708333401,2.86468353125,
    -4.961777423731));
#11430 = CARTESIAN_POINT('',(-28.88541666734,5.7293670625,
    -3.307851615821));
#11431 = CARTESIAN_POINT('',(-28.84375000068,5.7293670625,
    -7.016451034231E-16));
#11432 = CARTESIAN_POINT('',(-28.80208333401,5.7293670625,3.307851615821
    ));
#11433 = CARTESIAN_POINT('',(-28.76041666734,2.86468353125,
    4.961777423731));
#11434 = CARTESIAN_POINT('',(-28.71875000068,1.078055021477E-14,
    6.615703231641));
#11435 = CARTESIAN_POINT('',(-28.67708333401,-2.86468353125,
    4.961777423731));
#11436 = CARTESIAN_POINT('',(-28.63541666734,-5.7293670625,
    3.307851615821));
#11437 = CARTESIAN_POINT('',(-28.59375000068,-5.7293670625,0.));
#11438 = CARTESIAN_POINT('',(-28.55208333401,-5.7293670625,
    -3.307851615821));
#11439 = CARTESIAN_POINT('',(-28.51041666734,-2.86468353125,
    -4.961777423731));
#11440 = CARTESIAN_POINT('',(-28.46875000068,9.07690353058E-15,
    -6.615703231641));
#11441 = CARTESIAN_POINT('',(-28.42708333401,2.86468353125,
    -4.961777423731));
#11442 = CARTESIAN_POINT('',(-28.38541666734,5.7293670625,
    -3.307851615821));
#11443 = CARTESIAN_POINT('',(-28.34375000068,5.7293670625,
    -7.016451034231E-16));
#11444 = CARTESIAN_POINT('',(-28.30208333401,5.7293670625,3.307851615821
    ));
#11445 = CARTESIAN_POINT('',(-28.26041666734,2.86468353125,
    4.961777423731));
#11446 = CARTESIAN_POINT('',(-28.21875000068,1.061401676108E-14,
    6.615703231641));
#11447 = CARTESIAN_POINT('',(-28.17708333401,-2.86468353125,
    4.961777423731));
#11448 = CARTESIAN_POINT('',(-28.13541666734,-5.7293670625,
    3.307851615821));
#11449 = CARTESIAN_POINT('',(-28.09375000068,-5.7293670625,0.));
#11450 = CARTESIAN_POINT('',(-28.05208333401,-5.7293670625,
    -3.307851615821));
#11451 = CARTESIAN_POINT('',(-28.01041666734,-2.86468353125,
    -4.961777423731));
#11452 = CARTESIAN_POINT('',(-27.96875000068,8.910370076886E-15,
    -6.615703231641));
#11453 = CARTESIAN_POINT('',(-27.92708333401,2.86468353125,
    -4.961777423731));
#11454 = CARTESIAN_POINT('',(-27.88541666734,5.7293670625,
    -3.307851615821));
#11455 = CARTESIAN_POINT('',(-27.84375000068,5.7293670625,
    -7.016451034231E-16));
#11456 = CARTESIAN_POINT('',(-27.80208333401,5.7293670625,3.307851615821
    ));
#11457 = CARTESIAN_POINT('',(-27.76041666734,2.86468353125,
    4.961777423731));
#11458 = CARTESIAN_POINT('',(-27.71875000068,1.044748330739E-14,
    6.615703231641));
#11459 = CARTESIAN_POINT('',(-27.67708333401,-2.86468353125,
    4.961777423731));
#11460 = CARTESIAN_POINT('',(-27.63541666734,-5.7293670625,
    3.307851615821));
#11461 = CARTESIAN_POINT('',(-27.59375000068,-5.7293670625,0.));
#11462 = CARTESIAN_POINT('',(-27.55208333401,-5.7293670625,
    -3.307851615821));
#11463 = CARTESIAN_POINT('',(-27.51041666734,-2.86468353125,
    -4.961777423731));
#11464 = CARTESIAN_POINT('',(-27.46875000068,8.743836623192E-15,
    -6.615703231641));
#11465 = CARTESIAN_POINT('',(-27.42708333401,2.86468353125,
    -4.961777423731));
#11466 = CARTESIAN_POINT('',(-27.38541666734,5.7293670625,
    -3.307851615821));
#11467 = CARTESIAN_POINT('',(-27.34375000068,5.7293670625,
    -7.016451034231E-16));
#11468 = CARTESIAN_POINT('',(-27.30208333401,5.7293670625,3.307851615821
    ));
#11469 = CARTESIAN_POINT('',(-27.26041666734,2.86468353125,
    4.961777423731));
#11470 = CARTESIAN_POINT('',(-27.21875000068,1.028094985369E-14,
    6.615703231641));
#11471 = CARTESIAN_POINT('',(-27.17708333401,-2.86468353125,
    4.961777423731));
#11472 = CARTESIAN_POINT('',(-27.13541666734,-5.7293670625,
    3.307851615821));
#11473 = CARTESIAN_POINT('',(-27.09375000068,-5.7293670625,0.));
#11474 = CARTESIAN_POINT('',(-27.05208333401,-5.7293670625,
    -3.307851615821));
#11475 = CARTESIAN_POINT('',(-27.01041666734,-2.86468353125,
    -4.961777423731));
#11476 = CARTESIAN_POINT('',(-26.96875000068,8.577303169498E-15,
    -6.615703231641));
#11477 = CARTESIAN_POINT('',(-26.92708333401,2.86468353125,
    -4.961777423731));
#11478 = CARTESIAN_POINT('',(-26.88541666734,5.7293670625,
    -3.307851615821));
#11479 = CARTESIAN_POINT('',(-26.84375000068,5.7293670625,
    -7.016451034231E-16));
#11480 = CARTESIAN_POINT('',(-26.80208333401,5.7293670625,3.307851615821
    ));
#11481 = CARTESIAN_POINT('',(-26.76041666734,2.86468353125,
    4.961777423731));
#11482 = CARTESIAN_POINT('',(-26.71875000068,1.01144164E-14,
    6.615703231641));
#11483 = CARTESIAN_POINT('',(-26.67708333401,-2.86468353125,
    4.961777423731));
#11484 = CARTESIAN_POINT('',(-26.63541666734,-5.7293670625,
    3.307851615821));
#11485 = CARTESIAN_POINT('',(-26.59375000068,-5.7293670625,0.));
#11486 = CARTESIAN_POINT('',(-26.55208333401,-5.7293670625,
    -3.307851615821));
#11487 = CARTESIAN_POINT('',(-26.51041666734,-2.86468353125,
    -4.961777423731));
#11488 = CARTESIAN_POINT('',(-26.46875000068,8.410769715805E-15,
    -6.615703231641));
#11489 = CARTESIAN_POINT('',(-26.42708333401,2.86468353125,
    -4.961777423731));
#11490 = CARTESIAN_POINT('',(-26.38541666734,5.7293670625,
    -3.307851615821));
#11491 = CARTESIAN_POINT('',(-26.34375000068,5.7293670625,
    -7.016451034231E-16));
#11492 = CARTESIAN_POINT('',(-26.30208333401,5.7293670625,3.307851615821
    ));
#11493 = CARTESIAN_POINT('',(-26.26041666734,2.86468353125,
    4.961777423731));
#11494 = CARTESIAN_POINT('',(-26.21875000068,9.947882946305E-15,
    6.615703231641));
#11495 = CARTESIAN_POINT('',(-26.17708333401,-2.86468353125,
    4.961777423731));
#11496 = CARTESIAN_POINT('',(-26.13541666734,-5.7293670625,
    3.307851615821));
#11497 = CARTESIAN_POINT('',(-26.09375000068,-5.7293670625,0.));
#11498 = CARTESIAN_POINT('',(-26.05208333401,-5.7293670625,
    -3.307851615821));
#11499 = CARTESIAN_POINT('',(-26.01041666734,-2.86468353125,
    -4.961777423731));
#11500 = CARTESIAN_POINT('',(-25.96875000068,8.244236262111E-15,
    -6.615703231641));
#11501 = CARTESIAN_POINT('',(-25.92708333401,2.86468353125,
    -4.961777423731));
#11502 = CARTESIAN_POINT('',(-25.88541666734,5.7293670625,
    -3.307851615821));
#11503 = CARTESIAN_POINT('',(-25.84375000068,5.7293670625,
    -7.016451034231E-16));
#11504 = CARTESIAN_POINT('',(-25.80208333401,5.7293670625,3.307851615821
    ));
#11505 = CARTESIAN_POINT('',(-25.76041666734,2.86468353125,
    4.961777423731));
#11506 = CARTESIAN_POINT('',(-25.71875000068,9.781349492612E-15,
    6.615703231641));
#11507 = CARTESIAN_POINT('',(-25.67708333401,-2.86468353125,
    4.961777423731));
#11508 = CARTESIAN_POINT('',(-25.63541666734,-5.7293670625,
    3.307851615821));
#11509 = CARTESIAN_POINT('',(-25.59375000068,-5.7293670625,0.));
#11510 = CARTESIAN_POINT('',(-25.55208333401,-5.7293670625,
    -3.307851615821));
#11511 = CARTESIAN_POINT('',(-25.51041666734,-2.86468353125,
    -4.961777423731));
#11512 = CARTESIAN_POINT('',(-25.46875000068,8.077702808417E-15,
    -6.615703231641));
#11513 = CARTESIAN_POINT('',(-25.42708333401,2.86468353125,
    -4.961777423731));
#11514 = CARTESIAN_POINT('',(-25.38541666734,5.7293670625,
    -3.307851615821));
#11515 = CARTESIAN_POINT('',(-25.34375000068,5.7293670625,
    -7.016451034231E-16));
#11516 = CARTESIAN_POINT('',(-25.30208333401,5.7293670625,3.307851615821
    ));
#11517 = CARTESIAN_POINT('',(-25.26041666734,2.86468353125,
    4.961777423731));
#11518 = CARTESIAN_POINT('',(-25.24594328835,1.86960392081,
    5.536286904683));
#11519 = CARTESIAN_POINT('',(-25.2293670625,0.729948531311,
    5.682677368855));
#11520 = PCURVE('',#2216,#11521);
#11521 = DEFINITIONAL_REPRESENTATION('',(#11522),#11526);
#11522 = LINE('',#11523,#11524);
#11523 = CARTESIAN_POINT('',(-3.783694342603E-16,0.));
#11524 = VECTOR('',#11525,1.);
#11525 = DIRECTION('',(2.631790190258E-15,1.));
#11526 = ( GEOMETRIC_REPRESENTATION_CONTEXT(2) 
PARAMETRIC_REPRESENTATION_CONTEXT() REPRESENTATION_CONTEXT('2D SPACE',''
  ) );
#11527 = PCURVE('',#8785,#11528);
#11528 = DEFINITIONAL_REPRESENTATION('',(#11529),#11533);
#11529 = LINE('',#11530,#11531);
#11530 = CARTESIAN_POINT('',(1.,0.));
#11531 = VECTOR('',#11532,1.);
#11532 = DIRECTION('',(1.896290773183E-14,1.));
#11533 = ( GEOMETRIC_REPRESENTATION_CONTEXT(2) 
PARAMETRIC_REPRESENTATION_CONTEXT() REPRESENTATION_CONTEXT('2D SPACE',''
  ) );
#11534 = ORIENTED_EDGE('',*,*,#10853,.F.);
#11535 = ORIENTED_EDGE('',*,*,#2984,.F.);
#11536 = ADVANCED_FACE('',(#11537),#8785,.T.);
#11537 = FACE_BOUND('',#11538,.T.);
#11538 = EDGE_LOOP('',(#11539,#11540,#11541,#11609,#11900));
#11539 = ORIENTED_EDGE('',*,*,#11244,.T.);
#11540 = ORIENTED_EDGE('',*,*,#8712,.F.);
#11541 = ORIENTED_EDGE('',*,*,#11542,.F.);
#11542 = EDGE_CURVE('',#11543,#8685,#11545,.T.);
#11543 = VERTEX_POINT('',#11544);
#11544 = CARTESIAN_POINT('',(-25.2293670625,5.671866936681,
    -0.809674248973));
#11545 = SURFACE_CURVE('',#11546,(#11551,#11580),.PCURVE_S1.);
#11546 = B_SPLINE_CURVE_WITH_KNOTS('',3,(#11547,#11548,#11549,#11550),
  .UNSPECIFIED.,.F.,.F.,(4,4),(2.955325115194E-16,8.137621942189E-04),
  .PIECEWISE_BEZIER_KNOTS.);
#11547 = CARTESIAN_POINT('',(-25.2293670625,5.671866936681,
    -0.809674248973));
#11548 = CARTESIAN_POINT('',(-25.2293670625,5.710209696648,
    -0.54107853558));
#11549 = CARTESIAN_POINT('',(-25.2293670625,5.7293670625,-0.270290192947
    ));
#11550 = CARTESIAN_POINT('',(-25.2293670625,5.7293670625,
    -7.016451034231E-16));
#11551 = PCURVE('',#8785,#11552);
#11552 = DEFINITIONAL_REPRESENTATION('',(#11553),#11579);
#11553 = B_SPLINE_CURVE_WITH_KNOTS('',3,(#11554,#11555,#11556,#11557,
    #11558,#11559,#11560,#11561,#11562,#11563,#11564,#11565,#11566,
    #11567,#11568,#11569,#11570,#11571,#11572,#11573,#11574,#11575,
    #11576,#11577,#11578),.UNSPECIFIED.,.F.,.F.,(4,1,1,1,1,1,1,1,1,1,1,1
    ,1,1,1,1,1,1,1,1,1,1,4),(2.955325115194E-16,3.69891906466E-05,
    7.39783812929E-05,1.109675719392E-04,1.479567625855E-04,
    1.849459532318E-04,2.219351438781E-04,2.589243345244E-04,
    2.959135251707E-04,3.32902715817E-04,3.698919064633E-04,
    4.068810971096E-04,4.438702877559E-04,4.808594784022E-04,
    5.178486690485E-04,5.548378596948E-04,5.918270503411E-04,
    6.288162409874E-04,6.658054316337E-04,7.0279462228E-04,
    7.397838129263E-04,7.767730035726E-04,8.137621942189E-04),
  .QUASI_UNIFORM_KNOTS.);
#11554 = CARTESIAN_POINT('',(0.,0.939070796675));
#11555 = CARTESIAN_POINT('',(1.331693417323E-03,0.939084685675));
#11556 = CARTESIAN_POINT('',(3.991386194377E-03,0.939112478493));
#11557 = CARTESIAN_POINT('',(7.969687955889E-03,0.939154213166));
#11558 = CARTESIAN_POINT('',(1.193659702021E-02,0.939195994279));
#11559 = CARTESIAN_POINT('',(1.589195831062E-02,0.939237822827));
#11560 = CARTESIAN_POINT('',(1.983561693748E-02,0.939279699804));
#11561 = CARTESIAN_POINT('',(2.376741825037E-02,0.939321626205));
#11562 = CARTESIAN_POINT('',(2.768720786912E-02,0.939363603024));
#11563 = CARTESIAN_POINT('',(3.15948317195E-02,0.939405631259));
#11564 = CARTESIAN_POINT('',(3.549013606762E-02,0.939447711908));
#11565 = CARTESIAN_POINT('',(3.937296755468E-02,0.93948984597));
#11566 = CARTESIAN_POINT('',(4.324317323068E-02,0.939532034446));
#11567 = CARTESIAN_POINT('',(4.710060058866E-02,0.939574278342));
#11568 = CARTESIAN_POINT('',(5.09450975977E-02,0.939616578664));
#11569 = CARTESIAN_POINT('',(5.477651273617E-02,0.939658936424));
#11570 = CARTESIAN_POINT('',(5.859469502465E-02,0.939701352635));
#11571 = CARTESIAN_POINT('',(6.239949405772E-02,0.939743828315));
#11572 = CARTESIAN_POINT('',(6.619076003574E-02,0.939786364488));
#11573 = CARTESIAN_POINT('',(6.996834379779E-02,0.93982896218));
#11574 = CARTESIAN_POINT('',(7.373209684515E-02,0.939871622424));
#11575 = CARTESIAN_POINT('',(7.748187139843E-02,0.939914346257));
#11576 = CARTESIAN_POINT('',(8.121752032809E-02,0.939957134725));
#11577 = CARTESIAN_POINT('',(8.369843847733E-02,0.93998570416));
#11578 = CARTESIAN_POINT('',(8.493649453742E-02,0.94));
#11579 = ( GEOMETRIC_REPRESENTATION_CONTEXT(2) 
PARAMETRIC_REPRESENTATION_CONTEXT() REPRESENTATION_CONTEXT('2D SPACE',''
  ) );
#11580 = PCURVE('',#8700,#11581);
#11581 = DEFINITIONAL_REPRESENTATION('',(#11582),#11608);
#11582 = B_SPLINE_CURVE_WITH_KNOTS('',3,(#11583,#11584,#11585,#11586,
    #11587,#11588,#11589,#11590,#11591,#11592,#11593,#11594,#11595,
    #11596,#11597,#11598,#11599,#11600,#11601,#11602,#11603,#11604,
    #11605,#11606,#11607),.UNSPECIFIED.,.F.,.F.,(4,1,1,1,1,1,1,1,1,1,1,1
    ,1,1,1,1,1,1,1,1,1,1,4),(2.955325115194E-16,3.69891906466E-05,
    7.39783812929E-05,1.109675719392E-04,1.479567625855E-04,
    1.849459532318E-04,2.219351438781E-04,2.589243345244E-04,
    2.959135251707E-04,3.32902715817E-04,3.698919064633E-04,
    4.068810971096E-04,4.438702877559E-04,4.808594784022E-04,
    5.178486690485E-04,5.548378596948E-04,5.918270503411E-04,
    6.288162409874E-04,6.658054316337E-04,7.0279462228E-04,
    7.397838129263E-04,7.767730035726E-04,8.137621942189E-04),
  .QUASI_UNIFORM_KNOTS.);
#11583 = CARTESIAN_POINT('',(3.283387340554,-0.2706329375));
#11584 = CARTESIAN_POINT('',(3.281234804913,-0.270632937867));
#11585 = CARTESIAN_POINT('',(3.27693012335,-0.270632999084));
#11586 = CARTESIAN_POINT('',(3.27047426235,-0.270633229343));
#11587 = CARTESIAN_POINT('',(3.264019554612,-0.270633553281));
#11588 = CARTESIAN_POINT('',(3.257565992975,-0.270633932216));
#11589 = CARTESIAN_POINT('',(3.251113570825,-0.270634331484));
#11590 = CARTESIAN_POINT('',(3.244662282146,-0.270634721041));
#11591 = CARTESIAN_POINT('',(3.238212121448,-0.270635075329));
#11592 = CARTESIAN_POINT('',(3.231763083734,-0.270635373359));
#11593 = CARTESIAN_POINT('',(3.225315164456,-0.270635598714));
#11594 = CARTESIAN_POINT('',(3.218868359472,-0.270635739583));
#11595 = CARTESIAN_POINT('',(3.212422665004,-0.270635788783));
#11596 = CARTESIAN_POINT('',(3.205978077593,-0.270635743773));
#11597 = CARTESIAN_POINT('',(3.199534594059,-0.270635606682));
#11598 = CARTESIAN_POINT('',(3.193092211456,-0.270635384313));
#11599 = CARTESIAN_POINT('',(3.186650927029,-0.27063508817));
#11600 = CARTESIAN_POINT('',(3.180210738172,-0.270634734459));
#11601 = CARTESIAN_POINT('',(3.173771642386,-0.270634344104));
#11602 = CARTESIAN_POINT('',(3.167333637232,-0.270633942763));
#11603 = CARTESIAN_POINT('',(3.160896720292,-0.270633560789));
#11604 = CARTESIAN_POINT('',(3.15446088912,-0.2706332334));
#11605 = CARTESIAN_POINT('',(3.148026141218,-0.270633000077));
#11606 = CARTESIAN_POINT('',(3.143737029689,-0.270632937895));
#11607 = CARTESIAN_POINT('',(3.14159265359,-0.2706329375));
#11608 = ( GEOMETRIC_REPRESENTATION_CONTEXT(2) 
PARAMETRIC_REPRESENTATION_CONTEXT() REPRESENTATION_CONTEXT('2D SPACE',''
  ) );
#11609 = ORIENTED_EDGE('',*,*,#11610,.F.);
#11610 = EDGE_CURVE('',#10901,#11543,#11611,.T.);
#11611 = SURFACE_CURVE('',#11612,(#11886,#11893),.PCURVE_S1.);
#11612 = ( BOUNDED_CURVE() B_SPLINE_CURVE(2,(#11613,#11614,#11615,#11616
    ,#11617,#11618,#11619,#11620,#11621,#11622,#11623,#11624,#11625,
    #11626,#11627,#11628,#11629,#11630,#11631,#11632,#11633,#11634,
    #11635,#11636,#11637,#11638,#11639,#11640,#11641,#11642,#11643,
    #11644,#11645,#11646,#11647,#11648,#11649,#11650,#11651,#11652,
    #11653,#11654,#11655,#11656,#11657,#11658,#11659,#11660,#11661,
    #11662,#11663,#11664,#11665,#11666,#11667,#11668,#11669,#11670,
    #11671,#11672,#11673,#11674,#11675,#11676,#11677,#11678,#11679,
    #11680,#11681,#11682,#11683,#11684,#11685,#11686,#11687,#11688,
    #11689,#11690,#11691,#11692,#11693,#11694,#11695,#11696,#11697,
    #11698,#11699,#11700,#11701,#11702,#11703,#11704,#11705,#11706,
    #11707,#11708,#11709,#11710,#11711,#11712,#11713,#11714,#11715,
    #11716,#11717,#11718,#11719,#11720,#11721,#11722,#11723,#11724,
    #11725,#11726,#11727,#11728,#11729,#11730,#11731,#11732,#11733,
    #11734,#11735,#11736,#11737,#11738,#11739,#11740,#11741,#11742,
    #11743,#11744,#11745,#11746,#11747,#11748,#11749,#11750,#11751,
    #11752,#11753,#11754,#11755,#11756,#11757,#11758,#11759,#11760,
    #11761,#11762,#11763,#11764,#11765,#11766,#11767,#11768,#11769,
    #11770,#11771,#11772,#11773,#11774,#11775,#11776,#11777,#11778,
    #11779,#11780,#11781,#11782,#11783,#11784,#11785,#11786,#11787,
    #11788,#11789,#11790,#11791,#11792,#11793,#11794,#11795,#11796,
    #11797,#11798,#11799,#11800,#11801,#11802,#11803,#11804,#11805,
    #11806,#11807,#11808,#11809,#11810,#11811,#11812,#11813,#11814,
    #11815,#11816,#11817,#11818,#11819,#11820,#11821,#11822,#11823,
    #11824,#11825,#11826,#11827,#11828,#11829,#11830,#11831,#11832,
    #11833,#11834,#11835,#11836,#11837,#11838,#11839,#11840,#11841,
    #11842,#11843,#11844,#11845,#11846,#11847,#11848,#11849,#11850,
    #11851,#11852,#11853,#11854,#11855,#11856,#11857,#11858,#11859,
    #11860,#11861,#11862,#11863,#11864,#11865,#11866,#11867,#11868,
    #11869,#11870,#11871,#11872,#11873,#11874,#11875,#11876,#11877,
    #11878,#11879,#11880,#11881,#11882,#11883,#11884,#11885),
.UNSPECIFIED.,.F.,.F.) B_SPLINE_CURVE_WITH_KNOTS((3,2,2,2,2,2,2,2,2,2,2,
    2,2,2,2,2,2,2,2,2,2,2,2,2,2,2,2,2,2,2,2,2,2,2,2,2,2,2,2,2,2,2,2,2,2,
    2,2,2,2,2,2,2,2,2,2,2,2,2,2,2,2,2,2,2,2,2,2,2,2,2,2,2,2,2,2,2,2,2,2,
    2,2,2,2,2,2,2,2,2,2,2,2,2,2,2,2,2,2,2,2,2,2,2,2,2,2,2,2,2,2,2,2,2,2,
    2,2,2,2,2,2,2,2,2,2,2,2,2,2,2,2,2,2,2,2,2,2,2,3),(3.744723841589E-02
    ,4.E-02,4.666666666667E-02,5.333333333333E-02,6.E-02,
    6.666666666667E-02,7.333333333333E-02,8.E-02,8.666666666667E-02,
    9.333333333333E-02,0.1,0.106666666667,0.113333333333,0.12,
    0.126666666667,0.133333333333,0.14,0.146666666667,0.153333333333,
    0.16,0.166666666667,0.173333333333,0.18,0.186666666667,
    0.193333333333,0.2,0.206666666667,0.213333333333,0.22,0.226666666667
    ,0.233333333333,0.24,0.246666666667,0.253333333333,0.26,
    0.266666666667,0.273333333333,0.28,0.286666666667,0.293333333333,0.3
    ,0.306666666667,0.313333333333,0.32,0.326666666667,0.333333333333,
    0.34,0.346666666667,0.353333333333,0.36,0.366666666667,
    0.373333333333,0.38,0.386666666667,0.393333333333,0.4,0.406666666667
    ,0.413333333333,0.42,0.426666666667,0.433333333333,0.44,
    0.446666666667,0.453333333333,0.46,0.466666666667,0.473333333333,
    0.48,0.486666666667,0.493333333333,0.5,0.506666666667,0.513333333333
    ,0.52,0.526666666667,0.533333333333,0.54,0.546666666667,
    0.553333333333,0.56,0.566666666667,0.573333333333,0.58,
    0.586666666667,0.593333333333,0.6,0.606666666667,0.613333333333,0.62
    ,0.626666666667,0.633333333333,0.64,0.646666666667,0.653333333333,
    0.66,0.666666666667,0.673333333333,0.68,0.686666666667,
    0.693333333333,0.7,0.706666666667,0.713333333333,0.72,0.726666666667
    ,0.733333333333,0.74,0.746666666667,0.753333333333,0.76,
    0.766666666667,0.773333333333,0.78,0.786666666667,0.793333333333,0.8
    ,0.806666666667,0.813333333333,0.82,0.826666666667,0.833333333333,
    0.84,0.846666666667,0.853333333333,0.86,0.866666666667,
    0.873333333333,0.88,0.886666666667,0.893333333333,0.9,0.906666666667
    ,0.913333333333,0.92,0.926666666667,0.933333333333,0.939070796675),
.UNSPECIFIED.) CURVE() GEOMETRIC_REPRESENTATION_ITEM() 
RATIONAL_B_SPLINE_CURVE((0.936686037669,0.94869921963,1.,0.866025403784,
    1.,0.866025403784,1.,0.866025403784,1.,0.866025403784,1.,
    0.866025403784,1.,0.866025403784,1.,0.866025403784,1.,0.866025403784
    ,1.,0.866025403784,1.,0.866025403784,1.,0.866025403784,1.,
    0.866025403784,1.,0.866025403784,1.,0.866025403784,1.,0.866025403784
    ,1.,0.866025403784,1.,0.866025403784,1.,0.866025403784,1.,
    0.866025403784,1.,0.866025403784,1.,0.866025403784,1.,0.866025403784
    ,1.,0.866025403784,1.,0.866025403784,1.,0.866025403784,1.,
    0.866025403784,1.,0.866025403784,1.,0.866025403784,1.,0.866025403784
    ,1.,0.866025403784,1.,0.866025403784,1.,0.866025403784,1.,
    0.866025403784,1.,0.866025403784,1.,0.866025403784,1.,0.866025403784
    ,1.,0.866025403784,1.,0.866025403784,1.,0.866025403784,1.,
    0.866025403784,1.,0.866025403784,1.,0.866025403784,1.,0.866025403784
    ,1.,0.866025403784,1.,0.866025403784,1.,0.866025403784,1.,
    0.866025403784,1.,0.866025403784,1.,0.866025403784,1.,0.866025403784
    ,1.,0.866025403784,1.,0.866025403784,1.,0.866025403784,1.,
    0.866025403784,1.,0.866025403784,1.,0.866025403784,1.,0.866025403784
    ,1.,0.866025403784,1.,0.866025403784,1.,0.866025403784,1.,
    0.866025403784,1.,0.866025403784,1.,0.866025403784,1.,0.866025403784
    ,1.,0.866025403784,1.,0.866025403784,1.,0.866025403784,1.,
    0.866025403784,1.,0.866025403784,1.,0.866025403784,1.,0.866025403784
    ,1.,0.866025403784,1.,0.866025403784,1.,0.866025403784,1.,
    0.866025403784,1.,0.866025403784,1.,0.866025403784,1.,0.866025403784
    ,1.,0.866025403784,1.,0.866025403784,1.,0.866025403784,1.,
    0.866025403784,1.,0.866025403784,1.,0.866025403784,1.,0.866025403784
    ,1.,0.866025403784,1.,0.866025403784,1.,0.866025403784,1.,
    0.866025403784,1.,0.866025403784,1.,0.866025403784,1.,0.866025403784
    ,1.,0.866025403784,1.,0.866025403784,1.,0.866025403784,1.,
    0.866025403784,1.,0.866025403784,1.,0.866025403784,1.,0.866025403784
    ,1.,0.866025403784,1.,0.866025403784,1.,0.866025403784,1.,
    0.866025403784,1.,0.866025403784,1.,0.866025403784,1.,0.866025403784
    ,1.,0.866025403784,1.,0.866025403784,1.,0.866025403784,1.,
    0.866025403784,1.,0.866025403784,1.,0.866025403784,1.,0.866025403784
    ,1.,0.866025403784,1.,0.866025403784,1.,0.866025403784,1.,
    0.866025403784,1.,0.866025403784,1.,0.866025403784,1.,0.866025403784
    ,1.,0.866025403784,1.,0.866025403784,1.,0.866025403784,1.,
    0.866025403784,1.,0.866025403784,1.,0.866025403784,1.,0.866025403784
    ,1.,0.866025403784,1.,0.866025403784,1.,0.866025403784,1.,
    0.866025403784,1.,0.866025403784,1.,0.866025403784,1.,0.866025403784
,1.,0.884698849825,0.967858536365)) REPRESENTATION_ITEM('') );
#11613 = CARTESIAN_POINT('',(-36.5,-5.280946381274,2.221992856641));
#11614 = CARTESIAN_POINT('',(-36.48331439274,-5.7293670625,
    1.156244347717));
#11615 = CARTESIAN_POINT('',(-36.46875000068,-5.7293670625,0.));
#11616 = CARTESIAN_POINT('',(-36.42708333401,-5.7293670625,
    -3.307851615821));
#11617 = CARTESIAN_POINT('',(-36.38541666734,-2.86468353125,
    -4.961777423731));
#11618 = CARTESIAN_POINT('',(-36.34375000068,1.169980542626E-14,
    -6.615703231641));
#11619 = CARTESIAN_POINT('',(-36.30208333401,2.86468353125,
    -4.961777423731));
#11620 = CARTESIAN_POINT('',(-36.26041666734,5.7293670625,
    -3.307851615821));
#11621 = CARTESIAN_POINT('',(-36.21875000068,5.7293670625,
    -7.016451034231E-16));
#11622 = CARTESIAN_POINT('',(-36.17708333401,5.7293670625,3.307851615821
    ));
#11623 = CARTESIAN_POINT('',(-36.13541666734,2.86468353125,
    4.961777423731));
#11624 = CARTESIAN_POINT('',(-36.09375000068,1.323691865676E-14,
    6.615703231641));
#11625 = CARTESIAN_POINT('',(-36.05208333401,-2.86468353125,
    4.961777423731));
#11626 = CARTESIAN_POINT('',(-36.01041666734,-5.7293670625,
    3.307851615821));
#11627 = CARTESIAN_POINT('',(-35.96875000068,-5.7293670625,0.));
#11628 = CARTESIAN_POINT('',(-35.92708333401,-5.7293670625,
    -3.307851615821));
#11629 = CARTESIAN_POINT('',(-35.88541666734,-2.86468353125,
    -4.961777423731));
#11630 = CARTESIAN_POINT('',(-35.84375000068,1.153327197256E-14,
    -6.615703231641));
#11631 = CARTESIAN_POINT('',(-35.80208333401,2.86468353125,
    -4.961777423731));
#11632 = CARTESIAN_POINT('',(-35.76041666734,5.7293670625,
    -3.307851615821));
#11633 = CARTESIAN_POINT('',(-35.71875000068,5.7293670625,
    -7.016451034231E-16));
#11634 = CARTESIAN_POINT('',(-35.67708333401,5.7293670625,3.307851615821
    ));
#11635 = CARTESIAN_POINT('',(-35.63541666734,2.86468353125,
    4.961777423731));
#11636 = CARTESIAN_POINT('',(-35.59375000068,1.307038520306E-14,
    6.615703231641));
#11637 = CARTESIAN_POINT('',(-35.55208333401,-2.86468353125,
    4.961777423731));
#11638 = CARTESIAN_POINT('',(-35.51041666734,-5.7293670625,
    3.307851615821));
#11639 = CARTESIAN_POINT('',(-35.46875000068,-5.7293670625,0.));
#11640 = CARTESIAN_POINT('',(-35.42708333401,-5.7293670625,
    -3.307851615821));
#11641 = CARTESIAN_POINT('',(-35.38541666734,-2.86468353125,
    -4.961777423731));
#11642 = CARTESIAN_POINT('',(-35.34375000068,1.136673851887E-14,
    -6.615703231641));
#11643 = CARTESIAN_POINT('',(-35.30208333401,2.86468353125,
    -4.961777423731));
#11644 = CARTESIAN_POINT('',(-35.26041666734,5.7293670625,
    -3.307851615821));
#11645 = CARTESIAN_POINT('',(-35.21875000068,5.7293670625,
    -7.016451034231E-16));
#11646 = CARTESIAN_POINT('',(-35.17708333401,5.7293670625,3.307851615821
    ));
#11647 = CARTESIAN_POINT('',(-35.13541666734,2.86468353125,
    4.961777423731));
#11648 = CARTESIAN_POINT('',(-35.09375000068,1.290385174937E-14,
    6.615703231641));
#11649 = CARTESIAN_POINT('',(-35.05208333401,-2.86468353125,
    4.961777423731));
#11650 = CARTESIAN_POINT('',(-35.01041666734,-5.7293670625,
    3.307851615821));
#11651 = CARTESIAN_POINT('',(-34.96875000068,-5.7293670625,0.));
#11652 = CARTESIAN_POINT('',(-34.92708333401,-5.7293670625,
    -3.307851615821));
#11653 = CARTESIAN_POINT('',(-34.88541666734,-2.86468353125,
    -4.961777423731));
#11654 = CARTESIAN_POINT('',(-34.84375000068,1.120020506518E-14,
    -6.615703231641));
#11655 = CARTESIAN_POINT('',(-34.80208333401,2.86468353125,
    -4.961777423731));
#11656 = CARTESIAN_POINT('',(-34.76041666734,5.7293670625,
    -3.307851615821));
#11657 = CARTESIAN_POINT('',(-34.71875000068,5.7293670625,
    -7.016451034231E-16));
#11658 = CARTESIAN_POINT('',(-34.67708333401,5.7293670625,3.307851615821
    ));
#11659 = CARTESIAN_POINT('',(-34.63541666734,2.86468353125,
    4.961777423731));
#11660 = CARTESIAN_POINT('',(-34.59375000068,1.273731829568E-14,
    6.615703231641));
#11661 = CARTESIAN_POINT('',(-34.55208333401,-2.86468353125,
    4.961777423731));
#11662 = CARTESIAN_POINT('',(-34.51041666734,-5.7293670625,
    3.307851615821));
#11663 = CARTESIAN_POINT('',(-34.46875000068,-5.7293670625,0.));
#11664 = CARTESIAN_POINT('',(-34.42708333401,-5.7293670625,
    -3.307851615821));
#11665 = CARTESIAN_POINT('',(-34.38541666734,-2.86468353125,
    -4.961777423731));
#11666 = CARTESIAN_POINT('',(-34.34375000068,1.103367161148E-14,
    -6.615703231641));
#11667 = CARTESIAN_POINT('',(-34.30208333401,2.86468353125,
    -4.961777423731));
#11668 = CARTESIAN_POINT('',(-34.26041666734,5.7293670625,
    -3.307851615821));
#11669 = CARTESIAN_POINT('',(-34.21875000068,5.7293670625,
    -7.016451034231E-16));
#11670 = CARTESIAN_POINT('',(-34.17708333401,5.7293670625,3.307851615821
    ));
#11671 = CARTESIAN_POINT('',(-34.13541666734,2.86468353125,
    4.961777423731));
#11672 = CARTESIAN_POINT('',(-34.09375000068,1.257078484198E-14,
    6.615703231641));
#11673 = CARTESIAN_POINT('',(-34.05208333401,-2.86468353125,
    4.961777423731));
#11674 = CARTESIAN_POINT('',(-34.01041666734,-5.7293670625,
    3.307851615821));
#11675 = CARTESIAN_POINT('',(-33.96875000068,-5.7293670625,0.));
#11676 = CARTESIAN_POINT('',(-33.92708333401,-5.7293670625,
    -3.307851615821));
#11677 = CARTESIAN_POINT('',(-33.88541666734,-2.86468353125,
    -4.961777423731));
#11678 = CARTESIAN_POINT('',(-33.84375000068,1.086713815779E-14,
    -6.615703231641));
#11679 = CARTESIAN_POINT('',(-33.80208333401,2.86468353125,
    -4.961777423731));
#11680 = CARTESIAN_POINT('',(-33.76041666734,5.7293670625,
    -3.307851615821));
#11681 = CARTESIAN_POINT('',(-33.71875000068,5.7293670625,
    -7.016451034231E-16));
#11682 = CARTESIAN_POINT('',(-33.67708333401,5.7293670625,3.307851615821
    ));
#11683 = CARTESIAN_POINT('',(-33.63541666734,2.86468353125,
    4.961777423731));
#11684 = CARTESIAN_POINT('',(-33.59375000068,1.240425138829E-14,
    6.615703231641));
#11685 = CARTESIAN_POINT('',(-33.55208333401,-2.86468353125,
    4.961777423731));
#11686 = CARTESIAN_POINT('',(-33.51041666734,-5.7293670625,
    3.307851615821));
#11687 = CARTESIAN_POINT('',(-33.46875000068,-5.7293670625,0.));
#11688 = CARTESIAN_POINT('',(-33.42708333401,-5.7293670625,
    -3.307851615821));
#11689 = CARTESIAN_POINT('',(-33.38541666734,-2.86468353125,
    -4.961777423731));
#11690 = CARTESIAN_POINT('',(-33.34375000068,1.070060470409E-14,
    -6.615703231641));
#11691 = CARTESIAN_POINT('',(-33.30208333401,2.86468353125,
    -4.961777423731));
#11692 = CARTESIAN_POINT('',(-33.26041666734,5.7293670625,
    -3.307851615821));
#11693 = CARTESIAN_POINT('',(-33.21875000068,5.7293670625,
    -7.016451034231E-16));
#11694 = CARTESIAN_POINT('',(-33.17708333401,5.7293670625,3.307851615821
    ));
#11695 = CARTESIAN_POINT('',(-33.13541666734,2.86468353125,
    4.961777423731));
#11696 = CARTESIAN_POINT('',(-33.09375000068,1.223771793459E-14,
    6.615703231641));
#11697 = CARTESIAN_POINT('',(-33.05208333401,-2.86468353125,
    4.961777423731));
#11698 = CARTESIAN_POINT('',(-33.01041666734,-5.7293670625,
    3.307851615821));
#11699 = CARTESIAN_POINT('',(-32.96875000068,-5.7293670625,0.));
#11700 = CARTESIAN_POINT('',(-32.92708333401,-5.7293670625,
    -3.307851615821));
#11701 = CARTESIAN_POINT('',(-32.88541666734,-2.86468353125,
    -4.961777423731));
#11702 = CARTESIAN_POINT('',(-32.84375000068,1.05340712504E-14,
    -6.615703231641));
#11703 = CARTESIAN_POINT('',(-32.80208333401,2.86468353125,
    -4.961777423731));
#11704 = CARTESIAN_POINT('',(-32.76041666734,5.7293670625,
    -3.307851615821));
#11705 = CARTESIAN_POINT('',(-32.71875000068,5.7293670625,
    -7.016451034231E-16));
#11706 = CARTESIAN_POINT('',(-32.67708333401,5.7293670625,3.307851615821
    ));
#11707 = CARTESIAN_POINT('',(-32.63541666734,2.86468353125,
    4.961777423731));
#11708 = CARTESIAN_POINT('',(-32.59375000068,1.20711844809E-14,
    6.615703231641));
#11709 = CARTESIAN_POINT('',(-32.55208333401,-2.86468353125,
    4.961777423731));
#11710 = CARTESIAN_POINT('',(-32.51041666734,-5.7293670625,
    3.307851615821));
#11711 = CARTESIAN_POINT('',(-32.46875000068,-5.7293670625,0.));
#11712 = CARTESIAN_POINT('',(-32.42708333401,-5.7293670625,
    -3.307851615821));
#11713 = CARTESIAN_POINT('',(-32.38541666734,-2.86468353125,
    -4.961777423731));
#11714 = CARTESIAN_POINT('',(-32.34375000068,1.036753779671E-14,
    -6.615703231641));
#11715 = CARTESIAN_POINT('',(-32.30208333401,2.86468353125,
    -4.961777423731));
#11716 = CARTESIAN_POINT('',(-32.26041666734,5.7293670625,
    -3.307851615821));
#11717 = CARTESIAN_POINT('',(-32.21875000068,5.7293670625,
    -7.016451034231E-16));
#11718 = CARTESIAN_POINT('',(-32.17708333401,5.7293670625,3.307851615821
    ));
#11719 = CARTESIAN_POINT('',(-32.13541666734,2.86468353125,
    4.961777423731));
#11720 = CARTESIAN_POINT('',(-32.09375000068,1.190465102721E-14,
    6.615703231641));
#11721 = CARTESIAN_POINT('',(-32.05208333401,-2.86468353125,
    4.961777423731));
#11722 = CARTESIAN_POINT('',(-32.01041666734,-5.7293670625,
    3.307851615821));
#11723 = CARTESIAN_POINT('',(-31.96875000068,-5.7293670625,0.));
#11724 = CARTESIAN_POINT('',(-31.92708333401,-5.7293670625,
    -3.307851615821));
#11725 = CARTESIAN_POINT('',(-31.88541666734,-2.86468353125,
    -4.961777423731));
#11726 = CARTESIAN_POINT('',(-31.84375000068,1.020100434301E-14,
    -6.615703231641));
#11727 = CARTESIAN_POINT('',(-31.80208333401,2.86468353125,
    -4.961777423731));
#11728 = CARTESIAN_POINT('',(-31.76041666734,5.7293670625,
    -3.307851615821));
#11729 = CARTESIAN_POINT('',(-31.71875000068,5.7293670625,
    -7.016451034231E-16));
#11730 = CARTESIAN_POINT('',(-31.67708333401,5.7293670625,3.307851615821
    ));
#11731 = CARTESIAN_POINT('',(-31.63541666734,2.86468353125,
    4.961777423731));
#11732 = CARTESIAN_POINT('',(-31.59375000068,1.173811757351E-14,
    6.615703231641));
#11733 = CARTESIAN_POINT('',(-31.55208333401,-2.86468353125,
    4.961777423731));
#11734 = CARTESIAN_POINT('',(-31.51041666734,-5.7293670625,
    3.307851615821));
#11735 = CARTESIAN_POINT('',(-31.46875000068,-5.7293670625,0.));
#11736 = CARTESIAN_POINT('',(-31.42708333401,-5.7293670625,
    -3.307851615821));
#11737 = CARTESIAN_POINT('',(-31.38541666734,-2.86468353125,
    -4.961777423731));
#11738 = CARTESIAN_POINT('',(-31.34375000068,1.003447088932E-14,
    -6.615703231641));
#11739 = CARTESIAN_POINT('',(-31.30208333401,2.86468353125,
    -4.961777423731));
#11740 = CARTESIAN_POINT('',(-31.26041666734,5.7293670625,
    -3.307851615821));
#11741 = CARTESIAN_POINT('',(-31.21875000068,5.7293670625,
    -7.016451034231E-16));
#11742 = CARTESIAN_POINT('',(-31.17708333401,5.7293670625,3.307851615821
    ));
#11743 = CARTESIAN_POINT('',(-31.13541666734,2.86468353125,
    4.961777423731));
#11744 = CARTESIAN_POINT('',(-31.09375000068,1.157158411982E-14,
    6.615703231641));
#11745 = CARTESIAN_POINT('',(-31.05208333401,-2.86468353125,
    4.961777423731));
#11746 = CARTESIAN_POINT('',(-31.01041666734,-5.7293670625,
    3.307851615821));
#11747 = CARTESIAN_POINT('',(-30.96875000068,-5.7293670625,0.));
#11748 = CARTESIAN_POINT('',(-30.92708333401,-5.7293670625,
    -3.307851615821));
#11749 = CARTESIAN_POINT('',(-30.88541666734,-2.86468353125,
    -4.961777423731));
#11750 = CARTESIAN_POINT('',(-30.84375000068,9.867937435625E-15,
    -6.615703231641));
#11751 = CARTESIAN_POINT('',(-30.80208333401,2.86468353125,
    -4.961777423731));
#11752 = CARTESIAN_POINT('',(-30.76041666734,5.7293670625,
    -3.307851615821));
#11753 = CARTESIAN_POINT('',(-30.71875000068,5.7293670625,
    -7.016451034231E-16));
#11754 = CARTESIAN_POINT('',(-30.67708333401,5.7293670625,3.307851615821
    ));
#11755 = CARTESIAN_POINT('',(-30.63541666734,2.86468353125,
    4.961777423731));
#11756 = CARTESIAN_POINT('',(-30.59375000068,1.140505066613E-14,
    6.615703231641));
#11757 = CARTESIAN_POINT('',(-30.55208333401,-2.86468353125,
    4.961777423731));
#11758 = CARTESIAN_POINT('',(-30.51041666734,-5.7293670625,
    3.307851615821));
#11759 = CARTESIAN_POINT('',(-30.46875000068,-5.7293670625,0.));
#11760 = CARTESIAN_POINT('',(-30.42708333401,-5.7293670625,
    -3.307851615821));
#11761 = CARTESIAN_POINT('',(-30.38541666734,-2.86468353125,
    -4.961777423731));
#11762 = CARTESIAN_POINT('',(-30.34375000068,9.701403981931E-15,
    -6.615703231641));
#11763 = CARTESIAN_POINT('',(-30.30208333401,2.86468353125,
    -4.961777423731));
#11764 = CARTESIAN_POINT('',(-30.26041666734,5.7293670625,
    -3.307851615821));
#11765 = CARTESIAN_POINT('',(-30.21875000068,5.7293670625,
    -7.016451034231E-16));
#11766 = CARTESIAN_POINT('',(-30.17708333401,5.7293670625,3.307851615821
    ));
#11767 = CARTESIAN_POINT('',(-30.13541666734,2.86468353125,
    4.961777423731));
#11768 = CARTESIAN_POINT('',(-30.09375000068,1.123851721243E-14,
    6.615703231641));
#11769 = CARTESIAN_POINT('',(-30.05208333401,-2.86468353125,
    4.961777423731));
#11770 = CARTESIAN_POINT('',(-30.01041666734,-5.7293670625,
    3.307851615821));
#11771 = CARTESIAN_POINT('',(-29.96875000068,-5.7293670625,0.));
#11772 = CARTESIAN_POINT('',(-29.92708333401,-5.7293670625,
    -3.307851615821));
#11773 = CARTESIAN_POINT('',(-29.88541666734,-2.86468353125,
    -4.961777423731));
#11774 = CARTESIAN_POINT('',(-29.84375000068,9.534870528238E-15,
    -6.615703231641));
#11775 = CARTESIAN_POINT('',(-29.80208333401,2.86468353125,
    -4.961777423731));
#11776 = CARTESIAN_POINT('',(-29.76041666734,5.7293670625,
    -3.307851615821));
#11777 = CARTESIAN_POINT('',(-29.71875000068,5.7293670625,
    -7.016451034231E-16));
#11778 = CARTESIAN_POINT('',(-29.67708333401,5.7293670625,3.307851615821
    ));
#11779 = CARTESIAN_POINT('',(-29.63541666734,2.86468353125,
    4.961777423731));
#11780 = CARTESIAN_POINT('',(-29.59375000068,1.107198375874E-14,
    6.615703231641));
#11781 = CARTESIAN_POINT('',(-29.55208333401,-2.86468353125,
    4.961777423731));
#11782 = CARTESIAN_POINT('',(-29.51041666734,-5.7293670625,
    3.307851615821));
#11783 = CARTESIAN_POINT('',(-29.46875000068,-5.7293670625,0.));
#11784 = CARTESIAN_POINT('',(-29.42708333401,-5.7293670625,
    -3.307851615821));
#11785 = CARTESIAN_POINT('',(-29.38541666734,-2.86468353125,
    -4.961777423731));
#11786 = CARTESIAN_POINT('',(-29.34375000068,9.368337074544E-15,
    -6.615703231641));
#11787 = CARTESIAN_POINT('',(-29.30208333401,2.86468353125,
    -4.961777423731));
#11788 = CARTESIAN_POINT('',(-29.26041666734,5.7293670625,
    -3.307851615821));
#11789 = CARTESIAN_POINT('',(-29.21875000068,5.7293670625,
    -7.016451034231E-16));
#11790 = CARTESIAN_POINT('',(-29.17708333401,5.7293670625,3.307851615821
    ));
#11791 = CARTESIAN_POINT('',(-29.13541666734,2.86468353125,
    4.961777423731));
#11792 = CARTESIAN_POINT('',(-29.09375000068,1.090545030504E-14,
    6.615703231641));
#11793 = CARTESIAN_POINT('',(-29.05208333401,-2.86468353125,
    4.961777423731));
#11794 = CARTESIAN_POINT('',(-29.01041666734,-5.7293670625,
    3.307851615821));
#11795 = CARTESIAN_POINT('',(-28.96875000068,-5.7293670625,0.));
#11796 = CARTESIAN_POINT('',(-28.92708333401,-5.7293670625,
    -3.307851615821));
#11797 = CARTESIAN_POINT('',(-28.88541666734,-2.86468353125,
    -4.961777423731));
#11798 = CARTESIAN_POINT('',(-28.84375000068,9.20180362085E-15,
    -6.615703231641));
#11799 = CARTESIAN_POINT('',(-28.80208333401,2.86468353125,
    -4.961777423731));
#11800 = CARTESIAN_POINT('',(-28.76041666734,5.7293670625,
    -3.307851615821));
#11801 = CARTESIAN_POINT('',(-28.71875000068,5.7293670625,
    -7.016451034231E-16));
#11802 = CARTESIAN_POINT('',(-28.67708333401,5.7293670625,3.307851615821
    ));
#11803 = CARTESIAN_POINT('',(-28.63541666734,2.86468353125,
    4.961777423731));
#11804 = CARTESIAN_POINT('',(-28.59375000068,1.073891685135E-14,
    6.615703231641));
#11805 = CARTESIAN_POINT('',(-28.55208333401,-2.86468353125,
    4.961777423731));
#11806 = CARTESIAN_POINT('',(-28.51041666734,-5.7293670625,
    3.307851615821));
#11807 = CARTESIAN_POINT('',(-28.46875000068,-5.7293670625,0.));
#11808 = CARTESIAN_POINT('',(-28.42708333401,-5.7293670625,
    -3.307851615821));
#11809 = CARTESIAN_POINT('',(-28.38541666734,-2.86468353125,
    -4.961777423731));
#11810 = CARTESIAN_POINT('',(-28.34375000068,9.035270167156E-15,
    -6.615703231641));
#11811 = CARTESIAN_POINT('',(-28.30208333401,2.86468353125,
    -4.961777423731));
#11812 = CARTESIAN_POINT('',(-28.26041666734,5.7293670625,
    -3.307851615821));
#11813 = CARTESIAN_POINT('',(-28.21875000068,5.7293670625,
    -7.016451034231E-16));
#11814 = CARTESIAN_POINT('',(-28.17708333401,5.7293670625,3.307851615821
    ));
#11815 = CARTESIAN_POINT('',(-28.13541666734,2.86468353125,
    4.961777423731));
#11816 = CARTESIAN_POINT('',(-28.09375000068,1.057238339766E-14,
    6.615703231641));
#11817 = CARTESIAN_POINT('',(-28.05208333401,-2.86468353125,
    4.961777423731));
#11818 = CARTESIAN_POINT('',(-28.01041666734,-5.7293670625,
    3.307851615821));
#11819 = CARTESIAN_POINT('',(-27.96875000068,-5.7293670625,0.));
#11820 = CARTESIAN_POINT('',(-27.92708333401,-5.7293670625,
    -3.307851615821));
#11821 = CARTESIAN_POINT('',(-27.88541666734,-2.86468353125,
    -4.961777423731));
#11822 = CARTESIAN_POINT('',(-27.84375000068,8.868736713463E-15,
    -6.615703231641));
#11823 = CARTESIAN_POINT('',(-27.80208333401,2.86468353125,
    -4.961777423731));
#11824 = CARTESIAN_POINT('',(-27.76041666734,5.7293670625,
    -3.307851615821));
#11825 = CARTESIAN_POINT('',(-27.71875000068,5.7293670625,
    -7.016451034231E-16));
#11826 = CARTESIAN_POINT('',(-27.67708333401,5.7293670625,3.307851615821
    ));
#11827 = CARTESIAN_POINT('',(-27.63541666734,2.86468353125,
    4.961777423731));
#11828 = CARTESIAN_POINT('',(-27.59375000068,1.040584994396E-14,
    6.615703231641));
#11829 = CARTESIAN_POINT('',(-27.55208333401,-2.86468353125,
    4.961777423731));
#11830 = CARTESIAN_POINT('',(-27.51041666734,-5.7293670625,
    3.307851615821));
#11831 = CARTESIAN_POINT('',(-27.46875000068,-5.7293670625,0.));
#11832 = CARTESIAN_POINT('',(-27.42708333401,-5.7293670625,
    -3.307851615821));
#11833 = CARTESIAN_POINT('',(-27.38541666734,-2.86468353125,
    -4.961777423731));
#11834 = CARTESIAN_POINT('',(-27.34375000068,8.702203259769E-15,
    -6.615703231641));
#11835 = CARTESIAN_POINT('',(-27.30208333401,2.86468353125,
    -4.961777423731));
#11836 = CARTESIAN_POINT('',(-27.26041666734,5.7293670625,
    -3.307851615821));
#11837 = CARTESIAN_POINT('',(-27.21875000068,5.7293670625,
    -7.016451034231E-16));
#11838 = CARTESIAN_POINT('',(-27.17708333401,5.7293670625,3.307851615821
    ));
#11839 = CARTESIAN_POINT('',(-27.13541666734,2.86468353125,
    4.961777423731));
#11840 = CARTESIAN_POINT('',(-27.09375000068,1.023931649027E-14,
    6.615703231641));
#11841 = CARTESIAN_POINT('',(-27.05208333401,-2.86468353125,
    4.961777423731));
#11842 = CARTESIAN_POINT('',(-27.01041666734,-5.7293670625,
    3.307851615821));
#11843 = CARTESIAN_POINT('',(-26.96875000068,-5.7293670625,0.));
#11844 = CARTESIAN_POINT('',(-26.92708333401,-5.7293670625,
    -3.307851615821));
#11845 = CARTESIAN_POINT('',(-26.88541666734,-2.86468353125,
    -4.961777423731));
#11846 = CARTESIAN_POINT('',(-26.84375000068,8.535669806075E-15,
    -6.615703231641));
#11847 = CARTESIAN_POINT('',(-26.80208333401,2.86468353125,
    -4.961777423731));
#11848 = CARTESIAN_POINT('',(-26.76041666734,5.7293670625,
    -3.307851615821));
#11849 = CARTESIAN_POINT('',(-26.71875000068,5.7293670625,
    -7.016451034231E-16));
#11850 = CARTESIAN_POINT('',(-26.67708333401,5.7293670625,3.307851615821
    ));
#11851 = CARTESIAN_POINT('',(-26.63541666734,2.86468353125,
    4.961777423731));
#11852 = CARTESIAN_POINT('',(-26.59375000068,1.007278303658E-14,
    6.615703231641));
#11853 = CARTESIAN_POINT('',(-26.55208333401,-2.86468353125,
    4.961777423731));
#11854 = CARTESIAN_POINT('',(-26.51041666734,-5.7293670625,
    3.307851615821));
#11855 = CARTESIAN_POINT('',(-26.46875000068,-5.7293670625,0.));
#11856 = CARTESIAN_POINT('',(-26.42708333401,-5.7293670625,
    -3.307851615821));
#11857 = CARTESIAN_POINT('',(-26.38541666734,-2.86468353125,
    -4.961777423731));
#11858 = CARTESIAN_POINT('',(-26.34375000068,8.369136352381E-15,
    -6.615703231641));
#11859 = CARTESIAN_POINT('',(-26.30208333401,2.86468353125,
    -4.961777423731));
#11860 = CARTESIAN_POINT('',(-26.26041666734,5.7293670625,
    -3.307851615821));
#11861 = CARTESIAN_POINT('',(-26.21875000068,5.7293670625,
    -7.016451034231E-16));
#11862 = CARTESIAN_POINT('',(-26.17708333401,5.7293670625,3.307851615821
    ));
#11863 = CARTESIAN_POINT('',(-26.13541666734,2.86468353125,
    4.961777423731));
#11864 = CARTESIAN_POINT('',(-26.09375000068,9.906249582882E-15,
    6.615703231641));
#11865 = CARTESIAN_POINT('',(-26.05208333401,-2.86468353125,
    4.961777423731));
#11866 = CARTESIAN_POINT('',(-26.01041666734,-5.7293670625,
    3.307851615821));
#11867 = CARTESIAN_POINT('',(-25.96875000068,-5.7293670625,0.));
#11868 = CARTESIAN_POINT('',(-25.92708333401,-5.7293670625,
    -3.307851615821));
#11869 = CARTESIAN_POINT('',(-25.88541666734,-2.86468353125,
    -4.961777423731));
#11870 = CARTESIAN_POINT('',(-25.84375000068,8.202602898687E-15,
    -6.615703231641));
#11871 = CARTESIAN_POINT('',(-25.80208333401,2.86468353125,
    -4.961777423731));
#11872 = CARTESIAN_POINT('',(-25.76041666734,5.7293670625,
    -3.307851615821));
#11873 = CARTESIAN_POINT('',(-25.71875000068,5.7293670625,
    -7.016451034231E-16));
#11874 = CARTESIAN_POINT('',(-25.67708333401,5.7293670625,3.307851615821
    ));
#11875 = CARTESIAN_POINT('',(-25.63541666734,2.86468353125,
    4.961777423731));
#11876 = CARTESIAN_POINT('',(-25.59375000068,9.739716129188E-15,
    6.615703231641));
#11877 = CARTESIAN_POINT('',(-25.55208333401,-2.86468353125,
    4.961777423731));
#11878 = CARTESIAN_POINT('',(-25.51041666734,-5.7293670625,
    3.307851615821));
#11879 = CARTESIAN_POINT('',(-25.46875000068,-5.7293670625,0.));
#11880 = CARTESIAN_POINT('',(-25.42708333401,-5.7293670625,
    -3.307851615821));
#11881 = CARTESIAN_POINT('',(-25.38541666734,-2.86468353125,
    -4.961777423731));
#11882 = CARTESIAN_POINT('',(-25.34375000068,8.036069444994E-15,
    -6.615703231641));
#11883 = CARTESIAN_POINT('',(-25.30208333401,2.86468353125,
    -4.961777423731));
#11884 = CARTESIAN_POINT('',(-25.26698107147,5.278048493,-3.568420513412
    ));
#11885 = CARTESIAN_POINT('',(-25.2293670625,5.671866936681,
    -0.809674248973));
#11886 = PCURVE('',#8785,#11887);
#11887 = DEFINITIONAL_REPRESENTATION('',(#11888),#11892);
#11888 = LINE('',#11889,#11890);
#11889 = CARTESIAN_POINT('',(-6.080249908206E-17,0.));
#11890 = VECTOR('',#11891,1.);
#11891 = DIRECTION('',(3.947150361608E-17,1.));
#11892 = ( GEOMETRIC_REPRESENTATION_CONTEXT(2) 
PARAMETRIC_REPRESENTATION_CONTEXT() REPRESENTATION_CONTEXT('2D SPACE',''
  ) );
#11893 = PCURVE('',#1421,#11894);
#11894 = DEFINITIONAL_REPRESENTATION('',(#11895),#11899);
#11895 = LINE('',#11896,#11897);
#11896 = CARTESIAN_POINT('',(1.,0.));
#11897 = VECTOR('',#11898,1.);
#11898 = DIRECTION('',(7.38815893477E-16,1.));
#11899 = ( GEOMETRIC_REPRESENTATION_CONTEXT(2) 
PARAMETRIC_REPRESENTATION_CONTEXT() REPRESENTATION_CONTEXT('2D SPACE',''
  ) );
#11900 = ORIENTED_EDGE('',*,*,#10900,.F.);
#11901 = ADVANCED_FACE('',(#11902),#1421,.T.);
#11902 = FACE_BOUND('',#11903,.T.);
#11903 = EDGE_LOOP('',(#11904,#11905,#12139,#12140,#12141,#12142,#12143,
    #12144,#12145,#12146,#12147,#12148,#12149,#12150,#12151,#12152,
    #12153,#12154,#12155,#12156,#12157,#12158,#12159,#12160,#12161,
    #12162,#12163,#12164,#12165,#12166,#12167,#12168,#12169,#12170,
    #12171,#12172,#12173,#12174,#12175,#12176,#12177,#12178,#12179,
    #12180,#12181,#12182,#12183,#12230,#12231,#12232));
#11904 = ORIENTED_EDGE('',*,*,#11610,.T.);
#11905 = ORIENTED_EDGE('',*,*,#11906,.F.);
#11906 = EDGE_CURVE('',#9507,#11543,#11907,.T.);
#11907 = SURFACE_CURVE('',#11908,(#11949,#12044),.PCURVE_S1.);
#11908 = B_SPLINE_CURVE_WITH_KNOTS('',3,(#11909,#11910,#11911,#11912,
    #11913,#11914,#11915,#11916,#11917,#11918,#11919,#11920,#11921,
    #11922,#11923,#11924,#11925,#11926,#11927,#11928,#11929,#11930,
    #11931,#11932,#11933,#11934,#11935,#11936,#11937,#11938,#11939,
    #11940,#11941,#11942,#11943,#11944,#11945,#11946,#11947,#11948),
  .UNSPECIFIED.,.F.,.F.,(4,2,2,2,2,2,2,2,2,2,2,2,2,2,2,2,2,2,2,4),(
    1.415714766834E-02,1.525329972248E-02,1.634945177661E-02,
    1.744560383074E-02,1.854175588487E-02,1.908983191193E-02,
    1.9637907939E-02,2.073405999313E-02,2.183021204726E-02,
    2.292636410139E-02,2.402251615552E-02,2.457059218259E-02,
    2.511866820965E-02,2.621482026379E-02,2.731097231792E-02,
    2.840712437205E-02,2.895520039911E-02,2.950327642618E-02,
    3.059942848031E-02,3.169558053444E-02),.UNSPECIFIED.);
#11909 = CARTESIAN_POINT('',(-25.38112976407,-5.881129764075,
    4.897024256164E-13));
#11910 = CARTESIAN_POINT('',(-25.37831886119,-5.878318861195,
    -0.361314475411));
#11911 = CARTESIAN_POINT('',(-25.37531066867,-5.841330427669,
    -0.727837271834));
#11912 = CARTESIAN_POINT('',(-25.36915214707,-5.70136139425,
    -1.439804842241));
#11913 = CARTESIAN_POINT('',(-25.36600042299,-5.599238449938,
    -1.785940274766));
#11914 = CARTESIAN_POINT('',(-25.35955144628,-5.331094794588,
    -2.458630587254));
#11915 = CARTESIAN_POINT('',(-25.35623030523,-5.163164129892,
    -2.787125771642));
#11916 = CARTESIAN_POINT('',(-25.34970234571,-4.775286181159,
    -3.3980229447));
#11917 = CARTESIAN_POINT('',(-25.34646658629,-4.554524555317,
    -3.683677868739));
#11918 = CARTESIAN_POINT('',(-25.34165634635,-4.182638255638,
    -4.082093500476));
#11919 = CARTESIAN_POINT('',(-25.34005259444,-4.051136543682,
    -4.210417723363));
#11920 = CARTESIAN_POINT('',(-25.33691872412,-3.779057578559,
    -4.452129199035));
#11921 = CARTESIAN_POINT('',(-25.33538418656,-3.638215469071,
    -4.565928544983));
#11922 = CARTESIAN_POINT('',(-25.33087592474,-3.201609013722,
    -4.886638974046));
#11923 = CARTESIAN_POINT('',(-25.32809968608,-2.891945036655,
    -5.073129169773));
#11924 = CARTESIAN_POINT('',(-25.32215380825,-2.233741435405,
    -5.388980783409));
#11925 = CARTESIAN_POINT('',(-25.31905883083,-1.891637907869,
    -5.51483322788));
#11926 = CARTESIAN_POINT('',(-25.31273733595,-1.194062323387,
    -5.700207393925));
#11927 = CARTESIAN_POINT('',(-25.30947806924,-0.834975488757,
    -5.760747267708));
#11928 = CARTESIAN_POINT('',(-25.30285425408,-0.106479243872,
    -5.813358528162));
#11929 = CARTESIAN_POINT('',(-25.29956189595,0.254996047183,
    -5.805199315387));
#11930 = CARTESIAN_POINT('',(-25.29465174288,0.793185318843,
    -5.742948445172));
#11931 = CARTESIAN_POINT('',(-25.29301979647,0.971906648671,
    -5.713807087934));
#11932 = CARTESIAN_POINT('',(-25.28976578271,1.327967668091,
    -5.638351292769));
#11933 = CARTESIAN_POINT('',(-25.2881397795,1.505735740373,
    -5.591808692042));
#11934 = CARTESIAN_POINT('',(-25.28337804902,2.025901775569,
    -5.429106141727));
#11935 = CARTESIAN_POINT('',(-25.28032480121,2.358863735717,
    -5.289507517547));
#11936 = CARTESIAN_POINT('',(-25.2744601067,2.997482622417,
    -4.948783744175));
#11937 = CARTESIAN_POINT('',(-25.27154226345,3.305298034281,
    -4.745180012222));
#11938 = CARTESIAN_POINT('',(-25.26537536738,3.868444667309,
    -4.290188495605));
#11939 = CARTESIAN_POINT('',(-25.26219820544,4.126678368269,
    -4.037985187987));
#11940 = CARTESIAN_POINT('',(-25.25728919505,4.478680475598,
    -3.622260028859));
#11941 = CARTESIAN_POINT('',(-25.25561984681,4.590609901956,
    -3.476580645455));
#11942 = CARTESIAN_POINT('',(-25.25229069899,4.798456901814,
    -3.177548124319));
#11943 = CARTESIAN_POINT('',(-25.25062855027,4.894637935416,
    -3.02404867661));
#11944 = CARTESIAN_POINT('',(-25.24564913939,5.160508616907,
    -2.551886287439));
#11945 = CARTESIAN_POINT('',(-25.24233880959,5.307729749057,
    -2.221664200513));
#11946 = CARTESIAN_POINT('',(-25.23573789288,5.540147097155,
    -1.529310701734));
#11947 = CARTESIAN_POINT('',(-25.23250049494,5.623220762356,
    -1.172619239237));
#11948 = CARTESIAN_POINT('',(-25.2293670625,5.671866936681,
    -0.809674248973));
#11949 = PCURVE('',#1421,#11950);
#11950 = DEFINITIONAL_REPRESENTATION('',(#11951),#12043);
#11951 = B_SPLINE_CURVE_WITH_KNOTS('',3,(#11952,#11953,#11954,#11955,
    #11956,#11957,#11958,#11959,#11960,#11961,#11962,#11963,#11964,
    #11965,#11966,#11967,#11968,#11969,#11970,#11971,#11972,#11973,
    #11974,#11975,#11976,#11977,#11978,#11979,#11980,#11981,#11982,
    #11983,#11984,#11985,#11986,#11987,#11988,#11989,#11990,#11991,
    #11992,#11993,#11994,#11995,#11996,#11997,#11998,#11999,#12000,
    #12001,#12002,#12003,#12004,#12005,#12006,#12007,#12008,#12009,
    #12010,#12011,#12012,#12013,#12014,#12015,#12016,#12017,#12018,
    #12019,#12020,#12021,#12022,#12023,#12024,#12025,#12026,#12027,
    #12028,#12029,#12030,#12031,#12032,#12033,#12034,#12035,#12036,
    #12037,#12038,#12039,#12040,#12041,#12042),.UNSPECIFIED.,.F.,.F.,(4,
    1,1,1,1,1,1,1,1,1,1,1,1,1,1,1,1,1,1,1,1,1,1,1,1,1,1,1,1,1,1,1,1,1,1,
    1,1,1,1,1,1,1,1,1,1,1,1,1,1,1,1,1,1,1,1,1,1,1,1,1,1,1,1,1,1,1,1,1,1,
    1,1,1,1,1,1,1,1,1,1,1,1,1,1,1,1,1,1,1,4),(1.415714766834E-02,
    1.435644804182E-02,1.45557484153E-02,1.475504878878E-02,
    1.495434916226E-02,1.515364953574E-02,1.535294990922E-02,
    1.555225028269E-02,1.575155065617E-02,1.595085102965E-02,
    1.615015140313E-02,1.634945177661E-02,1.654875215009E-02,
    1.674805252356E-02,1.694735289704E-02,1.714665327052E-02,
    1.7345953644E-02,1.754525401748E-02,1.774455439096E-02,
    1.794385476443E-02,1.814315513791E-02,1.834245551139E-02,
    1.854175588487E-02,1.874105625835E-02,1.894035663183E-02,
    1.91396570053E-02,1.933895737878E-02,1.953825775226E-02,
    1.973755812574E-02,1.993685849922E-02,2.01361588727E-02,
    2.033545924617E-02,2.053475961965E-02,2.073405999313E-02,
    2.093336036661E-02,2.113266074009E-02,2.133196111357E-02,
    2.153126148704E-02,2.173056186052E-02,2.1929862234E-02,
    2.212916260748E-02,2.232846298096E-02,2.252776335444E-02,
    2.272706372791E-02,2.292636410139E-02,2.312566447487E-02,
    2.332496484835E-02,2.352426522183E-02,2.372356559531E-02,
    2.392286596878E-02,2.412216634226E-02,2.432146671574E-02,
    2.452076708922E-02,2.47200674627E-02,2.491936783618E-02,
    2.511866820965E-02,2.531796858313E-02,2.551726895661E-02,
    2.571656933009E-02,2.591586970357E-02,2.611517007705E-02,
    2.631447045052E-02,2.6513770824E-02,2.671307119748E-02,
    2.691237157096E-02,2.711167194444E-02,2.731097231792E-02,
    2.751027269139E-02,2.770957306487E-02,2.790887343835E-02,
    2.810817381183E-02,2.830747418531E-02,2.850677455879E-02,
    2.870607493227E-02,2.890537530574E-02,2.910467567922E-02,
    2.93039760527E-02,2.950327642618E-02,2.970257679966E-02,
    2.990187717314E-02,3.010117754661E-02,3.030047792009E-02,
    3.049977829357E-02,3.069907866705E-02,3.089837904053E-02,
    3.109767941401E-02,3.129697978748E-02,3.149628016096E-02,
    3.169558053444E-02),.QUASI_UNIFORM_KNOTS.);
#11952 = CARTESIAN_POINT('',(0.439230483262,0.92));
#11953 = CARTESIAN_POINT('',(0.441131192031,0.920074468434));
#11954 = CARTESIAN_POINT('',(0.445058941276,0.920223165217));
#11955 = CARTESIAN_POINT('',(0.4511414855,0.920445238008));
#11956 = CARTESIAN_POINT('',(0.457166319935,0.920666086093));
#11957 = CARTESIAN_POINT('',(0.463096758289,0.920885457856));
#11958 = CARTESIAN_POINT('',(0.469001820248,0.921103135444));
#11959 = CARTESIAN_POINT('',(0.475212865549,0.921318822337));
#11960 = CARTESIAN_POINT('',(0.481369060582,0.921532737038));
#11961 = CARTESIAN_POINT('',(0.487624048225,0.921745307678));
#11962 = CARTESIAN_POINT('',(0.49400636084,0.921956887952));
#11963 = CARTESIAN_POINT('',(0.500529683909,0.922167871845));
#11964 = CARTESIAN_POINT('',(0.507017035801,0.922378528399));
#11965 = CARTESIAN_POINT('',(0.513694067495,0.922589548558));
#11966 = CARTESIAN_POINT('',(0.520531503422,0.922800979148));
#11967 = CARTESIAN_POINT('',(0.527198527508,0.923012437472));
#11968 = CARTESIAN_POINT('',(0.533665152943,0.923223639839));
#11969 = CARTESIAN_POINT('',(0.540004689176,0.923434321214));
#11970 = CARTESIAN_POINT('',(0.546587224912,0.923644050892));
#11971 = CARTESIAN_POINT('',(0.553041517666,0.923853655304));
#11972 = CARTESIAN_POINT('',(0.559519706236,0.924063476902));
#11973 = CARTESIAN_POINT('',(0.56605350789,0.924273869755));
#11974 = CARTESIAN_POINT('',(0.572648852345,0.924485231666));
#11975 = CARTESIAN_POINT('',(0.579157415344,0.924697805167));
#11976 = CARTESIAN_POINT('',(0.585691867445,0.924912441846));
#11977 = CARTESIAN_POINT('',(0.592092682047,0.925128747968));
#11978 = CARTESIAN_POINT('',(0.598385808432,0.925345480609));
#11979 = CARTESIAN_POINT('',(0.604627577043,0.925562429845));
#11980 = CARTESIAN_POINT('',(0.61078733128,0.925780166207));
#11981 = CARTESIAN_POINT('',(0.616850053157,0.92599900599));
#11982 = CARTESIAN_POINT('',(0.622689264691,0.926219396407));
#11983 = CARTESIAN_POINT('',(0.628489354527,0.926441532035));
#11984 = CARTESIAN_POINT('',(0.634277506319,0.926666543367));
#11985 = CARTESIAN_POINT('',(0.640164131057,0.926892189678));
#11986 = CARTESIAN_POINT('',(0.646155450477,0.927116550616));
#11987 = CARTESIAN_POINT('',(0.652197876463,0.927339683185));
#11988 = CARTESIAN_POINT('',(0.658349914232,0.927560536453));
#11989 = CARTESIAN_POINT('',(0.664549010354,0.927779600491));
#11990 = CARTESIAN_POINT('',(0.670790359107,0.927996931833));
#11991 = CARTESIAN_POINT('',(0.677076729978,0.928212723492));
#11992 = CARTESIAN_POINT('',(0.683446471473,0.928427009754));
#11993 = CARTESIAN_POINT('',(0.689901049548,0.928640898106));
#11994 = CARTESIAN_POINT('',(0.696411229327,0.928854447355));
#11995 = CARTESIAN_POINT('',(0.702970007724,0.929067860989));
#11996 = CARTESIAN_POINT('',(0.70956291827,0.929281216594));
#11997 = CARTESIAN_POINT('',(0.716234078326,0.929494967416));
#11998 = CARTESIAN_POINT('',(0.72284550679,0.929708213747));
#11999 = CARTESIAN_POINT('',(0.729399397458,0.929920266262));
#12000 = CARTESIAN_POINT('',(0.736019074572,0.930131787917));
#12001 = CARTESIAN_POINT('',(0.742706556487,0.930343074356));
#12002 = CARTESIAN_POINT('',(0.749426133035,0.930554516592));
#12003 = CARTESIAN_POINT('',(0.75601918804,0.930766469829));
#12004 = CARTESIAN_POINT('',(0.762593855493,0.930979317803));
#12005 = CARTESIAN_POINT('',(0.769164793796,0.931193390565));
#12006 = CARTESIAN_POINT('',(0.775774146431,0.931409269082));
#12007 = CARTESIAN_POINT('',(0.782330222648,0.931626763799));
#12008 = CARTESIAN_POINT('',(0.788708150786,0.931844620206));
#12009 = CARTESIAN_POINT('',(0.795020905225,0.932062412279));
#12010 = CARTESIAN_POINT('',(0.801183657321,0.932281005561));
#12011 = CARTESIAN_POINT('',(0.807340732747,0.932500659058));
#12012 = CARTESIAN_POINT('',(0.813488947481,0.932721783305));
#12013 = CARTESIAN_POINT('',(0.819593697393,0.932944844221));
#12014 = CARTESIAN_POINT('',(0.825502988172,0.93316999085));
#12015 = CARTESIAN_POINT('',(0.831619952628,0.933399078975));
#12016 = CARTESIAN_POINT('',(0.837697550572,0.933627117083));
#12017 = CARTESIAN_POINT('',(0.843655219523,0.93385332219));
#12018 = CARTESIAN_POINT('',(0.849491550512,0.934077550985));
#12019 = CARTESIAN_POINT('',(0.855520756531,0.934299382882));
#12020 = CARTESIAN_POINT('',(0.861751471203,0.934518953757));
#12021 = CARTESIAN_POINT('',(0.867959724746,0.934737055271));
#12022 = CARTESIAN_POINT('',(0.874328382811,0.934953979785));
#12023 = CARTESIAN_POINT('',(0.8808467182,0.935170149113));
#12024 = CARTESIAN_POINT('',(0.887477449555,0.935385932304));
#12025 = CARTESIAN_POINT('',(0.894085577025,0.935601746386));
#12026 = CARTESIAN_POINT('',(0.900841258936,0.935818306004));
#12027 = CARTESIAN_POINT('',(0.907457281337,0.936034478492));
#12028 = CARTESIAN_POINT('',(0.914174473345,0.936249324282));
#12029 = CARTESIAN_POINT('',(0.920861196942,0.936463185489));
#12030 = CARTESIAN_POINT('',(0.927589297816,0.936676469637));
#12031 = CARTESIAN_POINT('',(0.934207365308,0.936889551477));
#12032 = CARTESIAN_POINT('',(0.940788522106,0.937102804377));
#12033 = CARTESIAN_POINT('',(0.947439007918,0.937316602672));
#12034 = CARTESIAN_POINT('',(0.954168868511,0.937531344));
#12035 = CARTESIAN_POINT('',(0.960938663197,0.937747377061));
#12036 = CARTESIAN_POINT('',(0.967592854246,0.937965268758));
#12037 = CARTESIAN_POINT('',(0.974184130071,0.938183835551));
#12038 = CARTESIAN_POINT('',(0.980726435803,0.93840342749));
#12039 = CARTESIAN_POINT('',(0.987218162359,0.938624237348));
#12040 = CARTESIAN_POINT('',(0.993653325171,0.938846506275));
#12041 = CARTESIAN_POINT('',(0.997894207233,0.938995817842));
#12042 = CARTESIAN_POINT('',(1.,0.939070796675));
#12043 = ( GEOMETRIC_REPRESENTATION_CONTEXT(2) 
PARAMETRIC_REPRESENTATION_CONTEXT() REPRESENTATION_CONTEXT('2D SPACE',''
  ) );
#12044 = PCURVE('',#8700,#12045);
#12045 = DEFINITIONAL_REPRESENTATION('',(#12046),#12138);
#12046 = B_SPLINE_CURVE_WITH_KNOTS('',3,(#12047,#12048,#12049,#12050,
    #12051,#12052,#12053,#12054,#12055,#12056,#12057,#12058,#12059,
    #12060,#12061,#12062,#12063,#12064,#12065,#12066,#12067,#12068,
    #12069,#12070,#12071,#12072,#12073,#12074,#12075,#12076,#12077,
    #12078,#12079,#12080,#12081,#12082,#12083,#12084,#12085,#12086,
    #12087,#12088,#12089,#12090,#12091,#12092,#12093,#12094,#12095,
    #12096,#12097,#12098,#12099,#12100,#12101,#12102,#12103,#12104,
    #12105,#12106,#12107,#12108,#12109,#12110,#12111,#12112,#12113,
    #12114,#12115,#12116,#12117,#12118,#12119,#12120,#12121,#12122,
    #12123,#12124,#12125,#12126,#12127,#12128,#12129,#12130,#12131,
    #12132,#12133,#12134,#12135,#12136,#12137),.UNSPECIFIED.,.F.,.F.,(4,
    1,1,1,1,1,1,1,1,1,1,1,1,1,1,1,1,1,1,1,1,1,1,1,1,1,1,1,1,1,1,1,1,1,1,
    1,1,1,1,1,1,1,1,1,1,1,1,1,1,1,1,1,1,1,1,1,1,1,1,1,1,1,1,1,1,1,1,1,1,
    1,1,1,1,1,1,1,1,1,1,1,1,1,1,1,1,1,1,1,4),(1.415714766834E-02,
    1.435644804182E-02,1.45557484153E-02,1.475504878878E-02,
    1.495434916226E-02,1.515364953574E-02,1.535294990922E-02,
    1.555225028269E-02,1.575155065617E-02,1.595085102965E-02,
    1.615015140313E-02,1.634945177661E-02,1.654875215009E-02,
    1.674805252356E-02,1.694735289704E-02,1.714665327052E-02,
    1.7345953644E-02,1.754525401748E-02,1.774455439096E-02,
    1.794385476443E-02,1.814315513791E-02,1.834245551139E-02,
    1.854175588487E-02,1.874105625835E-02,1.894035663183E-02,
    1.91396570053E-02,1.933895737878E-02,1.953825775226E-02,
    1.973755812574E-02,1.993685849922E-02,2.01361588727E-02,
    2.033545924617E-02,2.053475961965E-02,2.073405999313E-02,
    2.093336036661E-02,2.113266074009E-02,2.133196111357E-02,
    2.153126148704E-02,2.173056186052E-02,2.1929862234E-02,
    2.212916260748E-02,2.232846298096E-02,2.252776335444E-02,
    2.272706372791E-02,2.292636410139E-02,2.312566447487E-02,
    2.332496484835E-02,2.352426522183E-02,2.372356559531E-02,
    2.392286596878E-02,2.412216634226E-02,2.432146671574E-02,
    2.452076708922E-02,2.47200674627E-02,2.491936783618E-02,
    2.511866820965E-02,2.531796858313E-02,2.551726895661E-02,
    2.571656933009E-02,2.591586970357E-02,2.611517007705E-02,
    2.631447045052E-02,2.6513770824E-02,2.671307119748E-02,
    2.691237157096E-02,2.711167194444E-02,2.731097231792E-02,
    2.751027269139E-02,2.770957306487E-02,2.790887343835E-02,
    2.810817381183E-02,2.830747418531E-02,2.850677455879E-02,
    2.870607493227E-02,2.890537530574E-02,2.910467567922E-02,
    2.93039760527E-02,2.950327642618E-02,2.970257679966E-02,
    2.990187717314E-02,3.010117754661E-02,3.030047792009E-02,
    3.049977829357E-02,3.069907866705E-02,3.089837904053E-02,
    3.109767941401E-02,3.129697978748E-02,3.149628016096E-02,
    3.169558053444E-02),.QUASI_UNIFORM_KNOTS.);
#12047 = CARTESIAN_POINT('',(6.28318530718,-0.118870235925));
#12048 = CARTESIAN_POINT('',(6.272015188496,-0.119383535368));
#12049 = CARTESIAN_POINT('',(6.249610142596,-0.120437323711));
#12050 = CARTESIAN_POINT('',(6.215866441233,-0.122064011475));
#12051 = CARTESIAN_POINT('',(6.18204429351,-0.12369016902));
#12052 = CARTESIAN_POINT('',(6.148203509835,-0.1253076641));
#12053 = CARTESIAN_POINT('',(6.11439967811,-0.126927552576));
#12054 = CARTESIAN_POINT('',(6.080701763911,-0.128608118759));
#12055 = CARTESIAN_POINT('',(6.047098186235,-0.130283420804));
#12056 = CARTESIAN_POINT('',(6.013543160622,-0.131981407002));
#12057 = CARTESIAN_POINT('',(5.980001230711,-0.133707171594));
#12058 = CARTESIAN_POINT('',(5.946429500326,-0.1354632603));
#12059 = CARTESIAN_POINT('',(5.912804209403,-0.137217423023));
#12060 = CARTESIAN_POINT('',(5.879033735206,-0.13901143978));
#12061 = CARTESIAN_POINT('',(5.845129031302,-0.140839145403));
#12062 = CARTESIAN_POINT('',(5.811170486766,-0.142638697754));
#12063 = CARTESIAN_POINT('',(5.777223234981,-0.144402912827));
#12064 = CARTESIAN_POINT('',(5.743349567355,-0.146143295933));
#12065 = CARTESIAN_POINT('',(5.709638282453,-0.147924361134));
#12066 = CARTESIAN_POINT('',(5.675975417188,-0.149680456197));
#12067 = CARTESIAN_POINT('',(5.642325077584,-0.151438986512));
#12068 = CARTESIAN_POINT('',(5.608649703256,-0.153205634757));
#12069 = CARTESIAN_POINT('',(5.574905339341,-0.154981534005));
#12070 = CARTESIAN_POINT('',(5.541073404801,-0.156739620627));
#12071 = CARTESIAN_POINT('',(5.507039918105,-0.158501425466));
#12072 = CARTESIAN_POINT('',(5.472890028865,-0.160236034573));
#12073 = CARTESIAN_POINT('',(5.438841070978,-0.161943727541));
#12074 = CARTESIAN_POINT('',(5.404944695339,-0.163633196359));
#12075 = CARTESIAN_POINT('',(5.371131411894,-0.165299362685));
#12076 = CARTESIAN_POINT('',(5.337370160451,-0.166939991627));
#12077 = CARTESIAN_POINT('',(5.303620580859,-0.168519855624));
#12078 = CARTESIAN_POINT('',(5.269846636964,-0.17008613305));
#12079 = CARTESIAN_POINT('',(5.236006134312,-0.171659833153));
#12080 = CARTESIAN_POINT('',(5.202070611166,-0.173255494981));
#12081 = CARTESIAN_POINT('',(5.167957164041,-0.174869674677));
#12082 = CARTESIAN_POINT('',(5.133782878706,-0.176505323298));
#12083 = CARTESIAN_POINT('',(5.09970381964,-0.178167029203));
#12084 = CARTESIAN_POINT('',(5.065676120311,-0.179844227012));
#12085 = CARTESIAN_POINT('',(5.03171166028,-0.181534977458));
#12086 = CARTESIAN_POINT('',(4.997803147449,-0.183239286304));
#12087 = CARTESIAN_POINT('',(4.963967056929,-0.184963128075));
#12088 = CARTESIAN_POINT('',(4.930048978795,-0.18670871371));
#12089 = CARTESIAN_POINT('',(4.896058774652,-0.188469949981));
#12090 = CARTESIAN_POINT('',(4.861983535786,-0.190245143894));
#12091 = CARTESIAN_POINT('',(4.827830384612,-0.192030900823));
#12092 = CARTESIAN_POINT('',(4.793546227459,-0.193835452936));
#12093 = CARTESIAN_POINT('',(4.759295255725,-0.195630317425));
#12094 = CARTESIAN_POINT('',(4.725208734753,-0.19741288376));
#12095 = CARTESIAN_POINT('',(4.691200189298,-0.199206221399));
#12096 = CARTESIAN_POINT('',(4.657241720453,-0.201010470717));
#12097 = CARTESIAN_POINT('',(4.623290024977,-0.202819246652));
#12098 = CARTESIAN_POINT('',(4.589307689674,-0.204603942625));
#12099 = CARTESIAN_POINT('',(4.555253313104,-0.206384084756));
#12100 = CARTESIAN_POINT('',(4.521094731549,-0.20816215844));
#12101 = CARTESIAN_POINT('',(4.48676092326,-0.209946242317));
#12102 = CARTESIAN_POINT('',(4.452304761856,-0.211718149215));
#12103 = CARTESIAN_POINT('',(4.417946495084,-0.213450942325));
#12104 = CARTESIAN_POINT('',(4.383772435066,-0.215162865401));
#12105 = CARTESIAN_POINT('',(4.349665905651,-0.216840026366));
#12106 = CARTESIAN_POINT('',(4.315608043888,-0.218508102923));
#12107 = CARTESIAN_POINT('',(4.281553711342,-0.220166313711));
#12108 = CARTESIAN_POINT('',(4.247464425113,-0.221809518551));
#12109 = CARTESIAN_POINT('',(4.213302387911,-0.223406249361));
#12110 = CARTESIAN_POINT('',(4.17895731418,-0.225056540837));
#12111 = CARTESIAN_POINT('',(4.144519499849,-0.226691583206));
#12112 = CARTESIAN_POINT('',(4.110053191703,-0.228301206469));
#12113 = CARTESIAN_POINT('',(4.075624939986,-0.22989290081));
#12114 = CARTESIAN_POINT('',(4.041318992661,-0.231532990245));
#12115 = CARTESIAN_POINT('',(4.007141312247,-0.233222245685));
#12116 = CARTESIAN_POINT('',(3.972991566206,-0.234911875584));
#12117 = CARTESIAN_POINT('',(3.93884583957,-0.236637202976));
#12118 = CARTESIAN_POINT('',(3.904658665426,-0.238395705389));
#12119 = CARTESIAN_POINT('',(3.870391811201,-0.240180787542));
#12120 = CARTESIAN_POINT('',(3.83599877754,-0.241968126454));
#12121 = CARTESIAN_POINT('',(3.801384810909,-0.243789512154));
#12122 = CARTESIAN_POINT('',(3.766750769577,-0.24558885609));
#12123 = CARTESIAN_POINT('',(3.732268822457,-0.247405967068));
#12124 = CARTESIAN_POINT('',(3.697905284585,-0.249216890639));
#12125 = CARTESIAN_POINT('',(3.663615262185,-0.251034665341));
#12126 = CARTESIAN_POINT('',(3.629358656022,-0.252831968108));
#12127 = CARTESIAN_POINT('',(3.595095565105,-0.25462200772));
#12128 = CARTESIAN_POINT('',(3.560786106654,-0.256423919031));
#12129 = CARTESIAN_POINT('',(3.526387115837,-0.258239526016));
#12130 = CARTESIAN_POINT('',(3.491863885176,-0.26006157757));
#12131 = CARTESIAN_POINT('',(3.457148235069,-0.261862506868));
#12132 = CARTESIAN_POINT('',(3.422451066995,-0.263647394672));
#12133 = CARTESIAN_POINT('',(3.387738299937,-0.26541861424));
#12134 = CARTESIAN_POINT('',(3.353001808523,-0.26717528375));
#12135 = CARTESIAN_POINT('',(3.318226375563,-0.268915856378));
#12136 = CARTESIAN_POINT('',(3.295007746684,-0.270063101907));
#12137 = CARTESIAN_POINT('',(3.283387340554,-0.2706329375));
#12138 = ( GEOMETRIC_REPRESENTATION_CONTEXT(2) 
PARAMETRIC_REPRESENTATION_CONTEXT() REPRESENTATION_CONTEXT('2D SPACE',''
  ) );
#12139 = ORIENTED_EDGE('',*,*,#9506,.F.);
#12140 = ORIENTED_EDGE('',*,*,#3389,.F.);
#12141 = ORIENTED_EDGE('',*,*,#6619,.F.);
#12142 = ORIENTED_EDGE('',*,*,#3519,.F.);
#12143 = ORIENTED_EDGE('',*,*,#6718,.F.);
#12144 = ORIENTED_EDGE('',*,*,#3676,.F.);
#12145 = ORIENTED_EDGE('',*,*,#6817,.F.);
#12146 = ORIENTED_EDGE('',*,*,#3833,.F.);
#12147 = ORIENTED_EDGE('',*,*,#6916,.F.);
#12148 = ORIENTED_EDGE('',*,*,#3990,.F.);
#12149 = ORIENTED_EDGE('',*,*,#7015,.F.);
#12150 = ORIENTED_EDGE('',*,*,#4147,.F.);
#12151 = ORIENTED_EDGE('',*,*,#7114,.F.);
#12152 = ORIENTED_EDGE('',*,*,#4304,.F.);
#12153 = ORIENTED_EDGE('',*,*,#7213,.F.);
#12154 = ORIENTED_EDGE('',*,*,#4461,.F.);
#12155 = ORIENTED_EDGE('',*,*,#7312,.F.);
#12156 = ORIENTED_EDGE('',*,*,#4618,.F.);
#12157 = ORIENTED_EDGE('',*,*,#7411,.F.);
#12158 = ORIENTED_EDGE('',*,*,#4775,.F.);
#12159 = ORIENTED_EDGE('',*,*,#7510,.F.);
#12160 = ORIENTED_EDGE('',*,*,#4932,.F.);
#12161 = ORIENTED_EDGE('',*,*,#7609,.F.);
#12162 = ORIENTED_EDGE('',*,*,#5089,.F.);
#12163 = ORIENTED_EDGE('',*,*,#7708,.F.);
#12164 = ORIENTED_EDGE('',*,*,#5246,.F.);
#12165 = ORIENTED_EDGE('',*,*,#7807,.F.);
#12166 = ORIENTED_EDGE('',*,*,#5403,.F.);
#12167 = ORIENTED_EDGE('',*,*,#7906,.F.);
#12168 = ORIENTED_EDGE('',*,*,#5560,.F.);
#12169 = ORIENTED_EDGE('',*,*,#8005,.F.);
#12170 = ORIENTED_EDGE('',*,*,#5717,.F.);
#12171 = ORIENTED_EDGE('',*,*,#8104,.F.);
#12172 = ORIENTED_EDGE('',*,*,#5874,.F.);
#12173 = ORIENTED_EDGE('',*,*,#8203,.F.);
#12174 = ORIENTED_EDGE('',*,*,#6031,.F.);
#12175 = ORIENTED_EDGE('',*,*,#8302,.F.);
#12176 = ORIENTED_EDGE('',*,*,#6188,.F.);
#12177 = ORIENTED_EDGE('',*,*,#8401,.F.);
#12178 = ORIENTED_EDGE('',*,*,#6345,.F.);
#12179 = ORIENTED_EDGE('',*,*,#8500,.F.);
#12180 = ORIENTED_EDGE('',*,*,#6497,.F.);
#12181 = ORIENTED_EDGE('',*,*,#8599,.F.);
#12182 = ORIENTED_EDGE('',*,*,#3247,.F.);
#12183 = ORIENTED_EDGE('',*,*,#12184,.F.);
#12184 = EDGE_CURVE('',#11055,#3220,#12185,.T.);
#12185 = SURFACE_CURVE('',#12186,(#12194,#12201),.PCURVE_S1.);
#12186 = ( BOUNDED_CURVE() B_SPLINE_CURVE(2,(#12187,#12188,#12189,#12190
    ,#12191,#12192,#12193),.UNSPECIFIED.,.F.,.F.) 
B_SPLINE_CURVE_WITH_KNOTS((3,2,2,3),(4.491344212484E-02,
4.666666666667E-02,5.333333333333E-02,6.E-02),.UNSPECIFIED.) CURVE() 
GEOMETRIC_REPRESENTATION_ITEM() RATIONAL_B_SPLINE_CURVE((0.948065212761,
    0.96476686749,1.,0.866025403784,1.,0.866025403784,1.)) 
REPRESENTATION_ITEM('') );
#12187 = CARTESIAN_POINT('',(-36.25,-4.281152878228,-4.203775687789));
#12188 = CARTESIAN_POINT('',(-36.23900283313,-3.708203887711,
    -4.787270717495));
#12189 = CARTESIAN_POINT('',(-36.22916666803,-3.,-5.196152422707));
#12190 = CARTESIAN_POINT('',(-36.18750000136,1.162862861605E-14,
    -6.928203230276));
#12191 = CARTESIAN_POINT('',(-36.14583333469,3.,-5.196152422707));
#12192 = CARTESIAN_POINT('',(-36.10416666803,6.,-3.464101615138));
#12193 = CARTESIAN_POINT('',(-36.06250000136,6.,-7.347880794884E-16));
#12194 = PCURVE('',#1421,#12195);
#12195 = DEFINITIONAL_REPRESENTATION('',(#12196),#12200);
#12196 = LINE('',#12197,#12198);
#12197 = CARTESIAN_POINT('',(1.898767871601E-15,0.));
#12198 = VECTOR('',#12199,1.);
#12199 = DIRECTION('',(-1.595795163294E-14,1.));
#12200 = ( GEOMETRIC_REPRESENTATION_CONTEXT(2) 
PARAMETRIC_REPRESENTATION_CONTEXT() REPRESENTATION_CONTEXT('2D SPACE',''
  ) );
#12201 = PCURVE('',#3235,#12202);
#12202 = DEFINITIONAL_REPRESENTATION('',(#12203),#12229);
#12203 = B_SPLINE_CURVE_WITH_KNOTS('',3,(#12204,#12205,#12206,#12207,
    #12208,#12209,#12210,#12211,#12212,#12213,#12214,#12215,#12216,
    #12217,#12218,#12219,#12220,#12221,#12222,#12223,#12224,#12225,
    #12226,#12227,#12228),.UNSPECIFIED.,.F.,.F.,(4,1,1,1,1,1,1,1,1,1,1,1
    ,1,1,1,1,1,1,1,1,1,1,4),(4.491344212484E-02,4.559919475553E-02,
    4.628494738622E-02,4.697070001691E-02,4.76564526476E-02,
    4.834220527829E-02,4.902795790898E-02,4.971371053966E-02,
    5.039946317035E-02,5.108521580104E-02,5.177096843173E-02,
    5.245672106242E-02,5.314247369311E-02,5.38282263238E-02,
    5.451397895449E-02,5.519973158518E-02,5.588548421587E-02,
    5.657123684655E-02,5.725698947724E-02,5.794274210793E-02,
    5.862849473862E-02,5.931424736931E-02,6.E-02),
  .QUASI_UNIFORM_KNOTS.);
#12204 = CARTESIAN_POINT('',(5.506906259515,-0.25));
#12205 = CARTESIAN_POINT('',(5.470672588697,-0.252934474361));
#12206 = CARTESIAN_POINT('',(5.398973567491,-0.25861654894));
#12207 = CARTESIAN_POINT('',(5.293114414895,-0.266732544457));
#12208 = CARTESIAN_POINT('',(5.190602416286,-0.274073163617));
#12209 = CARTESIAN_POINT('',(5.08513859748,-0.282096327695));
#12210 = CARTESIAN_POINT('',(4.977615783841,-0.290612525867));
#12211 = CARTESIAN_POINT('',(4.868502725933,-0.299517377907));
#12212 = CARTESIAN_POINT('',(4.758454316086,-0.308654754969));
#12213 = CARTESIAN_POINT('',(4.648124861899,-0.317862466797));
#12214 = CARTESIAN_POINT('',(4.538183472319,-0.326973044522));
#12215 = CARTESIAN_POINT('',(4.429300758106,-0.335821320636));
#12216 = CARTESIAN_POINT('',(4.322042839069,-0.344272788702));
#12217 = CARTESIAN_POINT('',(4.217172203404,-0.35215779662));
#12218 = CARTESIAN_POINT('',(4.114432768833,-0.35955093594));
#12219 = CARTESIAN_POINT('',(4.008170602406,-0.367761784033));
#12220 = CARTESIAN_POINT('',(3.900190938516,-0.376389596634));
#12221 = CARTESIAN_POINT('',(3.790740413013,-0.385377773421));
#12222 = CARTESIAN_POINT('',(3.680549802294,-0.394550782783));
#12223 = CARTESIAN_POINT('',(3.570260382994,-0.403748435669));
#12224 = CARTESIAN_POINT('',(3.460548606043,-0.412801808768));
#12225 = CARTESIAN_POINT('',(3.352059812388,-0.421553254785));
#12226 = CARTESIAN_POINT('',(3.245405685693,-0.429859441986));
#12227 = CARTESIAN_POINT('',(3.175874242468,-0.435027812295));
#12228 = CARTESIAN_POINT('',(3.14159265359,-0.437499998634));
#12229 = ( GEOMETRIC_REPRESENTATION_CONTEXT(2) 
PARAMETRIC_REPRESENTATION_CONTEXT() REPRESENTATION_CONTEXT('2D SPACE',''
  ) );
#12230 = ORIENTED_EDGE('',*,*,#11054,.F.);
#12231 = ORIENTED_EDGE('',*,*,#1373,.F.);
#12232 = ORIENTED_EDGE('',*,*,#11005,.F.);
#12233 = ADVANCED_FACE('',(#12234),#3235,.T.);
#12234 = FACE_BOUND('',#12235,.T.);
#12235 = EDGE_LOOP('',(#12236,#12237,#12238,#12239));
#12236 = ORIENTED_EDGE('',*,*,#3219,.F.);
#12237 = ORIENTED_EDGE('',*,*,#11154,.F.);
#12238 = ORIENTED_EDGE('',*,*,#11128,.T.);
#12239 = ORIENTED_EDGE('',*,*,#12184,.T.);
#12240 = ADVANCED_FACE('',(#12241),#8700,.T.);
#12241 = FACE_BOUND('',#12242,.T.);
#12242 = EDGE_LOOP('',(#12243,#12244,#12270,#12271,#12272));
#12243 = ORIENTED_EDGE('',*,*,#8684,.F.);
#12244 = ORIENTED_EDGE('',*,*,#12245,.F.);
#12245 = EDGE_CURVE('',#8652,#8650,#12246,.T.);
#12246 = SURFACE_CURVE('',#12247,(#12252,#12259),.PCURVE_S1.);
#12247 = CIRCLE('',#12248,5.5);
#12248 = AXIS2_PLACEMENT_3D('',#12249,#12250,#12251);
#12249 = CARTESIAN_POINT('',(-25.,8.326672684689E-15,0.));
#12250 = DIRECTION('',(1.,-3.330669073875E-16,-0.));
#12251 = DIRECTION('',(-3.330669073875E-16,-1.,0.));
#12252 = PCURVE('',#8700,#12253);
#12253 = DEFINITIONAL_REPRESENTATION('',(#12254),#12258);
#12254 = LINE('',#12255,#12256);
#12255 = CARTESIAN_POINT('',(6.28318530718,-0.5));
#12256 = VECTOR('',#12257,1.);
#12257 = DIRECTION('',(-1.,0.));
#12258 = ( GEOMETRIC_REPRESENTATION_CONTEXT(2) 
PARAMETRIC_REPRESENTATION_CONTEXT() REPRESENTATION_CONTEXT('2D SPACE',''
  ) );
#12259 = PCURVE('',#8668,#12260);
#12260 = DEFINITIONAL_REPRESENTATION('',(#12261),#12269);
#12261 = ( BOUNDED_CURVE() B_SPLINE_CURVE(2,(#12262,#12263,#12264,#12265
    ,#12266,#12267,#12268),.UNSPECIFIED.,.T.,.F.) 
B_SPLINE_CURVE_WITH_KNOTS((1,2,2,2,2,1),(-2.094395102393,0.,
    2.094395102393,4.188790204786,6.28318530718,8.377580409573),
.UNSPECIFIED.) CURVE() GEOMETRIC_REPRESENTATION_ITEM() 
RATIONAL_B_SPLINE_CURVE((1.,0.5,1.,0.5,1.,0.5,1.)) REPRESENTATION_ITEM(
  '') );
#12262 = CARTESIAN_POINT('',(5.5,0.));
#12263 = CARTESIAN_POINT('',(5.5,-9.526279441629));
#12264 = CARTESIAN_POINT('',(-2.75,-4.763139720814));
#12265 = CARTESIAN_POINT('',(-11.,-1.347111479062E-15));
#12266 = CARTESIAN_POINT('',(-2.75,4.763139720814));
#12267 = CARTESIAN_POINT('',(5.5,9.526279441629));
#12268 = CARTESIAN_POINT('',(5.5,0.));
#12269 = ( GEOMETRIC_REPRESENTATION_CONTEXT(2) 
PARAMETRIC_REPRESENTATION_CONTEXT() REPRESENTATION_CONTEXT('2D SPACE',''
  ) );
#12270 = ORIENTED_EDGE('',*,*,#9688,.T.);
#12271 = ORIENTED_EDGE('',*,*,#11906,.T.);
#12272 = ORIENTED_EDGE('',*,*,#11542,.T.);
#12273 = ADVANCED_FACE('',(#12274,#12278),#8668,.F.);
#12274 = FACE_BOUND('',#12275,.T.);
#12275 = EDGE_LOOP('',(#12276,#12277));
#12276 = ORIENTED_EDGE('',*,*,#12245,.T.);
#12277 = ORIENTED_EDGE('',*,*,#8649,.T.);
#12278 = FACE_BOUND('',#12279,.T.);
#12279 = EDGE_LOOP('',(#12280,#12302));
#12280 = ORIENTED_EDGE('',*,*,#12281,.T.);
#12281 = EDGE_CURVE('',#9715,#9713,#12282,.T.);
#12282 = SURFACE_CURVE('',#12283,(#12288,#12295),.PCURVE_S1.);
#12283 = CIRCLE('',#12284,5.4);
#12284 = AXIS2_PLACEMENT_3D('',#12285,#12286,#12287);
#12285 = CARTESIAN_POINT('',(-25.,8.326672684689E-15,0.));
#12286 = DIRECTION('',(-1.,3.330669073875E-16,0.));
#12287 = DIRECTION('',(-3.330669073875E-16,-1.,0.));
#12288 = PCURVE('',#8668,#12289);
#12289 = DEFINITIONAL_REPRESENTATION('',(#12290),#12294);
#12290 = CIRCLE('',#12291,5.4);
#12291 = AXIS2_PLACEMENT_2D('',#12292,#12293);
#12292 = CARTESIAN_POINT('',(0.,0.));
#12293 = DIRECTION('',(1.,0.));
#12294 = ( GEOMETRIC_REPRESENTATION_CONTEXT(2) 
PARAMETRIC_REPRESENTATION_CONTEXT() REPRESENTATION_CONTEXT('2D SPACE',''
  ) );
#12295 = PCURVE('',#9759,#12296);
#12296 = DEFINITIONAL_REPRESENTATION('',(#12297),#12301);
#12297 = LINE('',#12298,#12299);
#12298 = CARTESIAN_POINT('',(9.424777960769,0.));
#12299 = VECTOR('',#12300,1.);
#12300 = DIRECTION('',(-1.,0.));
#12301 = ( GEOMETRIC_REPRESENTATION_CONTEXT(2) 
PARAMETRIC_REPRESENTATION_CONTEXT() REPRESENTATION_CONTEXT('2D SPACE',''
  ) );
#12302 = ORIENTED_EDGE('',*,*,#9712,.T.);
#12303 = ADVANCED_FACE('',(#12304),#9759,.T.);
#12304 = FACE_BOUND('',#12305,.T.);
#12305 = EDGE_LOOP('',(#12306,#12307,#12308,#12309));
#12306 = ORIENTED_EDGE('',*,*,#9743,.F.);
#12307 = ORIENTED_EDGE('',*,*,#12281,.F.);
#12308 = ORIENTED_EDGE('',*,*,#9800,.T.);
#12309 = ORIENTED_EDGE('',*,*,#12310,.T.);
#12310 = EDGE_CURVE('',#9772,#9744,#12311,.T.);
#12311 = SURFACE_CURVE('',#12312,(#12317,#12324),.PCURVE_S1.);
#12312 = CIRCLE('',#12313,5.4);
#12313 = AXIS2_PLACEMENT_3D('',#12314,#12315,#12316);
#12314 = CARTESIAN_POINT('',(-24.5,8.160139230995E-15,0.));
#12315 = DIRECTION('',(-1.,3.330669073875E-16,0.));
#12316 = DIRECTION('',(-3.330669073875E-16,-1.,0.));
#12317 = PCURVE('',#9759,#12318);
#12318 = DEFINITIONAL_REPRESENTATION('',(#12319),#12323);
#12319 = LINE('',#12320,#12321);
#12320 = CARTESIAN_POINT('',(9.424777960769,0.5));
#12321 = VECTOR('',#12322,1.);
#12322 = DIRECTION('',(-1.,0.));
#12323 = ( GEOMETRIC_REPRESENTATION_CONTEXT(2) 
PARAMETRIC_REPRESENTATION_CONTEXT() REPRESENTATION_CONTEXT('2D SPACE',''
  ) );
#12324 = PCURVE('',#9788,#12325);
#12325 = DEFINITIONAL_REPRESENTATION('',(#12326),#12330);
#12326 = CIRCLE('',#12327,5.4);
#12327 = AXIS2_PLACEMENT_2D('',#12328,#12329);
#12328 = CARTESIAN_POINT('',(-6.,0.));
#12329 = DIRECTION('',(1.,0.));
#12330 = ( GEOMETRIC_REPRESENTATION_CONTEXT(2) 
PARAMETRIC_REPRESENTATION_CONTEXT() REPRESENTATION_CONTEXT('2D SPACE',''
  ) );
#12331 = ADVANCED_FACE('',(#12332,#12357),#9788,.T.);
#12332 = FACE_BOUND('',#12333,.T.);
#12333 = EDGE_LOOP('',(#12334,#12356));
#12334 = ORIENTED_EDGE('',*,*,#12335,.T.);
#12335 = EDGE_CURVE('',#9827,#9825,#12336,.T.);
#12336 = SURFACE_CURVE('',#12337,(#12342,#12349),.PCURVE_S1.);
#12337 = CIRCLE('',#12338,7.75);
#12338 = AXIS2_PLACEMENT_3D('',#12339,#12340,#12341);
#12339 = CARTESIAN_POINT('',(-24.5,8.160139230995E-15,0.));
#12340 = DIRECTION('',(-1.,3.330669073875E-16,0.));
#12341 = DIRECTION('',(-3.330669073875E-16,-1.,0.));
#12342 = PCURVE('',#9788,#12343);
#12343 = DEFINITIONAL_REPRESENTATION('',(#12344),#12348);
#12344 = CIRCLE('',#12345,7.75);
#12345 = AXIS2_PLACEMENT_2D('',#12346,#12347);
#12346 = CARTESIAN_POINT('',(-6.,0.));
#12347 = DIRECTION('',(1.,0.));
#12348 = ( GEOMETRIC_REPRESENTATION_CONTEXT(2) 
PARAMETRIC_REPRESENTATION_CONTEXT() REPRESENTATION_CONTEXT('2D SPACE',''
  ) );
#12349 = PCURVE('',#9871,#12350);
#12350 = DEFINITIONAL_REPRESENTATION('',(#12351),#12355);
#12351 = LINE('',#12352,#12353);
#12352 = CARTESIAN_POINT('',(9.424777960769,0.));
#12353 = VECTOR('',#12354,1.);
#12354 = DIRECTION('',(-1.,0.));
#12355 = ( GEOMETRIC_REPRESENTATION_CONTEXT(2) 
PARAMETRIC_REPRESENTATION_CONTEXT() REPRESENTATION_CONTEXT('2D SPACE',''
  ) );
#12356 = ORIENTED_EDGE('',*,*,#9824,.T.);
#12357 = FACE_BOUND('',#12358,.T.);
#12358 = EDGE_LOOP('',(#12359,#12360));
#12359 = ORIENTED_EDGE('',*,*,#12310,.F.);
#12360 = ORIENTED_EDGE('',*,*,#9771,.F.);
#12361 = ADVANCED_FACE('',(#12362),#9871,.T.);
#12362 = FACE_BOUND('',#12363,.T.);
#12363 = EDGE_LOOP('',(#12364,#12365,#12366,#12367));
#12364 = ORIENTED_EDGE('',*,*,#9855,.F.);
#12365 = ORIENTED_EDGE('',*,*,#12335,.F.);
#12366 = ORIENTED_EDGE('',*,*,#9912,.T.);
#12367 = ORIENTED_EDGE('',*,*,#12368,.F.);
#12368 = EDGE_CURVE('',#9856,#9884,#12369,.T.);
#12369 = SURFACE_CURVE('',#12370,(#12375,#12382),.PCURVE_S1.);
#12370 = CIRCLE('',#12371,8.);
#12371 = AXIS2_PLACEMENT_3D('',#12372,#12373,#12374);
#12372 = CARTESIAN_POINT('',(-24.25,8.076872504148E-15,0.));
#12373 = DIRECTION('',(1.,-3.330669073875E-16,0.));
#12374 = DIRECTION('',(-3.330669073875E-16,-1.,0.));
#12375 = PCURVE('',#9871,#12376);
#12376 = DEFINITIONAL_REPRESENTATION('',(#12377),#12381);
#12377 = LINE('',#12378,#12379);
#12378 = CARTESIAN_POINT('',(3.14159265359,0.25));
#12379 = VECTOR('',#12380,1.);
#12380 = DIRECTION('',(1.,0.));
#12381 = ( GEOMETRIC_REPRESENTATION_CONTEXT(2) 
PARAMETRIC_REPRESENTATION_CONTEXT() REPRESENTATION_CONTEXT('2D SPACE',''
  ) );
#12382 = PCURVE('',#9981,#12383);
#12383 = DEFINITIONAL_REPRESENTATION('',(#12384),#12388);
#12384 = LINE('',#12385,#12386);
#12385 = CARTESIAN_POINT('',(6.28318530718,-12.25));
#12386 = VECTOR('',#12387,1.);
#12387 = DIRECTION('',(-1.,0.));
#12388 = ( GEOMETRIC_REPRESENTATION_CONTEXT(2) 
PARAMETRIC_REPRESENTATION_CONTEXT() REPRESENTATION_CONTEXT('2D SPACE',''
  ) );
#12389 = ADVANCED_FACE('',(#12390),#9981,.T.);
#12390 = FACE_BOUND('',#12391,.T.);
#12391 = EDGE_LOOP('',(#12392,#12393,#12415,#12416));
#12392 = ORIENTED_EDGE('',*,*,#9967,.F.);
#12393 = ORIENTED_EDGE('',*,*,#12394,.T.);
#12394 = EDGE_CURVE('',#9939,#9937,#12395,.T.);
#12395 = SURFACE_CURVE('',#12396,(#12401,#12408),.PCURVE_S1.);
#12396 = CIRCLE('',#12397,8.);
#12397 = AXIS2_PLACEMENT_3D('',#12398,#12399,#12400);
#12398 = CARTESIAN_POINT('',(-2.3,7.660538869914E-16,0.));
#12399 = DIRECTION('',(-1.,3.330669073875E-16,0.));
#12400 = DIRECTION('',(-3.330669073875E-16,-1.,0.));
#12401 = PCURVE('',#9981,#12402);
#12402 = DEFINITIONAL_REPRESENTATION('',(#12403),#12407);
#12403 = LINE('',#12404,#12405);
#12404 = CARTESIAN_POINT('',(0.,-34.2));
#12405 = VECTOR('',#12406,1.);
#12406 = DIRECTION('',(1.,0.));
#12407 = ( GEOMETRIC_REPRESENTATION_CONTEXT(2) 
PARAMETRIC_REPRESENTATION_CONTEXT() REPRESENTATION_CONTEXT('2D SPACE',''
  ) );
#12408 = PCURVE('',#9955,#12409);
#12409 = DEFINITIONAL_REPRESENTATION('',(#12410),#12414);
#12410 = CIRCLE('',#12411,8.);
#12411 = AXIS2_PLACEMENT_2D('',#12412,#12413);
#12412 = CARTESIAN_POINT('',(-8.,0.));
#12413 = DIRECTION('',(1.,0.));
#12414 = ( GEOMETRIC_REPRESENTATION_CONTEXT(2) 
PARAMETRIC_REPRESENTATION_CONTEXT() REPRESENTATION_CONTEXT('2D SPACE',''
  ) );
#12415 = ORIENTED_EDGE('',*,*,#9994,.T.);
#12416 = ORIENTED_EDGE('',*,*,#12368,.T.);
#12417 = ADVANCED_FACE('',(#12418,#12443),#9955,.T.);
#12418 = FACE_BOUND('',#12419,.T.);
#12419 = EDGE_LOOP('',(#12420,#12442));
#12420 = ORIENTED_EDGE('',*,*,#12421,.T.);
#12421 = EDGE_CURVE('',#10021,#10019,#12422,.T.);
#12422 = SURFACE_CURVE('',#12423,(#12428,#12435),.PCURVE_S1.);
#12423 = CIRCLE('',#12424,10.85);
#12424 = AXIS2_PLACEMENT_3D('',#12425,#12426,#12427);
#12425 = CARTESIAN_POINT('',(-2.3,7.660538869914E-16,0.));
#12426 = DIRECTION('',(-1.,3.330669073875E-16,0.));
#12427 = DIRECTION('',(-3.330669073875E-16,-1.,0.));
#12428 = PCURVE('',#9955,#12429);
#12429 = DEFINITIONAL_REPRESENTATION('',(#12430),#12434);
#12430 = CIRCLE('',#12431,10.85);
#12431 = AXIS2_PLACEMENT_2D('',#12432,#12433);
#12432 = CARTESIAN_POINT('',(-8.,0.));
#12433 = DIRECTION('',(1.,0.));
#12434 = ( GEOMETRIC_REPRESENTATION_CONTEXT(2) 
PARAMETRIC_REPRESENTATION_CONTEXT() REPRESENTATION_CONTEXT('2D SPACE',''
  ) );
#12435 = PCURVE('',#10065,#12436);
#12436 = DEFINITIONAL_REPRESENTATION('',(#12437),#12441);
#12437 = LINE('',#12438,#12439);
#12438 = CARTESIAN_POINT('',(9.424777960769,0.));
#12439 = VECTOR('',#12440,1.);
#12440 = DIRECTION('',(-1.,0.));
#12441 = ( GEOMETRIC_REPRESENTATION_CONTEXT(2) 
PARAMETRIC_REPRESENTATION_CONTEXT() REPRESENTATION_CONTEXT('2D SPACE',''
  ) );
#12442 = ORIENTED_EDGE('',*,*,#10018,.T.);
#12443 = FACE_BOUND('',#12444,.T.);
#12444 = EDGE_LOOP('',(#12445,#12446));
#12445 = ORIENTED_EDGE('',*,*,#9936,.F.);
#12446 = ORIENTED_EDGE('',*,*,#12394,.F.);
#12447 = ADVANCED_FACE('',(#12448),#10065,.T.);
#12448 = FACE_BOUND('',#12449,.T.);
#12449 = EDGE_LOOP('',(#12450,#12451,#12452,#12453));
#12450 = ORIENTED_EDGE('',*,*,#10049,.F.);
#12451 = ORIENTED_EDGE('',*,*,#12421,.F.);
#12452 = ORIENTED_EDGE('',*,*,#10106,.T.);
#12453 = ORIENTED_EDGE('',*,*,#12454,.F.);
#12454 = EDGE_CURVE('',#10050,#10078,#12455,.T.);
#12455 = SURFACE_CURVE('',#12456,(#12461,#12468),.PCURVE_S1.);
#12456 = CIRCLE('',#12457,11.1);
#12457 = AXIS2_PLACEMENT_3D('',#12458,#12459,#12460);
#12458 = CARTESIAN_POINT('',(-2.05,6.827871601445E-16,0.));
#12459 = DIRECTION('',(1.,-3.330669073875E-16,0.));
#12460 = DIRECTION('',(-3.330669073875E-16,-1.,0.));
#12461 = PCURVE('',#10065,#12462);
#12462 = DEFINITIONAL_REPRESENTATION('',(#12463),#12467);
#12463 = LINE('',#12464,#12465);
#12464 = CARTESIAN_POINT('',(3.14159265359,0.25));
#12465 = VECTOR('',#12466,1.);
#12466 = DIRECTION('',(1.,0.));
#12467 = ( GEOMETRIC_REPRESENTATION_CONTEXT(2) 
PARAMETRIC_REPRESENTATION_CONTEXT() REPRESENTATION_CONTEXT('2D SPACE',''
  ) );
#12468 = PCURVE('',#10170,#12469);
#12469 = DEFINITIONAL_REPRESENTATION('',(#12470),#12474);
#12470 = LINE('',#12471,#12472);
#12471 = CARTESIAN_POINT('',(6.28318530718,-34.45));
#12472 = VECTOR('',#12473,1.);
#12473 = DIRECTION('',(-1.,0.));
#12474 = ( GEOMETRIC_REPRESENTATION_CONTEXT(2) 
PARAMETRIC_REPRESENTATION_CONTEXT() REPRESENTATION_CONTEXT('2D SPACE',''
  ) );
#12475 = ADVANCED_FACE('',(#12476),#10170,.T.);
#12476 = FACE_BOUND('',#12477,.T.);
#12477 = EDGE_LOOP('',(#12478,#12479,#12480,#12481));
#12478 = ORIENTED_EDGE('',*,*,#10156,.F.);
#12479 = ORIENTED_EDGE('',*,*,#10735,.T.);
#12480 = ORIENTED_EDGE('',*,*,#10183,.T.);
#12481 = ORIENTED_EDGE('',*,*,#12454,.T.);
#12482 = MANIFOLD_SOLID_BREP('',#12483);
#12483 = CLOSED_SHELL('',(#12484,#12601,#12751,#12833,#12887,#12913,
    #12941,#12969));
#12484 = ADVANCED_FACE('',(#12485),#12500,.T.);
#12485 = FACE_BOUND('',#12486,.T.);
#12486 = EDGE_LOOP('',(#12487,#12523,#12551,#12580));
#12487 = ORIENTED_EDGE('',*,*,#12488,.T.);
#12488 = EDGE_CURVE('',#12489,#12491,#12493,.T.);
#12489 = VERTEX_POINT('',#12490);
#12490 = CARTESIAN_POINT('',(0.736444048631,-2.452851417414E-16,5.));
#12491 = VERTEX_POINT('',#12492);
#12492 = CARTESIAN_POINT('',(0.736444048631,-8.576085413151E-16,-5.));
#12493 = SURFACE_CURVE('',#12494,(#12499,#12511),.PCURVE_S1.);
#12494 = CIRCLE('',#12495,5.);
#12495 = AXIS2_PLACEMENT_3D('',#12496,#12497,#12498);
#12496 = CARTESIAN_POINT('',(0.736444048631,-2.452851417414E-16,0.));
#12497 = DIRECTION('',(1.,-3.330669073875E-16,0.));
#12498 = DIRECTION('',(0.,0.,1.));
#12499 = PCURVE('',#12500,#12505);
#12500 = CONICAL_SURFACE('',#12501,13.95,0.319138078504);
#12501 = AXIS2_PLACEMENT_3D('',#12502,#12503,#12504);
#12502 = CARTESIAN_POINT('',(27.822108177691,-9.266623527745E-15,0.));
#12503 = DIRECTION('',(1.,-3.330669073875E-16,0.));
#12504 = DIRECTION('',(0.,0.,1.));
#12505 = DEFINITIONAL_REPRESENTATION('',(#12506),#12510);
#12506 = LINE('',#12507,#12508);
#12507 = CARTESIAN_POINT('',(0.,-27.08566412906));
#12508 = VECTOR('',#12509,1.);
#12509 = DIRECTION('',(1.,0.));
#12510 = ( GEOMETRIC_REPRESENTATION_CONTEXT(2) 
PARAMETRIC_REPRESENTATION_CONTEXT() REPRESENTATION_CONTEXT('2D SPACE',''
  ) );
#12511 = PCURVE('',#12512,#12517);
#12512 = CYLINDRICAL_SURFACE('',#12513,5.);
#12513 = AXIS2_PLACEMENT_3D('',#12514,#12515,#12516);
#12514 = CARTESIAN_POINT('',(-36.5,1.215694211965E-14,0.));
#12515 = DIRECTION('',(1.,-3.330669073875E-16,0.));
#12516 = DIRECTION('',(0.,0.,1.));
#12517 = DEFINITIONAL_REPRESENTATION('',(#12518),#12522);
#12518 = LINE('',#12519,#12520);
#12519 = CARTESIAN_POINT('',(0.,37.236444048631));
#12520 = VECTOR('',#12521,1.);
#12521 = DIRECTION('',(1.,0.));
#12522 = ( GEOMETRIC_REPRESENTATION_CONTEXT(2) 
PARAMETRIC_REPRESENTATION_CONTEXT() REPRESENTATION_CONTEXT('2D SPACE',''
  ) );
#12523 = ORIENTED_EDGE('',*,*,#12524,.T.);
#12524 = EDGE_CURVE('',#12491,#12525,#12527,.T.);
#12525 = VERTEX_POINT('',#12526);
#12526 = CARTESIAN_POINT('',(27.822108177691,-1.097500581256E-14,-13.95)
  );
#12527 = SURFACE_CURVE('',#12528,(#12532,#12539),.PCURVE_S1.);
#12528 = LINE('',#12529,#12530);
#12529 = CARTESIAN_POINT('',(27.822108177691,-1.097500581256E-14,-13.95)
  );
#12530 = VECTOR('',#12531,1.);
#12531 = DIRECTION('',(0.949506197132,-3.546721749968E-16,
    -0.313748277459));
#12532 = PCURVE('',#12500,#12533);
#12533 = DEFINITIONAL_REPRESENTATION('',(#12534),#12538);
#12534 = LINE('',#12535,#12536);
#12535 = CARTESIAN_POINT('',(3.14159265359,0.));
#12536 = VECTOR('',#12537,1.);
#12537 = DIRECTION('',(0.,1.));
#12538 = ( GEOMETRIC_REPRESENTATION_CONTEXT(2) 
PARAMETRIC_REPRESENTATION_CONTEXT() REPRESENTATION_CONTEXT('2D SPACE',''
  ) );
#12539 = PCURVE('',#12540,#12545);
#12540 = CONICAL_SURFACE('',#12541,13.95,0.319138078504);
#12541 = AXIS2_PLACEMENT_3D('',#12542,#12543,#12544);
#12542 = CARTESIAN_POINT('',(27.822108177691,-9.266623527745E-15,0.));
#12543 = DIRECTION('',(1.,-3.330669073875E-16,0.));
#12544 = DIRECTION('',(0.,0.,1.));
#12545 = DEFINITIONAL_REPRESENTATION('',(#12546),#12550);
#12546 = LINE('',#12547,#12548);
#12547 = CARTESIAN_POINT('',(3.14159265359,0.));
#12548 = VECTOR('',#12549,1.);
#12549 = DIRECTION('',(0.,1.));
#12550 = ( GEOMETRIC_REPRESENTATION_CONTEXT(2) 
PARAMETRIC_REPRESENTATION_CONTEXT() REPRESENTATION_CONTEXT('2D SPACE',''
  ) );
#12551 = ORIENTED_EDGE('',*,*,#12552,.F.);
#12552 = EDGE_CURVE('',#12553,#12525,#12555,.T.);
#12553 = VERTEX_POINT('',#12554);
#12554 = CARTESIAN_POINT('',(27.822108177691,-9.266623527745E-15,13.95)
  );
#12555 = SURFACE_CURVE('',#12556,(#12561,#12568),.PCURVE_S1.);
#12556 = CIRCLE('',#12557,13.95);
#12557 = AXIS2_PLACEMENT_3D('',#12558,#12559,#12560);
#12558 = CARTESIAN_POINT('',(27.822108177691,-9.266623527745E-15,0.));
#12559 = DIRECTION('',(1.,-3.330669073875E-16,0.));
#12560 = DIRECTION('',(0.,0.,1.));
#12561 = PCURVE('',#12500,#12562);
#12562 = DEFINITIONAL_REPRESENTATION('',(#12563),#12567);
#12563 = LINE('',#12564,#12565);
#12564 = CARTESIAN_POINT('',(0.,0.));
#12565 = VECTOR('',#12566,1.);
#12566 = DIRECTION('',(1.,0.));
#12567 = ( GEOMETRIC_REPRESENTATION_CONTEXT(2) 
PARAMETRIC_REPRESENTATION_CONTEXT() REPRESENTATION_CONTEXT('2D SPACE',''
  ) );
#12568 = PCURVE('',#12569,#12574);
#12569 = CYLINDRICAL_SURFACE('',#12570,13.95);
#12570 = AXIS2_PLACEMENT_3D('',#12571,#12572,#12573);
#12571 = CARTESIAN_POINT('',(-36.5,1.215694211965E-14,0.));
#12572 = DIRECTION('',(1.,-3.330669073875E-16,0.));
#12573 = DIRECTION('',(0.,0.,1.));
#12574 = DEFINITIONAL_REPRESENTATION('',(#12575),#12579);
#12575 = LINE('',#12576,#12577);
#12576 = CARTESIAN_POINT('',(0.,64.322108177691));
#12577 = VECTOR('',#12578,1.);
#12578 = DIRECTION('',(1.,0.));
#12579 = ( GEOMETRIC_REPRESENTATION_CONTEXT(2) 
PARAMETRIC_REPRESENTATION_CONTEXT() REPRESENTATION_CONTEXT('2D SPACE',''
  ) );
#12580 = ORIENTED_EDGE('',*,*,#12581,.F.);
#12581 = EDGE_CURVE('',#12489,#12553,#12582,.T.);
#12582 = SURFACE_CURVE('',#12583,(#12587,#12594),.PCURVE_S1.);
#12583 = LINE('',#12584,#12585);
#12584 = CARTESIAN_POINT('',(27.822108177691,-9.266623527745E-15,13.95)
  );
#12585 = VECTOR('',#12586,1.);
#12586 = DIRECTION('',(0.949506197132,-3.16249092624E-16,0.313748277459)
  );
#12587 = PCURVE('',#12500,#12588);
#12588 = DEFINITIONAL_REPRESENTATION('',(#12589),#12593);
#12589 = LINE('',#12590,#12591);
#12590 = CARTESIAN_POINT('',(0.,0.));
#12591 = VECTOR('',#12592,1.);
#12592 = DIRECTION('',(0.,1.));
#12593 = ( GEOMETRIC_REPRESENTATION_CONTEXT(2) 
PARAMETRIC_REPRESENTATION_CONTEXT() REPRESENTATION_CONTEXT('2D SPACE',''
  ) );
#12594 = PCURVE('',#12540,#12595);
#12595 = DEFINITIONAL_REPRESENTATION('',(#12596),#12600);
#12596 = LINE('',#12597,#12598);
#12597 = CARTESIAN_POINT('',(6.28318530718,0.));
#12598 = VECTOR('',#12599,1.);
#12599 = DIRECTION('',(0.,1.));
#12600 = ( GEOMETRIC_REPRESENTATION_CONTEXT(2) 
PARAMETRIC_REPRESENTATION_CONTEXT() REPRESENTATION_CONTEXT('2D SPACE',''
  ) );
#12601 = ADVANCED_FACE('',(#12602),#12569,.T.);
#12602 = FACE_BOUND('',#12603,.T.);
#12603 = EDGE_LOOP('',(#12604,#12605,#12633,#12684,#12730));
#12604 = ORIENTED_EDGE('',*,*,#12552,.T.);
#12605 = ORIENTED_EDGE('',*,*,#12606,.T.);
#12606 = EDGE_CURVE('',#12525,#12607,#12609,.T.);
#12607 = VERTEX_POINT('',#12608);
#12608 = CARTESIAN_POINT('',(33.5,-1.286612368229E-14,-13.95));
#12609 = SURFACE_CURVE('',#12610,(#12614,#12621),.PCURVE_S1.);
#12610 = LINE('',#12611,#12612);
#12611 = CARTESIAN_POINT('',(-36.5,1.044855983483E-14,-13.95));
#12612 = VECTOR('',#12613,1.);
#12613 = DIRECTION('',(1.,-3.330669073875E-16,0.));
#12614 = PCURVE('',#12569,#12615);
#12615 = DEFINITIONAL_REPRESENTATION('',(#12616),#12620);
#12616 = LINE('',#12617,#12618);
#12617 = CARTESIAN_POINT('',(3.14159265359,0.));
#12618 = VECTOR('',#12619,1.);
#12619 = DIRECTION('',(0.,1.));
#12620 = ( GEOMETRIC_REPRESENTATION_CONTEXT(2) 
PARAMETRIC_REPRESENTATION_CONTEXT() REPRESENTATION_CONTEXT('2D SPACE',''
  ) );
#12621 = PCURVE('',#12622,#12627);
#12622 = CYLINDRICAL_SURFACE('',#12623,13.95);
#12623 = AXIS2_PLACEMENT_3D('',#12624,#12625,#12626);
#12624 = CARTESIAN_POINT('',(-36.5,1.215694211965E-14,0.));
#12625 = DIRECTION('',(1.,-3.330669073875E-16,0.));
#12626 = DIRECTION('',(0.,0.,1.));
#12627 = DEFINITIONAL_REPRESENTATION('',(#12628),#12632);
#12628 = LINE('',#12629,#12630);
#12629 = CARTESIAN_POINT('',(3.14159265359,0.));
#12630 = VECTOR('',#12631,1.);
#12631 = DIRECTION('',(0.,1.));
#12632 = ( GEOMETRIC_REPRESENTATION_CONTEXT(2) 
PARAMETRIC_REPRESENTATION_CONTEXT() REPRESENTATION_CONTEXT('2D SPACE',''
  ) );
#12633 = ORIENTED_EDGE('',*,*,#12634,.F.);
#12634 = EDGE_CURVE('',#12635,#12607,#12637,.T.);
#12635 = VERTEX_POINT('',#12636);
#12636 = CARTESIAN_POINT('',(33.5,-13.95,2.018277706604E-15));
#12637 = SURFACE_CURVE('',#12638,(#12643,#12650),.PCURVE_S1.);
#12638 = CIRCLE('',#12639,13.95);
#12639 = AXIS2_PLACEMENT_3D('',#12640,#12641,#12642);
#12640 = CARTESIAN_POINT('',(33.5,-1.115774139748E-14,0.));
#12641 = DIRECTION('',(1.,-3.330669073875E-16,0.));
#12642 = DIRECTION('',(3.330669073875E-16,1.,0.));
#12643 = PCURVE('',#12569,#12644);
#12644 = DEFINITIONAL_REPRESENTATION('',(#12645),#12649);
#12645 = LINE('',#12646,#12647);
#12646 = CARTESIAN_POINT('',(-1.570796326795,70.));
#12647 = VECTOR('',#12648,1.);
#12648 = DIRECTION('',(1.,0.));
#12649 = ( GEOMETRIC_REPRESENTATION_CONTEXT(2) 
PARAMETRIC_REPRESENTATION_CONTEXT() REPRESENTATION_CONTEXT('2D SPACE',''
  ) );
#12650 = PCURVE('',#12651,#12656);
#12651 = SPHERICAL_SURFACE('',#12652,40.1705);
#12652 = AXIS2_PLACEMENT_3D('',#12653,#12654,#12655);
#12653 = CARTESIAN_POINT('',(-4.1705,1.38905553726E-15,0.));
#12654 = DIRECTION('',(1.,-3.330669073875E-16,0.));
#12655 = DIRECTION('',(-3.330669073875E-16,-1.,0.));
#12656 = DEFINITIONAL_REPRESENTATION('',(#12657),#12683);
#12657 = B_SPLINE_CURVE_WITH_KNOTS('',3,(#12658,#12659,#12660,#12661,
    #12662,#12663,#12664,#12665,#12666,#12667,#12668,#12669,#12670,
    #12671,#12672,#12673,#12674,#12675,#12676,#12677,#12678,#12679,
    #12680,#12681,#12682),.UNSPECIFIED.,.F.,.F.,(4,1,1,1,1,1,1,1,1,1,1,1
    ,1,1,1,1,1,1,1,1,1,1,4),(1.570796326795,1.713595992867,
    1.856395658939,1.999195325012,2.141994991084,2.284794657156,
    2.427594323228,2.570393989301,2.713193655373,2.855993321445,
    2.998792987518,3.14159265359,3.284392319662,3.427191985734,
    3.569991651807,3.712791317879,3.855590983951,3.998390650023,
    4.141190316096,4.283989982168,4.42678964824,4.569589314312,
    4.712388980385),.QUASI_UNIFORM_KNOTS.);
#12658 = CARTESIAN_POINT('',(-1.570796326795,1.216138227813));
#12659 = CARTESIAN_POINT('',(-1.523196438104,1.216138227813));
#12660 = CARTESIAN_POINT('',(-1.427996660723,1.216138227813));
#12661 = CARTESIAN_POINT('',(-1.28519699465,1.216138227813));
#12662 = CARTESIAN_POINT('',(-1.142397328578,1.216138227813));
#12663 = CARTESIAN_POINT('',(-0.999597662506,1.216138227813));
#12664 = CARTESIAN_POINT('',(-0.856797996434,1.216138227813));
#12665 = CARTESIAN_POINT('',(-0.713998330361,1.216138227813));
#12666 = CARTESIAN_POINT('',(-0.571198664289,1.216138227813));
#12667 = CARTESIAN_POINT('',(-0.428398998217,1.216138227813));
#12668 = CARTESIAN_POINT('',(-0.285599332145,1.216138227813));
#12669 = CARTESIAN_POINT('',(-0.142799666072,1.216138227813));
#12670 = CARTESIAN_POINT('',(-8.881784197001E-16,1.216138227813));
#12671 = CARTESIAN_POINT('',(0.142799666072,1.216138227813));
#12672 = CARTESIAN_POINT('',(0.285599332145,1.216138227813));
#12673 = CARTESIAN_POINT('',(0.428398998217,1.216138227813));
#12674 = CARTESIAN_POINT('',(0.571198664289,1.216138227813));
#12675 = CARTESIAN_POINT('',(0.713998330361,1.216138227813));
#12676 = CARTESIAN_POINT('',(0.856797996434,1.216138227813));
#12677 = CARTESIAN_POINT('',(0.999597662506,1.216138227813));
#12678 = CARTESIAN_POINT('',(1.142397328578,1.216138227813));
#12679 = CARTESIAN_POINT('',(1.28519699465,1.216138227813));
#12680 = CARTESIAN_POINT('',(1.427996660723,1.216138227813));
#12681 = CARTESIAN_POINT('',(1.523196438104,1.216138227813));
#12682 = CARTESIAN_POINT('',(1.570796326795,1.216138227813));
#12683 = ( GEOMETRIC_REPRESENTATION_CONTEXT(2) 
PARAMETRIC_REPRESENTATION_CONTEXT() REPRESENTATION_CONTEXT('2D SPACE',''
  ) );
#12684 = ORIENTED_EDGE('',*,*,#12685,.F.);
#12685 = EDGE_CURVE('',#12686,#12635,#12688,.T.);
#12686 = VERTEX_POINT('',#12687);
#12687 = CARTESIAN_POINT('',(33.5,-1.115774139748E-14,13.95));
#12688 = SURFACE_CURVE('',#12689,(#12694,#12701),.PCURVE_S1.);
#12689 = CIRCLE('',#12690,13.95);
#12690 = AXIS2_PLACEMENT_3D('',#12691,#12692,#12693);
#12691 = CARTESIAN_POINT('',(33.5,-1.115774139748E-14,0.));
#12692 = DIRECTION('',(1.,-3.330669073875E-16,0.));
#12693 = DIRECTION('',(3.330669073875E-16,1.,0.));
#12694 = PCURVE('',#12569,#12695);
#12695 = DEFINITIONAL_REPRESENTATION('',(#12696),#12700);
#12696 = LINE('',#12697,#12698);
#12697 = CARTESIAN_POINT('',(-1.570796326795,70.));
#12698 = VECTOR('',#12699,1.);
#12699 = DIRECTION('',(1.,0.));
#12700 = ( GEOMETRIC_REPRESENTATION_CONTEXT(2) 
PARAMETRIC_REPRESENTATION_CONTEXT() REPRESENTATION_CONTEXT('2D SPACE',''
  ) );
#12701 = PCURVE('',#12651,#12702);
#12702 = DEFINITIONAL_REPRESENTATION('',(#12703),#12729);
#12703 = B_SPLINE_CURVE_WITH_KNOTS('',3,(#12704,#12705,#12706,#12707,
    #12708,#12709,#12710,#12711,#12712,#12713,#12714,#12715,#12716,
    #12717,#12718,#12719,#12720,#12721,#12722,#12723,#12724,#12725,
    #12726,#12727,#12728),.UNSPECIFIED.,.F.,.F.,(4,1,1,1,1,1,1,1,1,1,1,1
    ,1,1,1,1,1,1,1,1,1,1,4),(1.570796326795,1.713595992867,
    1.856395658939,1.999195325012,2.141994991084,2.284794657156,
    2.427594323228,2.570393989301,2.713193655373,2.855993321445,
    2.998792987518,3.14159265359,3.284392319662,3.427191985734,
    3.569991651807,3.712791317879,3.855590983951,3.998390650023,
    4.141190316096,4.283989982168,4.42678964824,4.569589314312,
    4.712388980385),.QUASI_UNIFORM_KNOTS.);
#12704 = CARTESIAN_POINT('',(4.712388980385,1.216138227813));
#12705 = CARTESIAN_POINT('',(4.759988869075,1.216138227813));
#12706 = CARTESIAN_POINT('',(4.855188646457,1.216138227813));
#12707 = CARTESIAN_POINT('',(4.997988312529,1.216138227813));
#12708 = CARTESIAN_POINT('',(5.140787978601,1.216138227813));
#12709 = CARTESIAN_POINT('',(5.283587644674,1.216138227813));
#12710 = CARTESIAN_POINT('',(5.426387310746,1.216138227813));
#12711 = CARTESIAN_POINT('',(5.569186976818,1.216138227813));
#12712 = CARTESIAN_POINT('',(5.711986642891,1.216138227813));
#12713 = CARTESIAN_POINT('',(5.854786308963,1.216138227813));
#12714 = CARTESIAN_POINT('',(5.997585975035,1.216138227813));
#12715 = CARTESIAN_POINT('',(6.140385641107,1.216138227813));
#12716 = CARTESIAN_POINT('',(6.28318530718,1.216138227813));
#12717 = CARTESIAN_POINT('',(6.425984973252,1.216138227813));
#12718 = CARTESIAN_POINT('',(6.568784639324,1.216138227813));
#12719 = CARTESIAN_POINT('',(6.711584305396,1.216138227813));
#12720 = CARTESIAN_POINT('',(6.854383971469,1.216138227813));
#12721 = CARTESIAN_POINT('',(6.997183637541,1.216138227813));
#12722 = CARTESIAN_POINT('',(7.139983303613,1.216138227813));
#12723 = CARTESIAN_POINT('',(7.282782969685,1.216138227813));
#12724 = CARTESIAN_POINT('',(7.425582635758,1.216138227813));
#12725 = CARTESIAN_POINT('',(7.56838230183,1.216138227813));
#12726 = CARTESIAN_POINT('',(7.711181967902,1.216138227813));
#12727 = CARTESIAN_POINT('',(7.806381745284,1.216138227813));
#12728 = CARTESIAN_POINT('',(7.853981633974,1.216138227813));
#12729 = ( GEOMETRIC_REPRESENTATION_CONTEXT(2) 
PARAMETRIC_REPRESENTATION_CONTEXT() REPRESENTATION_CONTEXT('2D SPACE',''
  ) );
#12730 = ORIENTED_EDGE('',*,*,#12731,.F.);
#12731 = EDGE_CURVE('',#12553,#12686,#12732,.T.);
#12732 = SURFACE_CURVE('',#12733,(#12737,#12744),.PCURVE_S1.);
#12733 = LINE('',#12734,#12735);
#12734 = CARTESIAN_POINT('',(-36.5,1.215694211965E-14,13.95));
#12735 = VECTOR('',#12736,1.);
#12736 = DIRECTION('',(1.,-3.330669073875E-16,0.));
#12737 = PCURVE('',#12569,#12738);
#12738 = DEFINITIONAL_REPRESENTATION('',(#12739),#12743);
#12739 = LINE('',#12740,#12741);
#12740 = CARTESIAN_POINT('',(0.,0.));
#12741 = VECTOR('',#12742,1.);
#12742 = DIRECTION('',(0.,1.));
#12743 = ( GEOMETRIC_REPRESENTATION_CONTEXT(2) 
PARAMETRIC_REPRESENTATION_CONTEXT() REPRESENTATION_CONTEXT('2D SPACE',''
  ) );
#12744 = PCURVE('',#12622,#12745);
#12745 = DEFINITIONAL_REPRESENTATION('',(#12746),#12750);
#12746 = LINE('',#12747,#12748);
#12747 = CARTESIAN_POINT('',(6.28318530718,0.));
#12748 = VECTOR('',#12749,1.);
#12749 = DIRECTION('',(0.,1.));
#12750 = ( GEOMETRIC_REPRESENTATION_CONTEXT(2) 
PARAMETRIC_REPRESENTATION_CONTEXT() REPRESENTATION_CONTEXT('2D SPACE',''
  ) );
#12751 = ADVANCED_FACE('',(#12752),#12512,.T.);
#12752 = FACE_BOUND('',#12753,.T.);
#12753 = EDGE_LOOP('',(#12754,#12785,#12811,#12812));
#12754 = ORIENTED_EDGE('',*,*,#12755,.F.);
#12755 = EDGE_CURVE('',#12756,#12758,#12760,.T.);
#12756 = VERTEX_POINT('',#12757);
#12757 = CARTESIAN_POINT('',(-25.9,8.014109501764E-15,-5.));
#12758 = VERTEX_POINT('',#12759);
#12759 = CARTESIAN_POINT('',(-25.9,8.626432901337E-15,5.));
#12760 = SURFACE_CURVE('',#12761,(#12766,#12773),.PCURVE_S1.);
#12761 = CIRCLE('',#12762,5.);
#12762 = AXIS2_PLACEMENT_3D('',#12763,#12764,#12765);
#12763 = CARTESIAN_POINT('',(-25.9,8.626432901337E-15,0.));
#12764 = DIRECTION('',(-1.,3.330669073875E-16,0.));
#12765 = DIRECTION('',(-3.330669073875E-16,-1.,0.));
#12766 = PCURVE('',#12512,#12767);
#12767 = DEFINITIONAL_REPRESENTATION('',(#12768),#12772);
#12768 = LINE('',#12769,#12770);
#12769 = CARTESIAN_POINT('',(7.853981633974,10.6));
#12770 = VECTOR('',#12771,1.);
#12771 = DIRECTION('',(-1.,0.));
#12772 = ( GEOMETRIC_REPRESENTATION_CONTEXT(2) 
PARAMETRIC_REPRESENTATION_CONTEXT() REPRESENTATION_CONTEXT('2D SPACE',''
  ) );
#12773 = PCURVE('',#12774,#12779);
#12774 = PLANE('',#12775);
#12775 = AXIS2_PLACEMENT_3D('',#12776,#12777,#12778);
#12776 = CARTESIAN_POINT('',(-25.9,8.626432901337E-15,0.));
#12777 = DIRECTION('',(-1.,3.330669073875E-16,0.));
#12778 = DIRECTION('',(-3.330669073875E-16,-1.,0.));
#12779 = DEFINITIONAL_REPRESENTATION('',(#12780),#12784);
#12780 = CIRCLE('',#12781,5.);
#12781 = AXIS2_PLACEMENT_2D('',#12782,#12783);
#12782 = CARTESIAN_POINT('',(0.,0.));
#12783 = DIRECTION('',(1.,0.));
#12784 = ( GEOMETRIC_REPRESENTATION_CONTEXT(2) 
PARAMETRIC_REPRESENTATION_CONTEXT() REPRESENTATION_CONTEXT('2D SPACE',''
  ) );
#12785 = ORIENTED_EDGE('',*,*,#12786,.T.);
#12786 = EDGE_CURVE('',#12756,#12491,#12787,.T.);
#12787 = SURFACE_CURVE('',#12788,(#12792,#12799),.PCURVE_S1.);
#12788 = LINE('',#12789,#12790);
#12789 = CARTESIAN_POINT('',(-36.5,1.154461872007E-14,-5.));
#12790 = VECTOR('',#12791,1.);
#12791 = DIRECTION('',(1.,-3.330669073875E-16,0.));
#12792 = PCURVE('',#12512,#12793);
#12793 = DEFINITIONAL_REPRESENTATION('',(#12794),#12798);
#12794 = LINE('',#12795,#12796);
#12795 = CARTESIAN_POINT('',(3.14159265359,0.));
#12796 = VECTOR('',#12797,1.);
#12797 = DIRECTION('',(0.,1.));
#12798 = ( GEOMETRIC_REPRESENTATION_CONTEXT(2) 
PARAMETRIC_REPRESENTATION_CONTEXT() REPRESENTATION_CONTEXT('2D SPACE',''
  ) );
#12799 = PCURVE('',#12800,#12805);
#12800 = CYLINDRICAL_SURFACE('',#12801,5.);
#12801 = AXIS2_PLACEMENT_3D('',#12802,#12803,#12804);
#12802 = CARTESIAN_POINT('',(-36.5,1.215694211965E-14,0.));
#12803 = DIRECTION('',(1.,-3.330669073875E-16,0.));
#12804 = DIRECTION('',(0.,0.,1.));
#12805 = DEFINITIONAL_REPRESENTATION('',(#12806),#12810);
#12806 = LINE('',#12807,#12808);
#12807 = CARTESIAN_POINT('',(3.14159265359,0.));
#12808 = VECTOR('',#12809,1.);
#12809 = DIRECTION('',(0.,1.));
#12810 = ( GEOMETRIC_REPRESENTATION_CONTEXT(2) 
PARAMETRIC_REPRESENTATION_CONTEXT() REPRESENTATION_CONTEXT('2D SPACE',''
  ) );
#12811 = ORIENTED_EDGE('',*,*,#12488,.F.);
#12812 = ORIENTED_EDGE('',*,*,#12813,.F.);
#12813 = EDGE_CURVE('',#12758,#12489,#12814,.T.);
#12814 = SURFACE_CURVE('',#12815,(#12819,#12826),.PCURVE_S1.);
#12815 = LINE('',#12816,#12817);
#12816 = CARTESIAN_POINT('',(-36.5,1.215694211965E-14,5.));
#12817 = VECTOR('',#12818,1.);
#12818 = DIRECTION('',(1.,-3.330669073875E-16,0.));
#12819 = PCURVE('',#12512,#12820);
#12820 = DEFINITIONAL_REPRESENTATION('',(#12821),#12825);
#12821 = LINE('',#12822,#12823);
#12822 = CARTESIAN_POINT('',(0.,0.));
#12823 = VECTOR('',#12824,1.);
#12824 = DIRECTION('',(0.,1.));
#12825 = ( GEOMETRIC_REPRESENTATION_CONTEXT(2) 
PARAMETRIC_REPRESENTATION_CONTEXT() REPRESENTATION_CONTEXT('2D SPACE',''
  ) );
#12826 = PCURVE('',#12800,#12827);
#12827 = DEFINITIONAL_REPRESENTATION('',(#12828),#12832);
#12828 = LINE('',#12829,#12830);
#12829 = CARTESIAN_POINT('',(6.28318530718,0.));
#12830 = VECTOR('',#12831,1.);
#12831 = DIRECTION('',(0.,1.));
#12832 = ( GEOMETRIC_REPRESENTATION_CONTEXT(2) 
PARAMETRIC_REPRESENTATION_CONTEXT() REPRESENTATION_CONTEXT('2D SPACE',''
  ) );
#12833 = ADVANCED_FACE('',(#12834),#12651,.T.);
#12834 = FACE_BOUND('',#12835,.T.);
#12835 = EDGE_LOOP('',(#12836,#12837,#12863,#12864,#12865));
#12836 = ORIENTED_EDGE('',*,*,#12685,.T.);
#12837 = ORIENTED_EDGE('',*,*,#12838,.T.);
#12838 = EDGE_CURVE('',#12635,#12839,#12841,.T.);
#12839 = VERTEX_POINT('',#12840);
#12840 = CARTESIAN_POINT('',(36.,-1.445014237821E-14,6.024610034942E-31)
  );
#12841 = SEAM_CURVE('',#12842,(#12849,#12856),.PCURVE_S1.);
#12842 = B_SPLINE_CURVE_WITH_KNOTS('',5,(#12843,#12844,#12845,#12846,
    #12847,#12848),.UNSPECIFIED.,.F.,.F.,(6,6),(1.216138227813,
    1.570796326795),.PIECEWISE_BEZIER_KNOTS.);
#12843 = CARTESIAN_POINT('',(33.5,-13.95,0.));
#12844 = CARTESIAN_POINT('',(34.489496096159,-11.27797041646,0.));
#12845 = CARTESIAN_POINT('',(35.242080429174,-8.518208129343,0.));
#12846 = CARTESIAN_POINT('',(35.747365460014,-5.698717657249,0.));
#12847 = CARTESIAN_POINT('',(36.,-2.84935863303,0.));
#12848 = CARTESIAN_POINT('',(36.,-1.376676550535E-14,0.));
#12849 = PCURVE('',#12651,#12850);
#12850 = DEFINITIONAL_REPRESENTATION('',(#12851),#12855);
#12851 = LINE('',#12852,#12853);
#12852 = CARTESIAN_POINT('',(6.28318530718,0.));
#12853 = VECTOR('',#12854,1.);
#12854 = DIRECTION('',(0.,1.));
#12855 = ( GEOMETRIC_REPRESENTATION_CONTEXT(2) 
PARAMETRIC_REPRESENTATION_CONTEXT() REPRESENTATION_CONTEXT('2D SPACE',''
  ) );
#12856 = PCURVE('',#12651,#12857);
#12857 = DEFINITIONAL_REPRESENTATION('',(#12858),#12862);
#12858 = LINE('',#12859,#12860);
#12859 = CARTESIAN_POINT('',(0.,0.));
#12860 = VECTOR('',#12861,1.);
#12861 = DIRECTION('',(0.,1.));
#12862 = ( GEOMETRIC_REPRESENTATION_CONTEXT(2) 
PARAMETRIC_REPRESENTATION_CONTEXT() REPRESENTATION_CONTEXT('2D SPACE',''
  ) );
#12863 = ORIENTED_EDGE('',*,*,#12838,.F.);
#12864 = ORIENTED_EDGE('',*,*,#12634,.T.);
#12865 = ORIENTED_EDGE('',*,*,#12866,.T.);
#12866 = EDGE_CURVE('',#12607,#12686,#12867,.T.);
#12867 = SURFACE_CURVE('',#12868,(#12873,#12880),.PCURVE_S1.);
#12868 = CIRCLE('',#12869,13.95);
#12869 = AXIS2_PLACEMENT_3D('',#12870,#12871,#12872);
#12870 = CARTESIAN_POINT('',(33.5,-1.115774139748E-14,0.));
#12871 = DIRECTION('',(1.,-3.330669073875E-16,0.));
#12872 = DIRECTION('',(3.330669073875E-16,1.,0.));
#12873 = PCURVE('',#12651,#12874);
#12874 = DEFINITIONAL_REPRESENTATION('',(#12875),#12879);
#12875 = LINE('',#12876,#12877);
#12876 = CARTESIAN_POINT('',(-3.14159265359,1.216138227813));
#12877 = VECTOR('',#12878,1.);
#12878 = DIRECTION('',(1.,0.));
#12879 = ( GEOMETRIC_REPRESENTATION_CONTEXT(2) 
PARAMETRIC_REPRESENTATION_CONTEXT() REPRESENTATION_CONTEXT('2D SPACE',''
  ) );
#12880 = PCURVE('',#12622,#12881);
#12881 = DEFINITIONAL_REPRESENTATION('',(#12882),#12886);
#12882 = LINE('',#12883,#12884);
#12883 = CARTESIAN_POINT('',(-1.570796326795,70.));
#12884 = VECTOR('',#12885,1.);
#12885 = DIRECTION('',(1.,0.));
#12886 = ( GEOMETRIC_REPRESENTATION_CONTEXT(2) 
PARAMETRIC_REPRESENTATION_CONTEXT() REPRESENTATION_CONTEXT('2D SPACE',''
  ) );
#12887 = ADVANCED_FACE('',(#12888),#12774,.T.);
#12888 = FACE_BOUND('',#12889,.T.);
#12889 = EDGE_LOOP('',(#12890,#12912));
#12890 = ORIENTED_EDGE('',*,*,#12891,.T.);
#12891 = EDGE_CURVE('',#12758,#12756,#12892,.T.);
#12892 = SURFACE_CURVE('',#12893,(#12898,#12905),.PCURVE_S1.);
#12893 = CIRCLE('',#12894,5.);
#12894 = AXIS2_PLACEMENT_3D('',#12895,#12896,#12897);
#12895 = CARTESIAN_POINT('',(-25.9,8.626432901337E-15,0.));
#12896 = DIRECTION('',(-1.,3.330669073875E-16,0.));
#12897 = DIRECTION('',(-3.330669073875E-16,-1.,0.));
#12898 = PCURVE('',#12774,#12899);
#12899 = DEFINITIONAL_REPRESENTATION('',(#12900),#12904);
#12900 = CIRCLE('',#12901,5.);
#12901 = AXIS2_PLACEMENT_2D('',#12902,#12903);
#12902 = CARTESIAN_POINT('',(0.,0.));
#12903 = DIRECTION('',(1.,0.));
#12904 = ( GEOMETRIC_REPRESENTATION_CONTEXT(2) 
PARAMETRIC_REPRESENTATION_CONTEXT() REPRESENTATION_CONTEXT('2D SPACE',''
  ) );
#12905 = PCURVE('',#12800,#12906);
#12906 = DEFINITIONAL_REPRESENTATION('',(#12907),#12911);
#12907 = LINE('',#12908,#12909);
#12908 = CARTESIAN_POINT('',(7.853981633974,10.6));
#12909 = VECTOR('',#12910,1.);
#12910 = DIRECTION('',(-1.,0.));
#12911 = ( GEOMETRIC_REPRESENTATION_CONTEXT(2) 
PARAMETRIC_REPRESENTATION_CONTEXT() REPRESENTATION_CONTEXT('2D SPACE',''
  ) );
#12912 = ORIENTED_EDGE('',*,*,#12755,.T.);
#12913 = ADVANCED_FACE('',(#12914),#12800,.T.);
#12914 = FACE_BOUND('',#12915,.T.);
#12915 = EDGE_LOOP('',(#12916,#12917,#12918,#12919));
#12916 = ORIENTED_EDGE('',*,*,#12786,.F.);
#12917 = ORIENTED_EDGE('',*,*,#12891,.F.);
#12918 = ORIENTED_EDGE('',*,*,#12813,.T.);
#12919 = ORIENTED_EDGE('',*,*,#12920,.F.);
#12920 = EDGE_CURVE('',#12491,#12489,#12921,.T.);
#12921 = SURFACE_CURVE('',#12922,(#12927,#12934),.PCURVE_S1.);
#12922 = CIRCLE('',#12923,5.);
#12923 = AXIS2_PLACEMENT_3D('',#12924,#12925,#12926);
#12924 = CARTESIAN_POINT('',(0.736444048631,-2.452851417414E-16,0.));
#12925 = DIRECTION('',(1.,-3.330669073875E-16,0.));
#12926 = DIRECTION('',(0.,0.,1.));
#12927 = PCURVE('',#12800,#12928);
#12928 = DEFINITIONAL_REPRESENTATION('',(#12929),#12933);
#12929 = LINE('',#12930,#12931);
#12930 = CARTESIAN_POINT('',(0.,37.236444048631));
#12931 = VECTOR('',#12932,1.);
#12932 = DIRECTION('',(1.,0.));
#12933 = ( GEOMETRIC_REPRESENTATION_CONTEXT(2) 
PARAMETRIC_REPRESENTATION_CONTEXT() REPRESENTATION_CONTEXT('2D SPACE',''
  ) );
#12934 = PCURVE('',#12540,#12935);
#12935 = DEFINITIONAL_REPRESENTATION('',(#12936),#12940);
#12936 = LINE('',#12937,#12938);
#12937 = CARTESIAN_POINT('',(0.,-27.08566412906));
#12938 = VECTOR('',#12939,1.);
#12939 = DIRECTION('',(1.,0.));
#12940 = ( GEOMETRIC_REPRESENTATION_CONTEXT(2) 
PARAMETRIC_REPRESENTATION_CONTEXT() REPRESENTATION_CONTEXT('2D SPACE',''
  ) );
#12941 = ADVANCED_FACE('',(#12942),#12622,.T.);
#12942 = FACE_BOUND('',#12943,.T.);
#12943 = EDGE_LOOP('',(#12944,#12945,#12967,#12968));
#12944 = ORIENTED_EDGE('',*,*,#12606,.F.);
#12945 = ORIENTED_EDGE('',*,*,#12946,.T.);
#12946 = EDGE_CURVE('',#12525,#12553,#12947,.T.);
#12947 = SURFACE_CURVE('',#12948,(#12953,#12960),.PCURVE_S1.);
#12948 = CIRCLE('',#12949,13.95);
#12949 = AXIS2_PLACEMENT_3D('',#12950,#12951,#12952);
#12950 = CARTESIAN_POINT('',(27.822108177691,-9.266623527745E-15,0.));
#12951 = DIRECTION('',(1.,-3.330669073875E-16,0.));
#12952 = DIRECTION('',(0.,0.,1.));
#12953 = PCURVE('',#12622,#12954);
#12954 = DEFINITIONAL_REPRESENTATION('',(#12955),#12959);
#12955 = LINE('',#12956,#12957);
#12956 = CARTESIAN_POINT('',(0.,64.322108177691));
#12957 = VECTOR('',#12958,1.);
#12958 = DIRECTION('',(1.,0.));
#12959 = ( GEOMETRIC_REPRESENTATION_CONTEXT(2) 
PARAMETRIC_REPRESENTATION_CONTEXT() REPRESENTATION_CONTEXT('2D SPACE',''
  ) );
#12960 = PCURVE('',#12540,#12961);
#12961 = DEFINITIONAL_REPRESENTATION('',(#12962),#12966);
#12962 = LINE('',#12963,#12964);
#12963 = CARTESIAN_POINT('',(0.,0.));
#12964 = VECTOR('',#12965,1.);
#12965 = DIRECTION('',(1.,0.));
#12966 = ( GEOMETRIC_REPRESENTATION_CONTEXT(2) 
PARAMETRIC_REPRESENTATION_CONTEXT() REPRESENTATION_CONTEXT('2D SPACE',''
  ) );
#12967 = ORIENTED_EDGE('',*,*,#12731,.T.);
#12968 = ORIENTED_EDGE('',*,*,#12866,.F.);
#12969 = ADVANCED_FACE('',(#12970),#12540,.T.);
#12970 = FACE_BOUND('',#12971,.T.);
#12971 = EDGE_LOOP('',(#12972,#12973,#12974,#12975));
#12972 = ORIENTED_EDGE('',*,*,#12524,.F.);
#12973 = ORIENTED_EDGE('',*,*,#12920,.T.);
#12974 = ORIENTED_EDGE('',*,*,#12581,.T.);
#12975 = ORIENTED_EDGE('',*,*,#12946,.F.);
#12976 = ( GEOMETRIC_REPRESENTATION_CONTEXT(3) 
GLOBAL_UNCERTAINTY_ASSIGNED_CONTEXT((#12980)) 
GLOBAL_UNIT_ASSIGNED_CONTEXT((#12977,#12978,#12979)) 
REPRESENTATION_CONTEXT('Context #1',
  '3D Context with UNIT and UNCERTAINTY') );
#12977 = ( LENGTH_UNIT() NAMED_UNIT(*) SI_UNIT(.MILLI.,.METRE.) );
#12978 = ( NAMED_UNIT(*) PLANE_ANGLE_UNIT() SI_UNIT($,.RADIAN.) );
#12979 = ( NAMED_UNIT(*) SI_UNIT($,.STERADIAN.) SOLID_ANGLE_UNIT() );
#12980 = UNCERTAINTY_MEASURE_WITH_UNIT(LENGTH_MEASURE(2.E-05),#12977,
  'distance_accuracy_value','confusion accuracy');
#12981 = PRODUCT_RELATED_PRODUCT_CATEGORY('part',$,(#7));
#12982 = MECHANICAL_DESIGN_GEOMETRIC_PRESENTATION_REPRESENTATION('',(
    #12983,#12993,#13002,#13011,#13020,#13030,#13039,#13048,#13057,
    #13066,#13075,#13084,#13093,#13102,#13111,#13120,#13129,#13138,
    #13147,#13156,#13165,#13174,#13183,#13192,#13201,#13210,#13219,
    #13228,#13237,#13246,#13255,#13264,#13273,#13282,#13291,#13300,
    #13309,#13318,#13327,#13336,#13345,#13354,#13363,#13372,#13381,
    #13390,#13399,#13408,#13417,#13426,#13435,#13444,#13453,#13462,
    #13471,#13480,#13489,#13498,#13507,#13516,#13525,#13534,#13543,
    #13552,#13561,#13570,#13579,#13588,#13597,#13606,#13615,#13624,
    #13633,#13642,#13651,#13660,#13669,#13678,#13687,#13696,#13705,
    #13714,#13723,#13732,#13741,#13750,#13759,#13768,#13777,#13786,
    #13795,#13804,#13813,#13822,#13831,#13840,#13849,#13858,#13867,
    #13876,#13885,#13894,#13903,#13912,#13921,#13930,#13939,#13948),
  #12976);
#12983 = STYLED_ITEM('color',(#12984),#17);
#12984 = PRESENTATION_STYLE_ASSIGNMENT((#12985,#12991));
#12985 = SURFACE_STYLE_USAGE(.BOTH.,#12986);
#12986 = SURFACE_SIDE_STYLE('',(#12987));
#12987 = SURFACE_STYLE_FILL_AREA(#12988);
#12988 = FILL_AREA_STYLE('',(#12989));
#12989 = FILL_AREA_STYLE_COLOUR('',#12990);
#12990 = COLOUR_RGB('',0.800000010877,0.901960770338,1.);
#12991 = CURVE_STYLE('',#12992,POSITIVE_LENGTH_MEASURE(0.1),#12990);
#12992 = DRAUGHTING_PRE_DEFINED_CURVE_FONT('continuous');
#12993 = STYLED_ITEM('color',(#12994),#134);
#12994 = PRESENTATION_STYLE_ASSIGNMENT((#12995,#13000));
#12995 = SURFACE_STYLE_USAGE(.BOTH.,#12996);
#12996 = SURFACE_SIDE_STYLE('',(#12997));
#12997 = SURFACE_STYLE_FILL_AREA(#12998);
#12998 = FILL_AREA_STYLE('',(#12999));
#12999 = FILL_AREA_STYLE_COLOUR('',#12990);
#13000 = CURVE_STYLE('',#13001,POSITIVE_LENGTH_MEASURE(0.1),#12990);
#13001 = DRAUGHTING_PRE_DEFINED_CURVE_FONT('continuous');
#13002 = STYLED_ITEM('color',(#13003),#183);
#13003 = PRESENTATION_STYLE_ASSIGNMENT((#13004,#13009));
#13004 = SURFACE_STYLE_USAGE(.BOTH.,#13005);
#13005 = SURFACE_SIDE_STYLE('',(#13006));
#13006 = SURFACE_STYLE_FILL_AREA(#13007);
#13007 = FILL_AREA_STYLE('',(#13008));
#13008 = FILL_AREA_STYLE_COLOUR('',#12990);
#13009 = CURVE_STYLE('',#13010,POSITIVE_LENGTH_MEASURE(0.1),#12990);
#13010 = DRAUGHTING_PRE_DEFINED_CURVE_FONT('continuous');
#13011 = STYLED_ITEM('color',(#13012),#188);
#13012 = PRESENTATION_STYLE_ASSIGNMENT((#13013,#13018));
#13013 = SURFACE_STYLE_USAGE(.BOTH.,#13014);
#13014 = SURFACE_SIDE_STYLE('',(#13015));
#13015 = SURFACE_STYLE_FILL_AREA(#13016);
#13016 = FILL_AREA_STYLE('',(#13017));
#13017 = FILL_AREA_STYLE_COLOUR('',#12990);
#13018 = CURVE_STYLE('',#13019,POSITIVE_LENGTH_MEASURE(0.1),#12990);
#13019 = DRAUGHTING_PRE_DEFINED_CURVE_FONT('continuous');
#13020 = STYLED_ITEM('color',(#13021),#195);
#13021 = PRESENTATION_STYLE_ASSIGNMENT((#13022,#13028));
#13022 = SURFACE_STYLE_USAGE(.BOTH.,#13023);
#13023 = SURFACE_SIDE_STYLE('',(#13024));
#13024 = SURFACE_STYLE_FILL_AREA(#13025);
#13025 = FILL_AREA_STYLE('',(#13026));
#13026 = FILL_AREA_STYLE_COLOUR('',#13027);
#13027 = COLOUR_RGB('',0.227450982423,0.227450982423,0.227450982423);
#13028 = CURVE_STYLE('',#13029,POSITIVE_LENGTH_MEASURE(0.1),#13027);
#13029 = DRAUGHTING_PRE_DEFINED_CURVE_FONT('continuous');
#13030 = STYLED_ITEM('color',(#13031),#341);
#13031 = PRESENTATION_STYLE_ASSIGNMENT((#13032,#13037));
#13032 = SURFACE_STYLE_USAGE(.BOTH.,#13033);
#13033 = SURFACE_SIDE_STYLE('',(#13034));
#13034 = SURFACE_STYLE_FILL_AREA(#13035);
#13035 = FILL_AREA_STYLE('',(#13036));
#13036 = FILL_AREA_STYLE_COLOUR('',#13027);
#13037 = CURVE_STYLE('',#13038,POSITIVE_LENGTH_MEASURE(0.1),#13027);
#13038 = DRAUGHTING_PRE_DEFINED_CURVE_FONT('continuous');
#13039 = STYLED_ITEM('color',(#13040),#453);
#13040 = PRESENTATION_STYLE_ASSIGNMENT((#13041,#13046));
#13041 = SURFACE_STYLE_USAGE(.BOTH.,#13042);
#13042 = SURFACE_SIDE_STYLE('',(#13043));
#13043 = SURFACE_STYLE_FILL_AREA(#13044);
#13044 = FILL_AREA_STYLE('',(#13045));
#13045 = FILL_AREA_STYLE_COLOUR('',#13027);
#13046 = CURVE_STYLE('',#13047,POSITIVE_LENGTH_MEASURE(0.1),#13027);
#13047 = DRAUGHTING_PRE_DEFINED_CURVE_FONT('continuous');
#13048 = STYLED_ITEM('color',(#13049),#565);
#13049 = PRESENTATION_STYLE_ASSIGNMENT((#13050,#13055));
#13050 = SURFACE_STYLE_USAGE(.BOTH.,#13051);
#13051 = SURFACE_SIDE_STYLE('',(#13052));
#13052 = SURFACE_STYLE_FILL_AREA(#13053);
#13053 = FILL_AREA_STYLE('',(#13054));
#13054 = FILL_AREA_STYLE_COLOUR('',#13027);
#13055 = CURVE_STYLE('',#13056,POSITIVE_LENGTH_MEASURE(0.1),#13027);
#13056 = DRAUGHTING_PRE_DEFINED_CURVE_FONT('continuous');
#13057 = STYLED_ITEM('color',(#13058),#651);
#13058 = PRESENTATION_STYLE_ASSIGNMENT((#13059,#13064));
#13059 = SURFACE_STYLE_USAGE(.BOTH.,#13060);
#13060 = SURFACE_SIDE_STYLE('',(#13061));
#13061 = SURFACE_STYLE_FILL_AREA(#13062);
#13062 = FILL_AREA_STYLE('',(#13063));
#13063 = FILL_AREA_STYLE_COLOUR('',#13027);
#13064 = CURVE_STYLE('',#13065,POSITIVE_LENGTH_MEASURE(0.1),#13027);
#13065 = DRAUGHTING_PRE_DEFINED_CURVE_FONT('continuous');
#13066 = STYLED_ITEM('color',(#13067),#763);
#13067 = PRESENTATION_STYLE_ASSIGNMENT((#13068,#13073));
#13068 = SURFACE_STYLE_USAGE(.BOTH.,#13069);
#13069 = SURFACE_SIDE_STYLE('',(#13070));
#13070 = SURFACE_STYLE_FILL_AREA(#13071);
#13071 = FILL_AREA_STYLE('',(#13072));
#13072 = FILL_AREA_STYLE_COLOUR('',#13027);
#13073 = CURVE_STYLE('',#13074,POSITIVE_LENGTH_MEASURE(0.1),#13027);
#13074 = DRAUGHTING_PRE_DEFINED_CURVE_FONT('continuous');
#13075 = STYLED_ITEM('color',(#13076),#845);
#13076 = PRESENTATION_STYLE_ASSIGNMENT((#13077,#13082));
#13077 = SURFACE_STYLE_USAGE(.BOTH.,#13078);
#13078 = SURFACE_SIDE_STYLE('',(#13079));
#13079 = SURFACE_STYLE_FILL_AREA(#13080);
#13080 = FILL_AREA_STYLE('',(#13081));
#13081 = FILL_AREA_STYLE_COLOUR('',#13027);
#13082 = CURVE_STYLE('',#13083,POSITIVE_LENGTH_MEASURE(0.1),#13027);
#13083 = DRAUGHTING_PRE_DEFINED_CURVE_FONT('continuous');
#13084 = STYLED_ITEM('color',(#13085),#927);
#13085 = PRESENTATION_STYLE_ASSIGNMENT((#13086,#13091));
#13086 = SURFACE_STYLE_USAGE(.BOTH.,#13087);
#13087 = SURFACE_SIDE_STYLE('',(#13088));
#13088 = SURFACE_STYLE_FILL_AREA(#13089);
#13089 = FILL_AREA_STYLE('',(#13090));
#13090 = FILL_AREA_STYLE_COLOUR('',#13027);
#13091 = CURVE_STYLE('',#13092,POSITIVE_LENGTH_MEASURE(0.1),#13027);
#13092 = DRAUGHTING_PRE_DEFINED_CURVE_FONT('continuous');
#13093 = STYLED_ITEM('color',(#13094),#1039);
#13094 = PRESENTATION_STYLE_ASSIGNMENT((#13095,#13100));
#13095 = SURFACE_STYLE_USAGE(.BOTH.,#13096);
#13096 = SURFACE_SIDE_STYLE('',(#13097));
#13097 = SURFACE_STYLE_FILL_AREA(#13098);
#13098 = FILL_AREA_STYLE('',(#13099));
#13099 = FILL_AREA_STYLE_COLOUR('',#13027);
#13100 = CURVE_STYLE('',#13101,POSITIVE_LENGTH_MEASURE(0.1),#13027);
#13101 = DRAUGHTING_PRE_DEFINED_CURVE_FONT('continuous');
#13102 = STYLED_ITEM('color',(#13103),#1121);
#13103 = PRESENTATION_STYLE_ASSIGNMENT((#13104,#13109));
#13104 = SURFACE_STYLE_USAGE(.BOTH.,#13105);
#13105 = SURFACE_SIDE_STYLE('',(#13106));
#13106 = SURFACE_STYLE_FILL_AREA(#13107);
#13107 = FILL_AREA_STYLE('',(#13108));
#13108 = FILL_AREA_STYLE_COLOUR('',#13027);
#13109 = CURVE_STYLE('',#13110,POSITIVE_LENGTH_MEASURE(0.1),#13027);
#13110 = DRAUGHTING_PRE_DEFINED_CURVE_FONT('continuous');
#13111 = STYLED_ITEM('color',(#13112),#1257);
#13112 = PRESENTATION_STYLE_ASSIGNMENT((#13113,#13118));
#13113 = SURFACE_STYLE_USAGE(.BOTH.,#13114);
#13114 = SURFACE_SIDE_STYLE('',(#13115));
#13115 = SURFACE_STYLE_FILL_AREA(#13116);
#13116 = FILL_AREA_STYLE('',(#13117));
#13117 = FILL_AREA_STYLE_COLOUR('',#13027);
#13118 = CURVE_STYLE('',#13119,POSITIVE_LENGTH_MEASURE(0.1),#13027);
#13119 = DRAUGHTING_PRE_DEFINED_CURVE_FONT('continuous');
#13120 = STYLED_ITEM('color',(#13121),#1369);
#13121 = PRESENTATION_STYLE_ASSIGNMENT((#13122,#13127));
#13122 = SURFACE_STYLE_USAGE(.BOTH.,#13123);
#13123 = SURFACE_SIDE_STYLE('',(#13124));
#13124 = SURFACE_STYLE_FILL_AREA(#13125);
#13125 = FILL_AREA_STYLE('',(#13126));
#13126 = FILL_AREA_STYLE_COLOUR('',#13027);
#13127 = CURVE_STYLE('',#13128,POSITIVE_LENGTH_MEASURE(0.1),#13027);
#13128 = DRAUGHTING_PRE_DEFINED_CURVE_FONT('continuous');
#13129 = STYLED_ITEM('color',(#13130),#2955);
#13130 = PRESENTATION_STYLE_ASSIGNMENT((#13131,#13136));
#13131 = SURFACE_STYLE_USAGE(.BOTH.,#13132);
#13132 = SURFACE_SIDE_STYLE('',(#13133));
#13133 = SURFACE_STYLE_FILL_AREA(#13134);
#13134 = FILL_AREA_STYLE('',(#13135));
#13135 = FILL_AREA_STYLE_COLOUR('',#13027);
#13136 = CURVE_STYLE('',#13137,POSITIVE_LENGTH_MEASURE(0.1),#13027);
#13137 = DRAUGHTING_PRE_DEFINED_CURVE_FONT('continuous');
#13138 = STYLED_ITEM('color',(#13139),#3159);
#13139 = PRESENTATION_STYLE_ASSIGNMENT((#13140,#13145));
#13140 = SURFACE_STYLE_USAGE(.BOTH.,#13141);
#13141 = SURFACE_SIDE_STYLE('',(#13142));
#13142 = SURFACE_STYLE_FILL_AREA(#13143);
#13143 = FILL_AREA_STYLE('',(#13144));
#13144 = FILL_AREA_STYLE_COLOUR('',#13027);
#13145 = CURVE_STYLE('',#13146,POSITIVE_LENGTH_MEASURE(0.1),#13027);
#13146 = DRAUGHTING_PRE_DEFINED_CURVE_FONT('continuous');
#13147 = STYLED_ITEM('color',(#13148),#3321);
#13148 = PRESENTATION_STYLE_ASSIGNMENT((#13149,#13154));
#13149 = SURFACE_STYLE_USAGE(.BOTH.,#13150);
#13150 = SURFACE_SIDE_STYLE('',(#13151));
#13151 = SURFACE_STYLE_FILL_AREA(#13152);
#13152 = FILL_AREA_STYLE('',(#13153));
#13153 = FILL_AREA_STYLE_COLOUR('',#13027);
#13154 = CURVE_STYLE('',#13155,POSITIVE_LENGTH_MEASURE(0.1),#13027);
#13155 = DRAUGHTING_PRE_DEFINED_CURVE_FONT('continuous');
#13156 = STYLED_ITEM('color',(#13157),#3431);
#13157 = PRESENTATION_STYLE_ASSIGNMENT((#13158,#13163));
#13158 = SURFACE_STYLE_USAGE(.BOTH.,#13159);
#13159 = SURFACE_SIDE_STYLE('',(#13160));
#13160 = SURFACE_STYLE_FILL_AREA(#13161);
#13161 = FILL_AREA_STYLE('',(#13162));
#13162 = FILL_AREA_STYLE_COLOUR('',#13027);
#13163 = CURVE_STYLE('',#13164,POSITIVE_LENGTH_MEASURE(0.1),#13027);
#13164 = DRAUGHTING_PRE_DEFINED_CURVE_FONT('continuous');
#13165 = STYLED_ITEM('color',(#13166),#3588);
#13166 = PRESENTATION_STYLE_ASSIGNMENT((#13167,#13172));
#13167 = SURFACE_STYLE_USAGE(.BOTH.,#13168);
#13168 = SURFACE_SIDE_STYLE('',(#13169));
#13169 = SURFACE_STYLE_FILL_AREA(#13170);
#13170 = FILL_AREA_STYLE('',(#13171));
#13171 = FILL_AREA_STYLE_COLOUR('',#13027);
#13172 = CURVE_STYLE('',#13173,POSITIVE_LENGTH_MEASURE(0.1),#13027);
#13173 = DRAUGHTING_PRE_DEFINED_CURVE_FONT('continuous');
#13174 = STYLED_ITEM('color',(#13175),#3745);
#13175 = PRESENTATION_STYLE_ASSIGNMENT((#13176,#13181));
#13176 = SURFACE_STYLE_USAGE(.BOTH.,#13177);
#13177 = SURFACE_SIDE_STYLE('',(#13178));
#13178 = SURFACE_STYLE_FILL_AREA(#13179);
#13179 = FILL_AREA_STYLE('',(#13180));
#13180 = FILL_AREA_STYLE_COLOUR('',#13027);
#13181 = CURVE_STYLE('',#13182,POSITIVE_LENGTH_MEASURE(0.1),#13027);
#13182 = DRAUGHTING_PRE_DEFINED_CURVE_FONT('continuous');
#13183 = STYLED_ITEM('color',(#13184),#3902);
#13184 = PRESENTATION_STYLE_ASSIGNMENT((#13185,#13190));
#13185 = SURFACE_STYLE_USAGE(.BOTH.,#13186);
#13186 = SURFACE_SIDE_STYLE('',(#13187));
#13187 = SURFACE_STYLE_FILL_AREA(#13188);
#13188 = FILL_AREA_STYLE('',(#13189));
#13189 = FILL_AREA_STYLE_COLOUR('',#13027);
#13190 = CURVE_STYLE('',#13191,POSITIVE_LENGTH_MEASURE(0.1),#13027);
#13191 = DRAUGHTING_PRE_DEFINED_CURVE_FONT('continuous');
#13192 = STYLED_ITEM('color',(#13193),#4059);
#13193 = PRESENTATION_STYLE_ASSIGNMENT((#13194,#13199));
#13194 = SURFACE_STYLE_USAGE(.BOTH.,#13195);
#13195 = SURFACE_SIDE_STYLE('',(#13196));
#13196 = SURFACE_STYLE_FILL_AREA(#13197);
#13197 = FILL_AREA_STYLE('',(#13198));
#13198 = FILL_AREA_STYLE_COLOUR('',#13027);
#13199 = CURVE_STYLE('',#13200,POSITIVE_LENGTH_MEASURE(0.1),#13027);
#13200 = DRAUGHTING_PRE_DEFINED_CURVE_FONT('continuous');
#13201 = STYLED_ITEM('color',(#13202),#4216);
#13202 = PRESENTATION_STYLE_ASSIGNMENT((#13203,#13208));
#13203 = SURFACE_STYLE_USAGE(.BOTH.,#13204);
#13204 = SURFACE_SIDE_STYLE('',(#13205));
#13205 = SURFACE_STYLE_FILL_AREA(#13206);
#13206 = FILL_AREA_STYLE('',(#13207));
#13207 = FILL_AREA_STYLE_COLOUR('',#13027);
#13208 = CURVE_STYLE('',#13209,POSITIVE_LENGTH_MEASURE(0.1),#13027);
#13209 = DRAUGHTING_PRE_DEFINED_CURVE_FONT('continuous');
#13210 = STYLED_ITEM('color',(#13211),#4373);
#13211 = PRESENTATION_STYLE_ASSIGNMENT((#13212,#13217));
#13212 = SURFACE_STYLE_USAGE(.BOTH.,#13213);
#13213 = SURFACE_SIDE_STYLE('',(#13214));
#13214 = SURFACE_STYLE_FILL_AREA(#13215);
#13215 = FILL_AREA_STYLE('',(#13216));
#13216 = FILL_AREA_STYLE_COLOUR('',#13027);
#13217 = CURVE_STYLE('',#13218,POSITIVE_LENGTH_MEASURE(0.1),#13027);
#13218 = DRAUGHTING_PRE_DEFINED_CURVE_FONT('continuous');
#13219 = STYLED_ITEM('color',(#13220),#4530);
#13220 = PRESENTATION_STYLE_ASSIGNMENT((#13221,#13226));
#13221 = SURFACE_STYLE_USAGE(.BOTH.,#13222);
#13222 = SURFACE_SIDE_STYLE('',(#13223));
#13223 = SURFACE_STYLE_FILL_AREA(#13224);
#13224 = FILL_AREA_STYLE('',(#13225));
#13225 = FILL_AREA_STYLE_COLOUR('',#13027);
#13226 = CURVE_STYLE('',#13227,POSITIVE_LENGTH_MEASURE(0.1),#13027);
#13227 = DRAUGHTING_PRE_DEFINED_CURVE_FONT('continuous');
#13228 = STYLED_ITEM('color',(#13229),#4687);
#13229 = PRESENTATION_STYLE_ASSIGNMENT((#13230,#13235));
#13230 = SURFACE_STYLE_USAGE(.BOTH.,#13231);
#13231 = SURFACE_SIDE_STYLE('',(#13232));
#13232 = SURFACE_STYLE_FILL_AREA(#13233);
#13233 = FILL_AREA_STYLE('',(#13234));
#13234 = FILL_AREA_STYLE_COLOUR('',#13027);
#13235 = CURVE_STYLE('',#13236,POSITIVE_LENGTH_MEASURE(0.1),#13027);
#13236 = DRAUGHTING_PRE_DEFINED_CURVE_FONT('continuous');
#13237 = STYLED_ITEM('color',(#13238),#4844);
#13238 = PRESENTATION_STYLE_ASSIGNMENT((#13239,#13244));
#13239 = SURFACE_STYLE_USAGE(.BOTH.,#13240);
#13240 = SURFACE_SIDE_STYLE('',(#13241));
#13241 = SURFACE_STYLE_FILL_AREA(#13242);
#13242 = FILL_AREA_STYLE('',(#13243));
#13243 = FILL_AREA_STYLE_COLOUR('',#13027);
#13244 = CURVE_STYLE('',#13245,POSITIVE_LENGTH_MEASURE(0.1),#13027);
#13245 = DRAUGHTING_PRE_DEFINED_CURVE_FONT('continuous');
#13246 = STYLED_ITEM('color',(#13247),#5001);
#13247 = PRESENTATION_STYLE_ASSIGNMENT((#13248,#13253));
#13248 = SURFACE_STYLE_USAGE(.BOTH.,#13249);
#13249 = SURFACE_SIDE_STYLE('',(#13250));
#13250 = SURFACE_STYLE_FILL_AREA(#13251);
#13251 = FILL_AREA_STYLE('',(#13252));
#13252 = FILL_AREA_STYLE_COLOUR('',#13027);
#13253 = CURVE_STYLE('',#13254,POSITIVE_LENGTH_MEASURE(0.1),#13027);
#13254 = DRAUGHTING_PRE_DEFINED_CURVE_FONT('continuous');
#13255 = STYLED_ITEM('color',(#13256),#5158);
#13256 = PRESENTATION_STYLE_ASSIGNMENT((#13257,#13262));
#13257 = SURFACE_STYLE_USAGE(.BOTH.,#13258);
#13258 = SURFACE_SIDE_STYLE('',(#13259));
#13259 = SURFACE_STYLE_FILL_AREA(#13260);
#13260 = FILL_AREA_STYLE('',(#13261));
#13261 = FILL_AREA_STYLE_COLOUR('',#13027);
#13262 = CURVE_STYLE('',#13263,POSITIVE_LENGTH_MEASURE(0.1),#13027);
#13263 = DRAUGHTING_PRE_DEFINED_CURVE_FONT('continuous');
#13264 = STYLED_ITEM('color',(#13265),#5315);
#13265 = PRESENTATION_STYLE_ASSIGNMENT((#13266,#13271));
#13266 = SURFACE_STYLE_USAGE(.BOTH.,#13267);
#13267 = SURFACE_SIDE_STYLE('',(#13268));
#13268 = SURFACE_STYLE_FILL_AREA(#13269);
#13269 = FILL_AREA_STYLE('',(#13270));
#13270 = FILL_AREA_STYLE_COLOUR('',#13027);
#13271 = CURVE_STYLE('',#13272,POSITIVE_LENGTH_MEASURE(0.1),#13027);
#13272 = DRAUGHTING_PRE_DEFINED_CURVE_FONT('continuous');
#13273 = STYLED_ITEM('color',(#13274),#5472);
#13274 = PRESENTATION_STYLE_ASSIGNMENT((#13275,#13280));
#13275 = SURFACE_STYLE_USAGE(.BOTH.,#13276);
#13276 = SURFACE_SIDE_STYLE('',(#13277));
#13277 = SURFACE_STYLE_FILL_AREA(#13278);
#13278 = FILL_AREA_STYLE('',(#13279));
#13279 = FILL_AREA_STYLE_COLOUR('',#13027);
#13280 = CURVE_STYLE('',#13281,POSITIVE_LENGTH_MEASURE(0.1),#13027);
#13281 = DRAUGHTING_PRE_DEFINED_CURVE_FONT('continuous');
#13282 = STYLED_ITEM('color',(#13283),#5629);
#13283 = PRESENTATION_STYLE_ASSIGNMENT((#13284,#13289));
#13284 = SURFACE_STYLE_USAGE(.BOTH.,#13285);
#13285 = SURFACE_SIDE_STYLE('',(#13286));
#13286 = SURFACE_STYLE_FILL_AREA(#13287);
#13287 = FILL_AREA_STYLE('',(#13288));
#13288 = FILL_AREA_STYLE_COLOUR('',#13027);
#13289 = CURVE_STYLE('',#13290,POSITIVE_LENGTH_MEASURE(0.1),#13027);
#13290 = DRAUGHTING_PRE_DEFINED_CURVE_FONT('continuous');
#13291 = STYLED_ITEM('color',(#13292),#5786);
#13292 = PRESENTATION_STYLE_ASSIGNMENT((#13293,#13298));
#13293 = SURFACE_STYLE_USAGE(.BOTH.,#13294);
#13294 = SURFACE_SIDE_STYLE('',(#13295));
#13295 = SURFACE_STYLE_FILL_AREA(#13296);
#13296 = FILL_AREA_STYLE('',(#13297));
#13297 = FILL_AREA_STYLE_COLOUR('',#13027);
#13298 = CURVE_STYLE('',#13299,POSITIVE_LENGTH_MEASURE(0.1),#13027);
#13299 = DRAUGHTING_PRE_DEFINED_CURVE_FONT('continuous');
#13300 = STYLED_ITEM('color',(#13301),#5943);
#13301 = PRESENTATION_STYLE_ASSIGNMENT((#13302,#13307));
#13302 = SURFACE_STYLE_USAGE(.BOTH.,#13303);
#13303 = SURFACE_SIDE_STYLE('',(#13304));
#13304 = SURFACE_STYLE_FILL_AREA(#13305);
#13305 = FILL_AREA_STYLE('',(#13306));
#13306 = FILL_AREA_STYLE_COLOUR('',#13027);
#13307 = CURVE_STYLE('',#13308,POSITIVE_LENGTH_MEASURE(0.1),#13027);
#13308 = DRAUGHTING_PRE_DEFINED_CURVE_FONT('continuous');
#13309 = STYLED_ITEM('color',(#13310),#6100);
#13310 = PRESENTATION_STYLE_ASSIGNMENT((#13311,#13316));
#13311 = SURFACE_STYLE_USAGE(.BOTH.,#13312);
#13312 = SURFACE_SIDE_STYLE('',(#13313));
#13313 = SURFACE_STYLE_FILL_AREA(#13314);
#13314 = FILL_AREA_STYLE('',(#13315));
#13315 = FILL_AREA_STYLE_COLOUR('',#13027);
#13316 = CURVE_STYLE('',#13317,POSITIVE_LENGTH_MEASURE(0.1),#13027);
#13317 = DRAUGHTING_PRE_DEFINED_CURVE_FONT('continuous');
#13318 = STYLED_ITEM('color',(#13319),#6257);
#13319 = PRESENTATION_STYLE_ASSIGNMENT((#13320,#13325));
#13320 = SURFACE_STYLE_USAGE(.BOTH.,#13321);
#13321 = SURFACE_SIDE_STYLE('',(#13322));
#13322 = SURFACE_STYLE_FILL_AREA(#13323);
#13323 = FILL_AREA_STYLE('',(#13324));
#13324 = FILL_AREA_STYLE_COLOUR('',#13027);
#13325 = CURVE_STYLE('',#13326,POSITIVE_LENGTH_MEASURE(0.1),#13027);
#13326 = DRAUGHTING_PRE_DEFINED_CURVE_FONT('continuous');
#13327 = STYLED_ITEM('color',(#13328),#6414);
#13328 = PRESENTATION_STYLE_ASSIGNMENT((#13329,#13334));
#13329 = SURFACE_STYLE_USAGE(.BOTH.,#13330);
#13330 = SURFACE_SIDE_STYLE('',(#13331));
#13331 = SURFACE_STYLE_FILL_AREA(#13332);
#13332 = FILL_AREA_STYLE('',(#13333));
#13333 = FILL_AREA_STYLE_COLOUR('',#13027);
#13334 = CURVE_STYLE('',#13335,POSITIVE_LENGTH_MEASURE(0.1),#13027);
#13335 = DRAUGHTING_PRE_DEFINED_CURVE_FONT('continuous');
#13336 = STYLED_ITEM('color',(#13337),#6566);
#13337 = PRESENTATION_STYLE_ASSIGNMENT((#13338,#13343));
#13338 = SURFACE_STYLE_USAGE(.BOTH.,#13339);
#13339 = SURFACE_SIDE_STYLE('',(#13340));
#13340 = SURFACE_STYLE_FILL_AREA(#13341);
#13341 = FILL_AREA_STYLE('',(#13342));
#13342 = FILL_AREA_STYLE_COLOUR('',#13027);
#13343 = CURVE_STYLE('',#13344,POSITIVE_LENGTH_MEASURE(0.1),#13027);
#13344 = DRAUGHTING_PRE_DEFINED_CURVE_FONT('continuous');
#13345 = STYLED_ITEM('color',(#13346),#6665);
#13346 = PRESENTATION_STYLE_ASSIGNMENT((#13347,#13352));
#13347 = SURFACE_STYLE_USAGE(.BOTH.,#13348);
#13348 = SURFACE_SIDE_STYLE('',(#13349));
#13349 = SURFACE_STYLE_FILL_AREA(#13350);
#13350 = FILL_AREA_STYLE('',(#13351));
#13351 = FILL_AREA_STYLE_COLOUR('',#13027);
#13352 = CURVE_STYLE('',#13353,POSITIVE_LENGTH_MEASURE(0.1),#13027);
#13353 = DRAUGHTING_PRE_DEFINED_CURVE_FONT('continuous');
#13354 = STYLED_ITEM('color',(#13355),#6764);
#13355 = PRESENTATION_STYLE_ASSIGNMENT((#13356,#13361));
#13356 = SURFACE_STYLE_USAGE(.BOTH.,#13357);
#13357 = SURFACE_SIDE_STYLE('',(#13358));
#13358 = SURFACE_STYLE_FILL_AREA(#13359);
#13359 = FILL_AREA_STYLE('',(#13360));
#13360 = FILL_AREA_STYLE_COLOUR('',#13027);
#13361 = CURVE_STYLE('',#13362,POSITIVE_LENGTH_MEASURE(0.1),#13027);
#13362 = DRAUGHTING_PRE_DEFINED_CURVE_FONT('continuous');
#13363 = STYLED_ITEM('color',(#13364),#6863);
#13364 = PRESENTATION_STYLE_ASSIGNMENT((#13365,#13370));
#13365 = SURFACE_STYLE_USAGE(.BOTH.,#13366);
#13366 = SURFACE_SIDE_STYLE('',(#13367));
#13367 = SURFACE_STYLE_FILL_AREA(#13368);
#13368 = FILL_AREA_STYLE('',(#13369));
#13369 = FILL_AREA_STYLE_COLOUR('',#13027);
#13370 = CURVE_STYLE('',#13371,POSITIVE_LENGTH_MEASURE(0.1),#13027);
#13371 = DRAUGHTING_PRE_DEFINED_CURVE_FONT('continuous');
#13372 = STYLED_ITEM('color',(#13373),#6962);
#13373 = PRESENTATION_STYLE_ASSIGNMENT((#13374,#13379));
#13374 = SURFACE_STYLE_USAGE(.BOTH.,#13375);
#13375 = SURFACE_SIDE_STYLE('',(#13376));
#13376 = SURFACE_STYLE_FILL_AREA(#13377);
#13377 = FILL_AREA_STYLE('',(#13378));
#13378 = FILL_AREA_STYLE_COLOUR('',#13027);
#13379 = CURVE_STYLE('',#13380,POSITIVE_LENGTH_MEASURE(0.1),#13027);
#13380 = DRAUGHTING_PRE_DEFINED_CURVE_FONT('continuous');
#13381 = STYLED_ITEM('color',(#13382),#7061);
#13382 = PRESENTATION_STYLE_ASSIGNMENT((#13383,#13388));
#13383 = SURFACE_STYLE_USAGE(.BOTH.,#13384);
#13384 = SURFACE_SIDE_STYLE('',(#13385));
#13385 = SURFACE_STYLE_FILL_AREA(#13386);
#13386 = FILL_AREA_STYLE('',(#13387));
#13387 = FILL_AREA_STYLE_COLOUR('',#13027);
#13388 = CURVE_STYLE('',#13389,POSITIVE_LENGTH_MEASURE(0.1),#13027);
#13389 = DRAUGHTING_PRE_DEFINED_CURVE_FONT('continuous');
#13390 = STYLED_ITEM('color',(#13391),#7160);
#13391 = PRESENTATION_STYLE_ASSIGNMENT((#13392,#13397));
#13392 = SURFACE_STYLE_USAGE(.BOTH.,#13393);
#13393 = SURFACE_SIDE_STYLE('',(#13394));
#13394 = SURFACE_STYLE_FILL_AREA(#13395);
#13395 = FILL_AREA_STYLE('',(#13396));
#13396 = FILL_AREA_STYLE_COLOUR('',#13027);
#13397 = CURVE_STYLE('',#13398,POSITIVE_LENGTH_MEASURE(0.1),#13027);
#13398 = DRAUGHTING_PRE_DEFINED_CURVE_FONT('continuous');
#13399 = STYLED_ITEM('color',(#13400),#7259);
#13400 = PRESENTATION_STYLE_ASSIGNMENT((#13401,#13406));
#13401 = SURFACE_STYLE_USAGE(.BOTH.,#13402);
#13402 = SURFACE_SIDE_STYLE('',(#13403));
#13403 = SURFACE_STYLE_FILL_AREA(#13404);
#13404 = FILL_AREA_STYLE('',(#13405));
#13405 = FILL_AREA_STYLE_COLOUR('',#13027);
#13406 = CURVE_STYLE('',#13407,POSITIVE_LENGTH_MEASURE(0.1),#13027);
#13407 = DRAUGHTING_PRE_DEFINED_CURVE_FONT('continuous');
#13408 = STYLED_ITEM('color',(#13409),#7358);
#13409 = PRESENTATION_STYLE_ASSIGNMENT((#13410,#13415));
#13410 = SURFACE_STYLE_USAGE(.BOTH.,#13411);
#13411 = SURFACE_SIDE_STYLE('',(#13412));
#13412 = SURFACE_STYLE_FILL_AREA(#13413);
#13413 = FILL_AREA_STYLE('',(#13414));
#13414 = FILL_AREA_STYLE_COLOUR('',#13027);
#13415 = CURVE_STYLE('',#13416,POSITIVE_LENGTH_MEASURE(0.1),#13027);
#13416 = DRAUGHTING_PRE_DEFINED_CURVE_FONT('continuous');
#13417 = STYLED_ITEM('color',(#13418),#7457);
#13418 = PRESENTATION_STYLE_ASSIGNMENT((#13419,#13424));
#13419 = SURFACE_STYLE_USAGE(.BOTH.,#13420);
#13420 = SURFACE_SIDE_STYLE('',(#13421));
#13421 = SURFACE_STYLE_FILL_AREA(#13422);
#13422 = FILL_AREA_STYLE('',(#13423));
#13423 = FILL_AREA_STYLE_COLOUR('',#13027);
#13424 = CURVE_STYLE('',#13425,POSITIVE_LENGTH_MEASURE(0.1),#13027);
#13425 = DRAUGHTING_PRE_DEFINED_CURVE_FONT('continuous');
#13426 = STYLED_ITEM('color',(#13427),#7556);
#13427 = PRESENTATION_STYLE_ASSIGNMENT((#13428,#13433));
#13428 = SURFACE_STYLE_USAGE(.BOTH.,#13429);
#13429 = SURFACE_SIDE_STYLE('',(#13430));
#13430 = SURFACE_STYLE_FILL_AREA(#13431);
#13431 = FILL_AREA_STYLE('',(#13432));
#13432 = FILL_AREA_STYLE_COLOUR('',#13027);
#13433 = CURVE_STYLE('',#13434,POSITIVE_LENGTH_MEASURE(0.1),#13027);
#13434 = DRAUGHTING_PRE_DEFINED_CURVE_FONT('continuous');
#13435 = STYLED_ITEM('color',(#13436),#7655);
#13436 = PRESENTATION_STYLE_ASSIGNMENT((#13437,#13442));
#13437 = SURFACE_STYLE_USAGE(.BOTH.,#13438);
#13438 = SURFACE_SIDE_STYLE('',(#13439));
#13439 = SURFACE_STYLE_FILL_AREA(#13440);
#13440 = FILL_AREA_STYLE('',(#13441));
#13441 = FILL_AREA_STYLE_COLOUR('',#13027);
#13442 = CURVE_STYLE('',#13443,POSITIVE_LENGTH_MEASURE(0.1),#13027);
#13443 = DRAUGHTING_PRE_DEFINED_CURVE_FONT('continuous');
#13444 = STYLED_ITEM('color',(#13445),#7754);
#13445 = PRESENTATION_STYLE_ASSIGNMENT((#13446,#13451));
#13446 = SURFACE_STYLE_USAGE(.BOTH.,#13447);
#13447 = SURFACE_SIDE_STYLE('',(#13448));
#13448 = SURFACE_STYLE_FILL_AREA(#13449);
#13449 = FILL_AREA_STYLE('',(#13450));
#13450 = FILL_AREA_STYLE_COLOUR('',#13027);
#13451 = CURVE_STYLE('',#13452,POSITIVE_LENGTH_MEASURE(0.1),#13027);
#13452 = DRAUGHTING_PRE_DEFINED_CURVE_FONT('continuous');
#13453 = STYLED_ITEM('color',(#13454),#7853);
#13454 = PRESENTATION_STYLE_ASSIGNMENT((#13455,#13460));
#13455 = SURFACE_STYLE_USAGE(.BOTH.,#13456);
#13456 = SURFACE_SIDE_STYLE('',(#13457));
#13457 = SURFACE_STYLE_FILL_AREA(#13458);
#13458 = FILL_AREA_STYLE('',(#13459));
#13459 = FILL_AREA_STYLE_COLOUR('',#13027);
#13460 = CURVE_STYLE('',#13461,POSITIVE_LENGTH_MEASURE(0.1),#13027);
#13461 = DRAUGHTING_PRE_DEFINED_CURVE_FONT('continuous');
#13462 = STYLED_ITEM('color',(#13463),#7952);
#13463 = PRESENTATION_STYLE_ASSIGNMENT((#13464,#13469));
#13464 = SURFACE_STYLE_USAGE(.BOTH.,#13465);
#13465 = SURFACE_SIDE_STYLE('',(#13466));
#13466 = SURFACE_STYLE_FILL_AREA(#13467);
#13467 = FILL_AREA_STYLE('',(#13468));
#13468 = FILL_AREA_STYLE_COLOUR('',#13027);
#13469 = CURVE_STYLE('',#13470,POSITIVE_LENGTH_MEASURE(0.1),#13027);
#13470 = DRAUGHTING_PRE_DEFINED_CURVE_FONT('continuous');
#13471 = STYLED_ITEM('color',(#13472),#8051);
#13472 = PRESENTATION_STYLE_ASSIGNMENT((#13473,#13478));
#13473 = SURFACE_STYLE_USAGE(.BOTH.,#13474);
#13474 = SURFACE_SIDE_STYLE('',(#13475));
#13475 = SURFACE_STYLE_FILL_AREA(#13476);
#13476 = FILL_AREA_STYLE('',(#13477));
#13477 = FILL_AREA_STYLE_COLOUR('',#13027);
#13478 = CURVE_STYLE('',#13479,POSITIVE_LENGTH_MEASURE(0.1),#13027);
#13479 = DRAUGHTING_PRE_DEFINED_CURVE_FONT('continuous');
#13480 = STYLED_ITEM('color',(#13481),#8150);
#13481 = PRESENTATION_STYLE_ASSIGNMENT((#13482,#13487));
#13482 = SURFACE_STYLE_USAGE(.BOTH.,#13483);
#13483 = SURFACE_SIDE_STYLE('',(#13484));
#13484 = SURFACE_STYLE_FILL_AREA(#13485);
#13485 = FILL_AREA_STYLE('',(#13486));
#13486 = FILL_AREA_STYLE_COLOUR('',#13027);
#13487 = CURVE_STYLE('',#13488,POSITIVE_LENGTH_MEASURE(0.1),#13027);
#13488 = DRAUGHTING_PRE_DEFINED_CURVE_FONT('continuous');
#13489 = STYLED_ITEM('color',(#13490),#8249);
#13490 = PRESENTATION_STYLE_ASSIGNMENT((#13491,#13496));
#13491 = SURFACE_STYLE_USAGE(.BOTH.,#13492);
#13492 = SURFACE_SIDE_STYLE('',(#13493));
#13493 = SURFACE_STYLE_FILL_AREA(#13494);
#13494 = FILL_AREA_STYLE('',(#13495));
#13495 = FILL_AREA_STYLE_COLOUR('',#13027);
#13496 = CURVE_STYLE('',#13497,POSITIVE_LENGTH_MEASURE(0.1),#13027);
#13497 = DRAUGHTING_PRE_DEFINED_CURVE_FONT('continuous');
#13498 = STYLED_ITEM('color',(#13499),#8348);
#13499 = PRESENTATION_STYLE_ASSIGNMENT((#13500,#13505));
#13500 = SURFACE_STYLE_USAGE(.BOTH.,#13501);
#13501 = SURFACE_SIDE_STYLE('',(#13502));
#13502 = SURFACE_STYLE_FILL_AREA(#13503);
#13503 = FILL_AREA_STYLE('',(#13504));
#13504 = FILL_AREA_STYLE_COLOUR('',#13027);
#13505 = CURVE_STYLE('',#13506,POSITIVE_LENGTH_MEASURE(0.1),#13027);
#13506 = DRAUGHTING_PRE_DEFINED_CURVE_FONT('continuous');
#13507 = STYLED_ITEM('color',(#13508),#8447);
#13508 = PRESENTATION_STYLE_ASSIGNMENT((#13509,#13514));
#13509 = SURFACE_STYLE_USAGE(.BOTH.,#13510);
#13510 = SURFACE_SIDE_STYLE('',(#13511));
#13511 = SURFACE_STYLE_FILL_AREA(#13512);
#13512 = FILL_AREA_STYLE('',(#13513));
#13513 = FILL_AREA_STYLE_COLOUR('',#13027);
#13514 = CURVE_STYLE('',#13515,POSITIVE_LENGTH_MEASURE(0.1),#13027);
#13515 = DRAUGHTING_PRE_DEFINED_CURVE_FONT('continuous');
#13516 = STYLED_ITEM('color',(#13517),#8546);
#13517 = PRESENTATION_STYLE_ASSIGNMENT((#13518,#13523));
#13518 = SURFACE_STYLE_USAGE(.BOTH.,#13519);
#13519 = SURFACE_SIDE_STYLE('',(#13520));
#13520 = SURFACE_STYLE_FILL_AREA(#13521);
#13521 = FILL_AREA_STYLE('',(#13522));
#13522 = FILL_AREA_STYLE_COLOUR('',#13027);
#13523 = CURVE_STYLE('',#13524,POSITIVE_LENGTH_MEASURE(0.1),#13027);
#13524 = DRAUGHTING_PRE_DEFINED_CURVE_FONT('continuous');
#13525 = STYLED_ITEM('color',(#13526),#8645);
#13526 = PRESENTATION_STYLE_ASSIGNMENT((#13527,#13532));
#13527 = SURFACE_STYLE_USAGE(.BOTH.,#13528);
#13528 = SURFACE_SIDE_STYLE('',(#13529));
#13529 = SURFACE_STYLE_FILL_AREA(#13530);
#13530 = FILL_AREA_STYLE('',(#13531));
#13531 = FILL_AREA_STYLE_COLOUR('',#13027);
#13532 = CURVE_STYLE('',#13533,POSITIVE_LENGTH_MEASURE(0.1),#13027);
#13533 = DRAUGHTING_PRE_DEFINED_CURVE_FONT('continuous');
#13534 = STYLED_ITEM('color',(#13535),#9708);
#13535 = PRESENTATION_STYLE_ASSIGNMENT((#13536,#13541));
#13536 = SURFACE_STYLE_USAGE(.BOTH.,#13537);
#13537 = SURFACE_SIDE_STYLE('',(#13538));
#13538 = SURFACE_STYLE_FILL_AREA(#13539);
#13539 = FILL_AREA_STYLE('',(#13540));
#13540 = FILL_AREA_STYLE_COLOUR('',#13027);
#13541 = CURVE_STYLE('',#13542,POSITIVE_LENGTH_MEASURE(0.1),#13027);
#13542 = DRAUGHTING_PRE_DEFINED_CURVE_FONT('continuous');
#13543 = STYLED_ITEM('color',(#13544),#9820);
#13544 = PRESENTATION_STYLE_ASSIGNMENT((#13545,#13550));
#13545 = SURFACE_STYLE_USAGE(.BOTH.,#13546);
#13546 = SURFACE_SIDE_STYLE('',(#13547));
#13547 = SURFACE_STYLE_FILL_AREA(#13548);
#13548 = FILL_AREA_STYLE('',(#13549));
#13549 = FILL_AREA_STYLE_COLOUR('',#13027);
#13550 = CURVE_STYLE('',#13551,POSITIVE_LENGTH_MEASURE(0.1),#13027);
#13551 = DRAUGHTING_PRE_DEFINED_CURVE_FONT('continuous');
#13552 = STYLED_ITEM('color',(#13553),#9932);
#13553 = PRESENTATION_STYLE_ASSIGNMENT((#13554,#13559));
#13554 = SURFACE_STYLE_USAGE(.BOTH.,#13555);
#13555 = SURFACE_SIDE_STYLE('',(#13556));
#13556 = SURFACE_STYLE_FILL_AREA(#13557);
#13557 = FILL_AREA_STYLE('',(#13558));
#13558 = FILL_AREA_STYLE_COLOUR('',#13027);
#13559 = CURVE_STYLE('',#13560,POSITIVE_LENGTH_MEASURE(0.1),#13027);
#13560 = DRAUGHTING_PRE_DEFINED_CURVE_FONT('continuous');
#13561 = STYLED_ITEM('color',(#13562),#10014);
#13562 = PRESENTATION_STYLE_ASSIGNMENT((#13563,#13568));
#13563 = SURFACE_STYLE_USAGE(.BOTH.,#13564);
#13564 = SURFACE_SIDE_STYLE('',(#13565));
#13565 = SURFACE_STYLE_FILL_AREA(#13566);
#13566 = FILL_AREA_STYLE('',(#13567));
#13567 = FILL_AREA_STYLE_COLOUR('',#13027);
#13568 = CURVE_STYLE('',#13569,POSITIVE_LENGTH_MEASURE(0.1),#13027);
#13569 = DRAUGHTING_PRE_DEFINED_CURVE_FONT('continuous');
#13570 = STYLED_ITEM('color',(#13571),#10126);
#13571 = PRESENTATION_STYLE_ASSIGNMENT((#13572,#13577));
#13572 = SURFACE_STYLE_USAGE(.BOTH.,#13573);
#13573 = SURFACE_SIDE_STYLE('',(#13574));
#13574 = SURFACE_STYLE_FILL_AREA(#13575);
#13575 = FILL_AREA_STYLE('',(#13576));
#13576 = FILL_AREA_STYLE_COLOUR('',#13027);
#13577 = CURVE_STYLE('',#13578,POSITIVE_LENGTH_MEASURE(0.1),#13027);
#13578 = DRAUGHTING_PRE_DEFINED_CURVE_FONT('continuous');
#13579 = STYLED_ITEM('color',(#13580),#10203);
#13580 = PRESENTATION_STYLE_ASSIGNMENT((#13581,#13586));
#13581 = SURFACE_STYLE_USAGE(.BOTH.,#13582);
#13582 = SURFACE_SIDE_STYLE('',(#13583));
#13583 = SURFACE_STYLE_FILL_AREA(#13584);
#13584 = FILL_AREA_STYLE('',(#13585));
#13585 = FILL_AREA_STYLE_COLOUR('',#13027);
#13586 = CURVE_STYLE('',#13587,POSITIVE_LENGTH_MEASURE(0.1),#13027);
#13587 = DRAUGHTING_PRE_DEFINED_CURVE_FONT('continuous');
#13588 = STYLED_ITEM('color',(#13589),#10298);
#13589 = PRESENTATION_STYLE_ASSIGNMENT((#13590,#13595));
#13590 = SURFACE_STYLE_USAGE(.BOTH.,#13591);
#13591 = SURFACE_SIDE_STYLE('',(#13592));
#13592 = SURFACE_STYLE_FILL_AREA(#13593);
#13593 = FILL_AREA_STYLE('',(#13594));
#13594 = FILL_AREA_STYLE_COLOUR('',#13027);
#13595 = CURVE_STYLE('',#13596,POSITIVE_LENGTH_MEASURE(0.1),#13027);
#13596 = DRAUGHTING_PRE_DEFINED_CURVE_FONT('continuous');
#13597 = STYLED_ITEM('color',(#13598),#10349);
#13598 = PRESENTATION_STYLE_ASSIGNMENT((#13599,#13604));
#13599 = SURFACE_STYLE_USAGE(.BOTH.,#13600);
#13600 = SURFACE_SIDE_STYLE('',(#13601));
#13601 = SURFACE_STYLE_FILL_AREA(#13602);
#13602 = FILL_AREA_STYLE('',(#13603));
#13603 = FILL_AREA_STYLE_COLOUR('',#13027);
#13604 = CURVE_STYLE('',#13605,POSITIVE_LENGTH_MEASURE(0.1),#13027);
#13605 = DRAUGHTING_PRE_DEFINED_CURVE_FONT('continuous');
#13606 = STYLED_ITEM('color',(#13607),#10378);
#13607 = PRESENTATION_STYLE_ASSIGNMENT((#13608,#13613));
#13608 = SURFACE_STYLE_USAGE(.BOTH.,#13609);
#13609 = SURFACE_SIDE_STYLE('',(#13610));
#13610 = SURFACE_STYLE_FILL_AREA(#13611);
#13611 = FILL_AREA_STYLE('',(#13612));
#13612 = FILL_AREA_STYLE_COLOUR('',#13027);
#13613 = CURVE_STYLE('',#13614,POSITIVE_LENGTH_MEASURE(0.1),#13027);
#13614 = DRAUGHTING_PRE_DEFINED_CURVE_FONT('continuous');
#13615 = STYLED_ITEM('color',(#13616),#10408);
#13616 = PRESENTATION_STYLE_ASSIGNMENT((#13617,#13622));
#13617 = SURFACE_STYLE_USAGE(.BOTH.,#13618);
#13618 = SURFACE_SIDE_STYLE('',(#13619));
#13619 = SURFACE_STYLE_FILL_AREA(#13620);
#13620 = FILL_AREA_STYLE('',(#13621));
#13621 = FILL_AREA_STYLE_COLOUR('',#13027);
#13622 = CURVE_STYLE('',#13623,POSITIVE_LENGTH_MEASURE(0.1),#13027);
#13623 = DRAUGHTING_PRE_DEFINED_CURVE_FONT('continuous');
#13624 = STYLED_ITEM('color',(#13625),#10436);
#13625 = PRESENTATION_STYLE_ASSIGNMENT((#13626,#13631));
#13626 = SURFACE_STYLE_USAGE(.BOTH.,#13627);
#13627 = SURFACE_SIDE_STYLE('',(#13628));
#13628 = SURFACE_STYLE_FILL_AREA(#13629);
#13629 = FILL_AREA_STYLE('',(#13630));
#13630 = FILL_AREA_STYLE_COLOUR('',#13027);
#13631 = CURVE_STYLE('',#13632,POSITIVE_LENGTH_MEASURE(0.1),#13027);
#13632 = DRAUGHTING_PRE_DEFINED_CURVE_FONT('continuous');
#13633 = STYLED_ITEM('color',(#13634),#10466);
#13634 = PRESENTATION_STYLE_ASSIGNMENT((#13635,#13640));
#13635 = SURFACE_STYLE_USAGE(.BOTH.,#13636);
#13636 = SURFACE_SIDE_STYLE('',(#13637));
#13637 = SURFACE_STYLE_FILL_AREA(#13638);
#13638 = FILL_AREA_STYLE('',(#13639));
#13639 = FILL_AREA_STYLE_COLOUR('',#13027);
#13640 = CURVE_STYLE('',#13641,POSITIVE_LENGTH_MEASURE(0.1),#13027);
#13641 = DRAUGHTING_PRE_DEFINED_CURVE_FONT('continuous');
#13642 = STYLED_ITEM('color',(#13643),#10494);
#13643 = PRESENTATION_STYLE_ASSIGNMENT((#13644,#13649));
#13644 = SURFACE_STYLE_USAGE(.BOTH.,#13645);
#13645 = SURFACE_SIDE_STYLE('',(#13646));
#13646 = SURFACE_STYLE_FILL_AREA(#13647);
#13647 = FILL_AREA_STYLE('',(#13648));
#13648 = FILL_AREA_STYLE_COLOUR('',#13027);
#13649 = CURVE_STYLE('',#13650,POSITIVE_LENGTH_MEASURE(0.1),#13027);
#13650 = DRAUGHTING_PRE_DEFINED_CURVE_FONT('continuous');
#13651 = STYLED_ITEM('color',(#13652),#10526);
#13652 = PRESENTATION_STYLE_ASSIGNMENT((#13653,#13658));
#13653 = SURFACE_STYLE_USAGE(.BOTH.,#13654);
#13654 = SURFACE_SIDE_STYLE('',(#13655));
#13655 = SURFACE_STYLE_FILL_AREA(#13656);
#13656 = FILL_AREA_STYLE('',(#13657));
#13657 = FILL_AREA_STYLE_COLOUR('',#13027);
#13658 = CURVE_STYLE('',#13659,POSITIVE_LENGTH_MEASURE(0.1),#13027);
#13659 = DRAUGHTING_PRE_DEFINED_CURVE_FONT('continuous');
#13660 = STYLED_ITEM('color',(#13661),#10556);
#13661 = PRESENTATION_STYLE_ASSIGNMENT((#13662,#13667));
#13662 = SURFACE_STYLE_USAGE(.BOTH.,#13663);
#13663 = SURFACE_SIDE_STYLE('',(#13664));
#13664 = SURFACE_STYLE_FILL_AREA(#13665);
#13665 = FILL_AREA_STYLE('',(#13666));
#13666 = FILL_AREA_STYLE_COLOUR('',#13027);
#13667 = CURVE_STYLE('',#13668,POSITIVE_LENGTH_MEASURE(0.1),#13027);
#13668 = DRAUGHTING_PRE_DEFINED_CURVE_FONT('continuous');
#13669 = STYLED_ITEM('color',(#13670),#10584);
#13670 = PRESENTATION_STYLE_ASSIGNMENT((#13671,#13676));
#13671 = SURFACE_STYLE_USAGE(.BOTH.,#13672);
#13672 = SURFACE_SIDE_STYLE('',(#13673));
#13673 = SURFACE_STYLE_FILL_AREA(#13674);
#13674 = FILL_AREA_STYLE('',(#13675));
#13675 = FILL_AREA_STYLE_COLOUR('',#13027);
#13676 = CURVE_STYLE('',#13677,POSITIVE_LENGTH_MEASURE(0.1),#13027);
#13677 = DRAUGHTING_PRE_DEFINED_CURVE_FONT('continuous');
#13678 = STYLED_ITEM('color',(#13679),#10612);
#13679 = PRESENTATION_STYLE_ASSIGNMENT((#13680,#13685));
#13680 = SURFACE_STYLE_USAGE(.BOTH.,#13681);
#13681 = SURFACE_SIDE_STYLE('',(#13682));
#13682 = SURFACE_STYLE_FILL_AREA(#13683);
#13683 = FILL_AREA_STYLE('',(#13684));
#13684 = FILL_AREA_STYLE_COLOUR('',#13027);
#13685 = CURVE_STYLE('',#13686,POSITIVE_LENGTH_MEASURE(0.1),#13027);
#13686 = DRAUGHTING_PRE_DEFINED_CURVE_FONT('continuous');
#13687 = STYLED_ITEM('color',(#13688),#10640);
#13688 = PRESENTATION_STYLE_ASSIGNMENT((#13689,#13694));
#13689 = SURFACE_STYLE_USAGE(.BOTH.,#13690);
#13690 = SURFACE_SIDE_STYLE('',(#13691));
#13691 = SURFACE_STYLE_FILL_AREA(#13692);
#13692 = FILL_AREA_STYLE('',(#13693));
#13693 = FILL_AREA_STYLE_COLOUR('',#13027);
#13694 = CURVE_STYLE('',#13695,POSITIVE_LENGTH_MEASURE(0.1),#13027);
#13695 = DRAUGHTING_PRE_DEFINED_CURVE_FONT('continuous');
#13696 = STYLED_ITEM('color',(#13697),#10670);
#13697 = PRESENTATION_STYLE_ASSIGNMENT((#13698,#13703));
#13698 = SURFACE_STYLE_USAGE(.BOTH.,#13699);
#13699 = SURFACE_SIDE_STYLE('',(#13700));
#13700 = SURFACE_STYLE_FILL_AREA(#13701);
#13701 = FILL_AREA_STYLE('',(#13702));
#13702 = FILL_AREA_STYLE_COLOUR('',#13027);
#13703 = CURVE_STYLE('',#13704,POSITIVE_LENGTH_MEASURE(0.1),#13027);
#13704 = DRAUGHTING_PRE_DEFINED_CURVE_FONT('continuous');
#13705 = STYLED_ITEM('color',(#13706),#10698);
#13706 = PRESENTATION_STYLE_ASSIGNMENT((#13707,#13712));
#13707 = SURFACE_STYLE_USAGE(.BOTH.,#13708);
#13708 = SURFACE_SIDE_STYLE('',(#13709));
#13709 = SURFACE_STYLE_FILL_AREA(#13710);
#13710 = FILL_AREA_STYLE('',(#13711));
#13711 = FILL_AREA_STYLE_COLOUR('',#13027);
#13712 = CURVE_STYLE('',#13713,POSITIVE_LENGTH_MEASURE(0.1),#13027);
#13713 = DRAUGHTING_PRE_DEFINED_CURVE_FONT('continuous');
#13714 = STYLED_ITEM('color',(#13715),#10726);
#13715 = PRESENTATION_STYLE_ASSIGNMENT((#13716,#13721));
#13716 = SURFACE_STYLE_USAGE(.BOTH.,#13717);
#13717 = SURFACE_SIDE_STYLE('',(#13718));
#13718 = SURFACE_STYLE_FILL_AREA(#13719);
#13719 = FILL_AREA_STYLE('',(#13720));
#13720 = FILL_AREA_STYLE_COLOUR('',#13027);
#13721 = CURVE_STYLE('',#13722,POSITIVE_LENGTH_MEASURE(0.1),#13027);
#13722 = DRAUGHTING_PRE_DEFINED_CURVE_FONT('continuous');
#13723 = STYLED_ITEM('color',(#13724),#10756);
#13724 = PRESENTATION_STYLE_ASSIGNMENT((#13725,#13730));
#13725 = SURFACE_STYLE_USAGE(.BOTH.,#13726);
#13726 = SURFACE_SIDE_STYLE('',(#13727));
#13727 = SURFACE_STYLE_FILL_AREA(#13728);
#13728 = FILL_AREA_STYLE('',(#13729));
#13729 = FILL_AREA_STYLE_COLOUR('',#13027);
#13730 = CURVE_STYLE('',#13731,POSITIVE_LENGTH_MEASURE(0.1),#13027);
#13731 = DRAUGHTING_PRE_DEFINED_CURVE_FONT('continuous');
#13732 = STYLED_ITEM('color',(#13733),#10785);
#13733 = PRESENTATION_STYLE_ASSIGNMENT((#13734,#13739));
#13734 = SURFACE_STYLE_USAGE(.BOTH.,#13735);
#13735 = SURFACE_SIDE_STYLE('',(#13736));
#13736 = SURFACE_STYLE_FILL_AREA(#13737);
#13737 = FILL_AREA_STYLE('',(#13738));
#13738 = FILL_AREA_STYLE_COLOUR('',#13027);
#13739 = CURVE_STYLE('',#13740,POSITIVE_LENGTH_MEASURE(0.1),#13027);
#13740 = DRAUGHTING_PRE_DEFINED_CURVE_FONT('continuous');
#13741 = STYLED_ITEM('color',(#13742),#10815);
#13742 = PRESENTATION_STYLE_ASSIGNMENT((#13743,#13748));
#13743 = SURFACE_STYLE_USAGE(.BOTH.,#13744);
#13744 = SURFACE_SIDE_STYLE('',(#13745));
#13745 = SURFACE_STYLE_FILL_AREA(#13746);
#13746 = FILL_AREA_STYLE('',(#13747));
#13747 = FILL_AREA_STYLE_COLOUR('',#13027);
#13748 = CURVE_STYLE('',#13749,POSITIVE_LENGTH_MEASURE(0.1),#13027);
#13749 = DRAUGHTING_PRE_DEFINED_CURVE_FONT('continuous');
#13750 = STYLED_ITEM('color',(#13751),#10843);
#13751 = PRESENTATION_STYLE_ASSIGNMENT((#13752,#13757));
#13752 = SURFACE_STYLE_USAGE(.BOTH.,#13753);
#13753 = SURFACE_SIDE_STYLE('',(#13754));
#13754 = SURFACE_STYLE_FILL_AREA(#13755);
#13755 = FILL_AREA_STYLE('',(#13756));
#13756 = FILL_AREA_STYLE_COLOUR('',#13027);
#13757 = CURVE_STYLE('',#13758,POSITIVE_LENGTH_MEASURE(0.1),#13027);
#13758 = DRAUGHTING_PRE_DEFINED_CURVE_FONT('continuous');
#13759 = STYLED_ITEM('color',(#13760),#11049);
#13760 = PRESENTATION_STYLE_ASSIGNMENT((#13761,#13766));
#13761 = SURFACE_STYLE_USAGE(.BOTH.,#13762);
#13762 = SURFACE_SIDE_STYLE('',(#13763));
#13763 = SURFACE_STYLE_FILL_AREA(#13764);
#13764 = FILL_AREA_STYLE('',(#13765));
#13765 = FILL_AREA_STYLE_COLOUR('',#13027);
#13766 = CURVE_STYLE('',#13767,POSITIVE_LENGTH_MEASURE(0.1),#13027);
#13767 = DRAUGHTING_PRE_DEFINED_CURVE_FONT('continuous');
#13768 = STYLED_ITEM('color',(#13769),#11149);
#13769 = PRESENTATION_STYLE_ASSIGNMENT((#13770,#13775));
#13770 = SURFACE_STYLE_USAGE(.BOTH.,#13771);
#13771 = SURFACE_SIDE_STYLE('',(#13772));
#13772 = SURFACE_STYLE_FILL_AREA(#13773);
#13773 = FILL_AREA_STYLE('',(#13774));
#13774 = FILL_AREA_STYLE_COLOUR('',#13027);
#13775 = CURVE_STYLE('',#13776,POSITIVE_LENGTH_MEASURE(0.1),#13027);
#13776 = DRAUGHTING_PRE_DEFINED_CURVE_FONT('continuous');
#13777 = STYLED_ITEM('color',(#13778),#11536);
#13778 = PRESENTATION_STYLE_ASSIGNMENT((#13779,#13784));
#13779 = SURFACE_STYLE_USAGE(.BOTH.,#13780);
#13780 = SURFACE_SIDE_STYLE('',(#13781));
#13781 = SURFACE_STYLE_FILL_AREA(#13782);
#13782 = FILL_AREA_STYLE('',(#13783));
#13783 = FILL_AREA_STYLE_COLOUR('',#13027);
#13784 = CURVE_STYLE('',#13785,POSITIVE_LENGTH_MEASURE(0.1),#13027);
#13785 = DRAUGHTING_PRE_DEFINED_CURVE_FONT('continuous');
#13786 = STYLED_ITEM('color',(#13787),#11901);
#13787 = PRESENTATION_STYLE_ASSIGNMENT((#13788,#13793));
#13788 = SURFACE_STYLE_USAGE(.BOTH.,#13789);
#13789 = SURFACE_SIDE_STYLE('',(#13790));
#13790 = SURFACE_STYLE_FILL_AREA(#13791);
#13791 = FILL_AREA_STYLE('',(#13792));
#13792 = FILL_AREA_STYLE_COLOUR('',#13027);
#13793 = CURVE_STYLE('',#13794,POSITIVE_LENGTH_MEASURE(0.1),#13027);
#13794 = DRAUGHTING_PRE_DEFINED_CURVE_FONT('continuous');
#13795 = STYLED_ITEM('color',(#13796),#12233);
#13796 = PRESENTATION_STYLE_ASSIGNMENT((#13797,#13802));
#13797 = SURFACE_STYLE_USAGE(.BOTH.,#13798);
#13798 = SURFACE_SIDE_STYLE('',(#13799));
#13799 = SURFACE_STYLE_FILL_AREA(#13800);
#13800 = FILL_AREA_STYLE('',(#13801));
#13801 = FILL_AREA_STYLE_COLOUR('',#13027);
#13802 = CURVE_STYLE('',#13803,POSITIVE_LENGTH_MEASURE(0.1),#13027);
#13803 = DRAUGHTING_PRE_DEFINED_CURVE_FONT('continuous');
#13804 = STYLED_ITEM('color',(#13805),#12240);
#13805 = PRESENTATION_STYLE_ASSIGNMENT((#13806,#13811));
#13806 = SURFACE_STYLE_USAGE(.BOTH.,#13807);
#13807 = SURFACE_SIDE_STYLE('',(#13808));
#13808 = SURFACE_STYLE_FILL_AREA(#13809);
#13809 = FILL_AREA_STYLE('',(#13810));
#13810 = FILL_AREA_STYLE_COLOUR('',#13027);
#13811 = CURVE_STYLE('',#13812,POSITIVE_LENGTH_MEASURE(0.1),#13027);
#13812 = DRAUGHTING_PRE_DEFINED_CURVE_FONT('continuous');
#13813 = STYLED_ITEM('color',(#13814),#12273);
#13814 = PRESENTATION_STYLE_ASSIGNMENT((#13815,#13820));
#13815 = SURFACE_STYLE_USAGE(.BOTH.,#13816);
#13816 = SURFACE_SIDE_STYLE('',(#13817));
#13817 = SURFACE_STYLE_FILL_AREA(#13818);
#13818 = FILL_AREA_STYLE('',(#13819));
#13819 = FILL_AREA_STYLE_COLOUR('',#13027);
#13820 = CURVE_STYLE('',#13821,POSITIVE_LENGTH_MEASURE(0.1),#13027);
#13821 = DRAUGHTING_PRE_DEFINED_CURVE_FONT('continuous');
#13822 = STYLED_ITEM('color',(#13823),#12303);
#13823 = PRESENTATION_STYLE_ASSIGNMENT((#13824,#13829));
#13824 = SURFACE_STYLE_USAGE(.BOTH.,#13825);
#13825 = SURFACE_SIDE_STYLE('',(#13826));
#13826 = SURFACE_STYLE_FILL_AREA(#13827);
#13827 = FILL_AREA_STYLE('',(#13828));
#13828 = FILL_AREA_STYLE_COLOUR('',#13027);
#13829 = CURVE_STYLE('',#13830,POSITIVE_LENGTH_MEASURE(0.1),#13027);
#13830 = DRAUGHTING_PRE_DEFINED_CURVE_FONT('continuous');
#13831 = STYLED_ITEM('color',(#13832),#12331);
#13832 = PRESENTATION_STYLE_ASSIGNMENT((#13833,#13838));
#13833 = SURFACE_STYLE_USAGE(.BOTH.,#13834);
#13834 = SURFACE_SIDE_STYLE('',(#13835));
#13835 = SURFACE_STYLE_FILL_AREA(#13836);
#13836 = FILL_AREA_STYLE('',(#13837));
#13837 = FILL_AREA_STYLE_COLOUR('',#13027);
#13838 = CURVE_STYLE('',#13839,POSITIVE_LENGTH_MEASURE(0.1),#13027);
#13839 = DRAUGHTING_PRE_DEFINED_CURVE_FONT('continuous');
#13840 = STYLED_ITEM('color',(#13841),#12361);
#13841 = PRESENTATION_STYLE_ASSIGNMENT((#13842,#13847));
#13842 = SURFACE_STYLE_USAGE(.BOTH.,#13843);
#13843 = SURFACE_SIDE_STYLE('',(#13844));
#13844 = SURFACE_STYLE_FILL_AREA(#13845);
#13845 = FILL_AREA_STYLE('',(#13846));
#13846 = FILL_AREA_STYLE_COLOUR('',#13027);
#13847 = CURVE_STYLE('',#13848,POSITIVE_LENGTH_MEASURE(0.1),#13027);
#13848 = DRAUGHTING_PRE_DEFINED_CURVE_FONT('continuous');
#13849 = STYLED_ITEM('color',(#13850),#12389);
#13850 = PRESENTATION_STYLE_ASSIGNMENT((#13851,#13856));
#13851 = SURFACE_STYLE_USAGE(.BOTH.,#13852);
#13852 = SURFACE_SIDE_STYLE('',(#13853));
#13853 = SURFACE_STYLE_FILL_AREA(#13854);
#13854 = FILL_AREA_STYLE('',(#13855));
#13855 = FILL_AREA_STYLE_COLOUR('',#13027);
#13856 = CURVE_STYLE('',#13857,POSITIVE_LENGTH_MEASURE(0.1),#13027);
#13857 = DRAUGHTING_PRE_DEFINED_CURVE_FONT('continuous');
#13858 = STYLED_ITEM('color',(#13859),#12417);
#13859 = PRESENTATION_STYLE_ASSIGNMENT((#13860,#13865));
#13860 = SURFACE_STYLE_USAGE(.BOTH.,#13861);
#13861 = SURFACE_SIDE_STYLE('',(#13862));
#13862 = SURFACE_STYLE_FILL_AREA(#13863);
#13863 = FILL_AREA_STYLE('',(#13864));
#13864 = FILL_AREA_STYLE_COLOUR('',#13027);
#13865 = CURVE_STYLE('',#13866,POSITIVE_LENGTH_MEASURE(0.1),#13027);
#13866 = DRAUGHTING_PRE_DEFINED_CURVE_FONT('continuous');
#13867 = STYLED_ITEM('color',(#13868),#12447);
#13868 = PRESENTATION_STYLE_ASSIGNMENT((#13869,#13874));
#13869 = SURFACE_STYLE_USAGE(.BOTH.,#13870);
#13870 = SURFACE_SIDE_STYLE('',(#13871));
#13871 = SURFACE_STYLE_FILL_AREA(#13872);
#13872 = FILL_AREA_STYLE('',(#13873));
#13873 = FILL_AREA_STYLE_COLOUR('',#13027);
#13874 = CURVE_STYLE('',#13875,POSITIVE_LENGTH_MEASURE(0.1),#13027);
#13875 = DRAUGHTING_PRE_DEFINED_CURVE_FONT('continuous');
#13876 = STYLED_ITEM('color',(#13877),#12475);
#13877 = PRESENTATION_STYLE_ASSIGNMENT((#13878,#13883));
#13878 = SURFACE_STYLE_USAGE(.BOTH.,#13879);
#13879 = SURFACE_SIDE_STYLE('',(#13880));
#13880 = SURFACE_STYLE_FILL_AREA(#13881);
#13881 = FILL_AREA_STYLE('',(#13882));
#13882 = FILL_AREA_STYLE_COLOUR('',#13027);
#13883 = CURVE_STYLE('',#13884,POSITIVE_LENGTH_MEASURE(0.1),#13027);
#13884 = DRAUGHTING_PRE_DEFINED_CURVE_FONT('continuous');
#13885 = STYLED_ITEM('color',(#13886),#12484);
#13886 = PRESENTATION_STYLE_ASSIGNMENT((#13887,#13892));
#13887 = SURFACE_STYLE_USAGE(.BOTH.,#13888);
#13888 = SURFACE_SIDE_STYLE('',(#13889));
#13889 = SURFACE_STYLE_FILL_AREA(#13890);
#13890 = FILL_AREA_STYLE('',(#13891));
#13891 = FILL_AREA_STYLE_COLOUR('',#12990);
#13892 = CURVE_STYLE('',#13893,POSITIVE_LENGTH_MEASURE(0.1),#12990);
#13893 = DRAUGHTING_PRE_DEFINED_CURVE_FONT('continuous');
#13894 = STYLED_ITEM('color',(#13895),#12601);
#13895 = PRESENTATION_STYLE_ASSIGNMENT((#13896,#13901));
#13896 = SURFACE_STYLE_USAGE(.BOTH.,#13897);
#13897 = SURFACE_SIDE_STYLE('',(#13898));
#13898 = SURFACE_STYLE_FILL_AREA(#13899);
#13899 = FILL_AREA_STYLE('',(#13900));
#13900 = FILL_AREA_STYLE_COLOUR('',#12990);
#13901 = CURVE_STYLE('',#13902,POSITIVE_LENGTH_MEASURE(0.1),#12990);
#13902 = DRAUGHTING_PRE_DEFINED_CURVE_FONT('continuous');
#13903 = STYLED_ITEM('color',(#13904),#12751);
#13904 = PRESENTATION_STYLE_ASSIGNMENT((#13905,#13910));
#13905 = SURFACE_STYLE_USAGE(.BOTH.,#13906);
#13906 = SURFACE_SIDE_STYLE('',(#13907));
#13907 = SURFACE_STYLE_FILL_AREA(#13908);
#13908 = FILL_AREA_STYLE('',(#13909));
#13909 = FILL_AREA_STYLE_COLOUR('',#12990);
#13910 = CURVE_STYLE('',#13911,POSITIVE_LENGTH_MEASURE(0.1),#12990);
#13911 = DRAUGHTING_PRE_DEFINED_CURVE_FONT('continuous');
#13912 = STYLED_ITEM('color',(#13913),#12833);
#13913 = PRESENTATION_STYLE_ASSIGNMENT((#13914,#13919));
#13914 = SURFACE_STYLE_USAGE(.BOTH.,#13915);
#13915 = SURFACE_SIDE_STYLE('',(#13916));
#13916 = SURFACE_STYLE_FILL_AREA(#13917);
#13917 = FILL_AREA_STYLE('',(#13918));
#13918 = FILL_AREA_STYLE_COLOUR('',#12990);
#13919 = CURVE_STYLE('',#13920,POSITIVE_LENGTH_MEASURE(0.1),#12990);
#13920 = DRAUGHTING_PRE_DEFINED_CURVE_FONT('continuous');
#13921 = STYLED_ITEM('color',(#13922),#12887);
#13922 = PRESENTATION_STYLE_ASSIGNMENT((#13923,#13928));
#13923 = SURFACE_STYLE_USAGE(.BOTH.,#13924);
#13924 = SURFACE_SIDE_STYLE('',(#13925));
#13925 = SURFACE_STYLE_FILL_AREA(#13926);
#13926 = FILL_AREA_STYLE('',(#13927));
#13927 = FILL_AREA_STYLE_COLOUR('',#12990);
#13928 = CURVE_STYLE('',#13929,POSITIVE_LENGTH_MEASURE(0.1),#12990);
#13929 = DRAUGHTING_PRE_DEFINED_CURVE_FONT('continuous');
#13930 = STYLED_ITEM('color',(#13931),#12913);
#13931 = PRESENTATION_STYLE_ASSIGNMENT((#13932,#13937));
#13932 = SURFACE_STYLE_USAGE(.BOTH.,#13933);
#13933 = SURFACE_SIDE_STYLE('',(#13934));
#13934 = SURFACE_STYLE_FILL_AREA(#13935);
#13935 = FILL_AREA_STYLE('',(#13936));
#13936 = FILL_AREA_STYLE_COLOUR('',#12990);
#13937 = CURVE_STYLE('',#13938,POSITIVE_LENGTH_MEASURE(0.1),#12990);
#13938 = DRAUGHTING_PRE_DEFINED_CURVE_FONT('continuous');
#13939 = STYLED_ITEM('color',(#13940),#12941);
#13940 = PRESENTATION_STYLE_ASSIGNMENT((#13941,#13946));
#13941 = SURFACE_STYLE_USAGE(.BOTH.,#13942);
#13942 = SURFACE_SIDE_STYLE('',(#13943));
#13943 = SURFACE_STYLE_FILL_AREA(#13944);
#13944 = FILL_AREA_STYLE('',(#13945));
#13945 = FILL_AREA_STYLE_COLOUR('',#12990);
#13946 = CURVE_STYLE('',#13947,POSITIVE_LENGTH_MEASURE(0.1),#12990);
#13947 = DRAUGHTING_PRE_DEFINED_CURVE_FONT('continuous');
#13948 = STYLED_ITEM('color',(#13949),#12969);
#13949 = PRESENTATION_STYLE_ASSIGNMENT((#13950,#13955));
#13950 = SURFACE_STYLE_USAGE(.BOTH.,#13951);
#13951 = SURFACE_SIDE_STYLE('',(#13952));
#13952 = SURFACE_STYLE_FILL_AREA(#13953);
#13953 = FILL_AREA_STYLE('',(#13954));
#13954 = FILL_AREA_STYLE_COLOUR('',#12990);
#13955 = CURVE_STYLE('',#13956,POSITIVE_LENGTH_MEASURE(0.1),#12990);
#13956 = DRAUGHTING_PRE_DEFINED_CURVE_FONT('continuous');
ENDSEC;
END-ISO-10303-21;
